RSP_Raw,RSP_Clean,RSP_Rate,RSP_Peaks,RSP_Troughs
0.7789306640625,-0.12434894089533209,16.9589795622554,0,0
0.777587890625,-0.12520723973196024,16.9589795622554,0,0
0.777435302734375,-0.1260658805578447,16.9589795622554,0,0
0.777557373046875,-0.12691979819483348,16.9589795622554,0,0
0.775299072265625,-0.12776437909260918,16.9589795622554,0,0
0.774932861328125,-0.12859553630751677,16.9589795622554,0,0
0.77484130859375,-0.1294101036036267,16.9589795622554,0,0
0.775146484375,-0.13020597399618722,16.9589795622554,0,0
0.774932861328125,-0.13098166503225694,16.9589795622554,0,0
0.772735595703125,-0.13173580647743383,16.9589795622554,0,0
0.772613525390625,-0.13246718218937736,16.9589795622554,0,0
0.772491455078125,-0.13317519106015652,16.9589795622554,0,0
0.7724609375,-0.13386002802731062,16.9589795622554,0,0
0.772552490234375,-0.1345223826653424,16.9589795622554,0,0
0.7728271484375,-0.1351629178866466,16.9589795622554,0,0
0.772613525390625,-0.13578167520896783,16.9589795622554,0,0
0.772491455078125,-0.13637752141673756,16.9589795622554,0,0
0.770263671875,-0.13694790918610358,16.9589795622554,0,0
0.770263671875,-0.1374892224381525,16.9589795622554,0,0
0.770172119140625,-0.13799744884289125,16.9589795622554,0,0
0.770416259765625,-0.13846851459529064,16.9589795622554,0,0
0.769989013671875,-0.13889814180341836,16.9589795622554,0,0
0.770050048828125,-0.13928162544779316,16.9589795622554,0,0
0.77001953125,-0.1396137292435015,16.9589795622554,0,0
0.77032470703125,-0.1398885970351394,16.9589795622554,0,0
0.77020263671875,-0.14009960426950363,16.9589795622554,0,0
0.7701416015625,-0.1402392435184217,16.9589795622554,0,0
0.77008056640625,-0.14029916844468837,16.9589795622554,0,0
0.770294189453125,-0.14027038000674194,16.9589795622554,0,0
0.77001953125,-0.14014347779568556,16.9589795622554,0,0
0.770111083984375,-0.13990900928782748,16.9589795622554,0,0
0.7706298828125,-0.13955793176790401,16.9589795622554,0,0
0.772430419921875,-0.13908193953515505,16.9589795622554,0,0
0.77288818359375,-0.1384733815891484,16.9589795622554,0,0
0.773529052734375,-0.13772498491202717,16.9589795622554,0,0
0.774932861328125,-0.1368298100322678,16.9589795622554,0,0
0.775726318359375,-0.13578141353998222,16.9589795622554,0,0
0.77734375,-0.13457400903909592,16.9589795622554,0,0
0.779449462890625,-0.1332025586155638,16.9589795622554,0,0
0.780548095703125,-0.13166273770730666,16.9589795622554,0,0
0.78271484375,-0.12995089563641582,16.9589795622554,0,0
0.78485107421875,-0.12806414233256455,16.9589795622554,0,0
0.7874755859375,-0.1260003968452691,16.9589795622554,0,0
0.789794921875,-0.12375828937503268,16.9589795622554,0,0
0.79241943359375,-0.12133705167463475,16.9589795622554,0,0
0.795196533203125,-0.11873650936178146,16.9589795622554,0,0
0.798370361328125,-0.11595712926267818,16.9589795622554,0,0
0.801513671875,-0.1130000262125699,16.9589795622554,0,0
0.8052978515625,-0.10986689685282806,16.9589795622554,0,0
0.80859375,-0.1065598929489604,16.9589795622554,0,0
0.81268310546875,-0.10308148267213166,16.9589795622554,0,0
0.81640625,-0.09943433866982691,16.9589795622554,0,0
0.820159912109375,-0.09562127990770784,16.9589795622554,0,0
0.82452392578125,-0.09164532346322736,16.9589795622554,0,0
0.828887939453125,-0.08750978809316437,16.9589795622554,0,0
0.833740234375,-0.08321829992115073,16.9589795622554,0,0
0.83856201171875,-0.07877465982397125,16.9589795622554,0,0
0.843719482421875,-0.0741826163929748,16.9589795622554,0,0
0.8486328125,-0.0694456066357767,16.9589795622554,0,0
0.853485107421875,-0.0645665745617953,16.9589795622554,0,0
0.85858154296875,-0.05954797565931348,16.9589795622554,0,0
0.86395263671875,-0.05439193412662861,16.9589795622554,0,0
0.869049072265625,-0.04910043331909619,16.9589795622554,0,0
0.874237060546875,-0.04367555452243707,16.9589795622554,0,0
0.880157470703125,-0.038119817898892835,16.9589795622554,0,0
0.8857421875,-0.032436508247006446,16.9589795622554,0,0
0.89178466796875,-0.026629885953234456,16.9589795622554,0,0
0.89801025390625,-0.020705321845659222,16.9589795622554,0,0
0.90411376953125,-0.014669370948204044,16.9589795622554,0,0
0.9105224609375,-0.008529803541642456,16.9589795622554,0,0
0.917633056640625,-0.0022955878770439253,16.9589795622554,0,0
0.92401123046875,0.004023275784881153,16.9589795622554,0,0
0.931243896484375,0.010416052714853269,16.9589795622554,0,0
0.938232421875,0.01687161371763013,16.9589795622554,0,0
0.944976806640625,0.02337881348340104,16.9589795622554,0,0
0.952178955078125,0.02992684660458647,16.9589795622554,0,0
0.959564208984375,0.036505573034364136,16.9589795622554,0,0
0.966339111328125,0.04310591602711092,16.9589795622554,0,0
0.973419189453125,0.04972026152746853,16.9589795622554,0,0
0.980255126953125,0.0563427161075267,16.9589795622554,0,0
0.986907958984375,0.06296922495928103,16.9589795622554,0,0
0.99383544921875,0.06959757713320805,16.9589795622554,0,0
1.000823974609375,0.07622735522982564,16.9589795622554,0,0
1.007598876953125,0.08285993025365175,16.9589795622554,0,0
1.0142822265625,0.08949847481724793,16.9589795622554,0,0
1.020965576171875,0.09614788371271556,16.9589795622554,0,0
1.027618408203125,0.1028145800740081,16.9589795622554,0,0
1.03411865234375,0.10950624056211196,16.9589795622554,0,0
1.04107666015625,0.11623146458651792,16.9589795622554,0,0
1.0479736328125,0.12299946589474259,16.9589795622554,0,0
1.055023193359375,0.12981987280008575,16.9589795622554,0,0
1.0618896484375,0.13670260612625657,16.9589795622554,0,0
1.068878173828125,0.1436577326294661,16.9589795622554,0,0
1.075836181640625,0.150695236924268,16.9589795622554,0,0
1.0828857421875,0.15782471648968807,16.9589795622554,0,0
1.09033203125,0.16505504564739168,16.9589795622554,0,0
1.097625732421875,0.17239408000726517,16.9589795622554,0,0
1.105010986328125,0.17984840758339365,16.9589795622554,0,0
1.11273193359375,0.18742308327178947,16.9589795622554,0,0
1.120269775390625,0.19512134187496988,16.9589795622554,0,0
1.128265380859375,0.20294431863560966,16.9589795622554,0,0
1.1358642578125,0.21089076057603456,16.9589795622554,0,0
1.143768310546875,0.21895667576728026,16.9589795622554,0,0
1.151580810546875,0.22713487296921983,16.9589795622554,0,0
1.159820556640625,0.2354144251073127,16.9589795622554,0,0
1.167510986328125,0.24378011687546575,16.9589795622554,0,0
1.1842041015625,0.2522124786734106,16.9589795622554,0,0
1.19232177734375,0.26068965234780256,16.9589795622554,0,0
1.200347900390625,0.26919051669619226,16.9589795622554,0,0
1.208770751953125,0.27769656651789065,16.9589795622554,0,0
1.217498779296875,0.28619196827505966,16.9589795622554,0,0
1.225830078125,0.2946631737768649,16.9589795622554,0,0
1.23406982421875,0.3030986630349403,16.9589795622554,0,0
1.242706298828125,0.31148865563805433,16.9589795622554,0,0
1.25103759765625,0.31982481894103726,16.9589795622554,0,0
1.259246826171875,0.32810004711180746,16.9589795622554,0,0
1.267364501953125,0.3363082328473164,16.9589795622554,0,0
1.275482177734375,0.34444396578658,16.9589795622554,0,0
1.283935546875,0.3525022341321106,16.9589795622554,0,0
1.292083740234375,0.3604782529678399,16.9589795622554,0,0
1.300048828125,0.36836742349738755,16.9589795622554,0,0
1.30767822265625,0.3761652741980521,16.9589795622554,0,0
1.31561279296875,0.3838672802597756,16.9589795622554,0,0
1.323028564453125,0.39146861728734084,16.9589795622554,0,0
1.330352783203125,0.3989638918403917,16.9589795622554,0,0
1.337921142578125,0.40634681894472896,16.9589795622554,0,0
1.345550537109375,0.4136099336804286,16.9589795622554,0,0
1.352630615234375,0.4207444613515149,16.9589795622554,0,0
1.3603515625,0.42774031228239734,16.9589795622554,0,0
1.367218017578125,0.43458615254245386,16.9589795622554,0,0
1.374237060546875,0.44126952829571764,16.9589795622554,0,0
1.3809814453125,0.44777696587305044,16.9589795622554,0,0
1.387237548828125,0.4540940120642383,16.9589795622554,0,0
1.39434814453125,0.4602052647789042,16.9589795622554,0,0
1.400238037109375,0.46609450918514994,16.9589795622554,0,0
1.40606689453125,0.47174495001387856,16.9589795622554,0,0
1.4117431640625,0.47713935378655503,16.9589795622554,0,0
1.417510986328125,0.4822601115198116,16.9589795622554,0,0
1.4227294921875,0.4870894176688206,16.9589795622554,0,0
1.42803955078125,0.4916096108842324,16.9589795622554,0,0
1.432464599609375,0.49580359439224186,16.9589795622554,0,0
1.436492919921875,0.49965521468713114,16.9589795622554,0,0
1.44024658203125,0.5031494789516413,16.9589795622554,0,0
1.443695068359375,0.5062726389856945,16.9589795622554,0,0
1.447601318359375,0.5090123346636458,16.9589795622554,0,0
1.449615478515625,0.511357924515224,16.9589795622554,0,0
1.45172119140625,0.5133008054561341,16.9589795622554,0,0
1.453704833984375,0.5148344829600078,16.9589795622554,0,0
1.453643798828125,0.5159544381864938,16.9589795622554,0,0
1.4564208984375,0.5166579118076645,16.9589795622554,0,0
1.45648193359375,0.5169438770050512,16.9589795622554,0,0
1.45660400390625,0.5168133507551503,16.9589795622554,0,0
1.456024169921875,0.5162696429316443,16.9589795622554,0,0
1.454132080078125,0.515318217915911,16.9589795622554,0,0
1.4537353515625,0.5139662653641728,16.9589795622554,0,0
1.451629638671875,0.512222280009718,16.9589795622554,0,0
1.449554443359375,0.5100958344318975,16.9589795622554,0,0
1.4471435546875,0.5075973850192463,16.9589795622554,0,0
1.4443359375,0.5047380182806431,16.9589795622554,0,0
1.441070556640625,0.5015292191183314,16.9589795622554,0,0
1.4378662109375,0.4979826621582579,16.9589795622554,0,0
1.43341064453125,0.49410999708566977,16.9589795622554,0,0
1.42938232421875,0.48992255773661947,16.9589795622554,0,0
1.425018310546875,0.4854309887124637,16.9589795622554,0,0
1.420654296875,0.4806449729097371,16.9589795622554,0,0
1.415771484375,0.47557317101404795,16.9589795622554,0,0
1.410675048828125,0.4702232773077628,16.9589795622554,0,0
1.405609130859375,0.46460210157255477,16.9589795622554,0,0
1.400177001953125,0.4587157177430094,16.9589795622554,0,0
1.39483642578125,0.45256974815273465,16.9589795622554,0,0
1.388946533203125,0.44616978210047276,16.9589795622554,0,0
1.382781982421875,0.43952185473645117,16.9589795622554,0,0
1.376312255859375,0.4326328779725735,16.9589795622554,0,0
1.3697509765625,0.42551098759788464,16.9589795622554,0,0
1.36260986328125,0.41816584512679944,16.9589795622554,0,0
1.355133056640625,0.4106088632644798,16.9589795622554,0,0
1.3475341796875,0.40285327445632485,16.9589795622554,0,0
1.339508056640625,0.3949140491689019,16.9589795622554,0,0
1.33148193359375,0.38680772119410567,16.9589795622554,0,0
1.3236083984375,0.3785521868518059,16.9589795622554,0,0
1.315338134765625,0.3701665796083627,16.9589795622554,0,0
1.307342529296875,0.36167125829211905,16.9589795622554,0,0
1.298309326171875,0.35308782002739586,16.9589795622554,0,0
1.2896728515625,0.34443897687840613,16.9589795622554,0,0
1.2808837890625,0.3357482297583011,16.9589795622554,0,0
1.272247314453125,0.32703947281556334,16.9589795622554,0,0
1.263458251953125,0.31833665394174326,16.9589795622554,0,0
1.25469970703125,0.30966346611651885,16.9589795622554,0,0
1.246246337890625,0.3010430304872924,16.9589795622554,0,0
1.237335205078125,0.29249758250689806,16.9589795622554,0,0
1.228515625,0.28404810253656537,16.9589795622554,0,0
1.22076416015625,0.27571385631689,16.9589795622554,0,0
1.21270751953125,0.2675120493004538,16.9589795622554,0,0
1.204742431640625,0.2594577367921001,16.9589795622554,0,0
1.196624755859375,0.25156378742201646,16.9589795622554,0,0
1.18902587890625,0.24384069988967738,16.9589795622554,0,0
1.181884765625,0.2362963606097461,16.9589795622554,0,0
1.174652099609375,0.2289359285405952,16.9589795622554,0,0
1.168060302734375,0.2217618836541561,16.9589795622554,0,0
1.1614990234375,0.21477419175014512,16.9589795622554,0,0
1.154998779296875,0.20797056166999173,16.9589795622554,0,0
1.14892578125,0.2013467349866186,16.9589795622554,0,0
1.14239501953125,0.19489673946313962,16.9589795622554,0,0
1.1365966796875,0.18861306280522994,16.9589795622554,0,0
1.13037109375,0.18248673739823262,16.9589795622554,0,0
1.124847412109375,0.1765073789233246,16.9589795622554,0,0
1.119293212890625,0.17066324184160708,16.9589795622554,0,0
1.113922119140625,0.16494134954765688,16.9589795622554,0,0
1.108642578125,0.15932769236309335,16.9589795622554,0,0
1.10357666015625,0.15380745137713575,16.9589795622554,0,0
1.09857177734375,0.14836525739669298,16.9589795622554,0,0
1.093475341796875,0.14298548830049593,16.9589795622554,0,0
1.088836669921875,0.13765257903291966,16.9589795622554,0,0
1.08380126953125,0.13235135744928464,16.9589795622554,0,0
1.078765869140625,0.1270673871993821,16.9589795622554,0,0
1.0738525390625,0.12178723230816334,16.9589795622554,0,0
1.06878662109375,0.11649863944207055,16.9589795622554,0,0
1.063629150390625,0.11119068527176956,16.9589795622554,0,0
1.05877685546875,0.10585389404290993,16.9589795622554,0,0
1.053466796875,0.1004803540128868,16.9589795622554,0,0
1.04840087890625,0.09506384374372193,16.9589795622554,0,0
1.04290771484375,0.08959991813584713,16.9589795622554,0,0
1.037567138671875,0.08408592040273877,16.9589795622554,0,0
1.032135009765625,0.0785209321018397,16.9589795622554,0,0
1.02630615234375,0.07290568049107389,16.9589795622554,0,0
1.020660400390625,0.06724237043111397,16.9589795622554,0,0
1.01519775390625,0.06153444729804286,16.9589795622554,0,0
1.0093994140625,0.05578640055713638,16.9589795622554,0,0
1.00347900390625,0.050003615850094676,16.9589795622554,0,0
0.998321533203125,0.04419221146398783,16.9589795622554,0,0
0.991973876953125,0.03835891243582243,16.9589795622554,0,0
0.986175537109375,0.032510923473167516,16.9589795622554,0,0
0.9805908203125,0.02665569283510047,16.9589795622554,0,0
0.974822998046875,0.020800691335907243,16.9589795622554,0,0
0.969512939453125,0.014953350791959738,16.9589795622554,0,0
0.963836669921875,0.00912113494621393,16.9589795622554,0,0
0.957855224609375,0.003311635857943779,16.9589795622554,0,0
0.952484130859375,-0.00246743413990147,16.9589795622554,0,0
0.947174072265625,-0.008208302485628594,16.9589795622554,0,0
0.94158935546875,-0.013903079861360274,16.9589795622554,0,0
0.936248779296875,-0.019543626156368524,16.9589795622554,0,0
0.9302978515625,-0.025121503596786054,16.9589795622554,0,0
0.9251708984375,-0.03062808384141104,16.9589795622554,0,0
0.920196533203125,-0.03605469357096462,16.9589795622554,0,0
0.914825439453125,-0.041392624006211354,16.9589795622554,0,0
0.909576416015625,-0.046633076179195654,16.9589795622554,0,0
0.90460205078125,-0.05176722559488149,16.9589795622554,0,0
0.899200439453125,-0.056786405225644265,16.9589795622554,0,0
0.894378662109375,-0.0616823690258089,16.9589795622554,0,0
0.890106201171875,-0.06644757723164989,16.9589795622554,0,0
0.88555908203125,-0.07107533028737444,16.9589795622554,0,0
0.88104248046875,-0.07555974862802331,16.9589795622554,0,0
0.876708984375,-0.07989580677712688,16.9589795622554,0,0
0.872406005859375,-0.08407950610964392,16.9589795622554,0,0
0.8690185546875,-0.08810807336360528,16.9589795622554,0,0
0.865081787109375,-0.09198003424520787,16.9589795622554,0,0
0.862152099609375,-0.09569512423468492,16.9589795622554,0,0
0.85797119140625,-0.09925414564447785,16.9589795622554,0,0
0.85491943359375,-0.10265894245400042,16.9589795622554,0,0
0.85198974609375,-0.10591251252853177,16.9589795622554,0,0
0.848663330078125,-0.10901908617354741,16.9589795622554,0,0
0.845855712890625,-0.1119841626496465,16.9589795622554,0,0
0.842803955078125,-0.11481463838380662,16.9589795622554,0,0
0.840667724609375,-0.11751898120609275,16.9589795622554,0,0
0.83837890625,-0.12010728244510976,16.9589795622554,0,0
0.83599853515625,-0.12259113105597197,16.9589795622554,0,0
0.83404541015625,-0.12498343015843327,16.9589795622554,0,0
0.832122802734375,-0.12729822236882135,16.9589795622554,0,0
0.830902099609375,-0.12955040654083544,16.9589795622554,0,0
0.82916259765625,-0.131755238875926,16.9589795622554,0,0
0.82720947265625,-0.13392772275440362,16.9589795622554,0,0
0.8258056640625,-0.13608209856715633,16.9589795622554,0,0
0.824127197265625,-0.13823142850521666,16.9589795622554,0,0
0.82171630859375,-0.14038719902641386,16.9589795622554,0,0
0.820068359375,-0.14255907001706125,16.9589795622554,0,0
0.818145751953125,-0.14475478270416334,16.9589795622554,0,0
0.815887451171875,-0.14698005791554442,16.9589795622554,0,0
0.813751220703125,-0.14923851216512035,16.9589795622554,0,0
0.8114013671875,-0.15153169882648315,16.9589795622554,0,0
0.809112548828125,-0.1538592403433836,16.9589795622554,0,0
0.806732177734375,-0.15621899685122329,16.9589795622554,0,0
0.803955078125,-0.15860728254454973,16.9589795622554,0,0
0.801788330078125,-0.1610191590312416,16.9589795622554,0,0
0.799102783203125,-0.16344875455728164,16.9589795622554,0,0
0.796783447265625,-0.16588953663581343,16.9589795622554,0,0
0.79443359375,-0.1683345374601013,16.9589795622554,0,0
0.792022705078125,-0.17077652557913675,16.9589795622554,0,0
0.789642333984375,-0.17320813165776877,16.9589795622554,0,0
0.78729248046875,-0.17562197530628745,16.9589795622554,0,0
0.78466796875,-0.17801082190902337,16.9589795622554,0,0
0.7825927734375,-0.18036778236562648,16.9589795622554,0,0
0.7806396484375,-0.1826864795485346,16.9589795622554,0,0
0.778106689453125,-0.18496109130302274,16.9589795622554,0,0
0.77618408203125,-0.18718636629590912,16.9589795622554,0,0
0.774444580078125,-0.1893576765560724,16.9589795622554,0,0
0.772430419921875,-0.19147098303313517,16.9589795622554,0,0
0.770050048828125,-0.19352275169025424,16.9589795622554,0,0
0.76837158203125,-0.19551001648909846,16.9589795622554,0,0
0.76702880859375,-0.19743051132835615,16.9589795622554,0,0
0.765167236328125,-0.1992826304363026,16.9589795622554,0,0
0.76348876953125,-0.2010652746954022,16.9589795622554,0,0
0.7623291015625,-0.20277776389151625,16.9589795622554,0,0
0.760162353515625,-0.20441979824482576,16.9589795622554,0,0
0.7596435546875,-0.2059914314379237,16.9589795622554,0,0
0.757781982421875,-0.2074930168673946,16.9589795622554,0,0
0.756805419921875,-0.20892509533348683,16.9589795622554,0,0
0.7552490234375,-0.2102883288262085,16.9589795622554,0,0
0.754608154296875,-0.21158350272821666,16.9589795622554,0,0
0.75286865234375,-0.21281151365840997,16.9589795622554,0,0
0.75262451171875,-0.21397335116066332,16.9589795622554,0,0
0.75048828125,-0.2150701154844545,16.9589795622554,0,0
0.75018310546875,-0.216103131702832,16.9589795622554,0,0
0.749725341796875,-0.21707408792064764,16.9589795622554,0,0
0.74786376953125,-0.21798503162298835,16.9589795622554,0,0
0.748077392578125,-0.21883836561442288,16.9589795622554,0,0
0.748199462890625,-0.21963683883447538,16.9589795622554,0,0
0.746551513671875,-0.22038326505451564,16.9589795622554,0,0
0.745513916015625,-0.221080315405369,16.9589795622554,0,0
0.745361328125,-0.2217307895934988,16.9589795622554,0,0
0.745513916015625,-0.22233792004017816,16.9589795622554,0,0
0.745513916015625,-0.22290520372094588,16.9589795622554,0,0
0.745086669921875,-0.2234359154608619,16.9589795622554,0,0
0.742828369140625,-0.22393284418437562,16.9589795622554,0,0
0.743072509765625,-0.22439864748502827,16.9589795622554,0,0
0.743011474609375,-0.2248364808318986,16.9589795622554,0,0
0.743133544921875,-0.22525019728319676,16.9589795622554,0,0
0.742950439453125,-0.22564407235045833,16.9589795622554,0,0
0.74285888671875,-0.22602246238364407,16.9589795622554,0,0
0.7427978515625,-0.22638956088634657,16.9589795622554,0,0
0.743072509765625,-0.22674917540624862,16.9589795622554,0,0
0.74310302734375,-0.2271044181768199,16.9589795622554,0,0
0.742889404296875,-0.2274573319237177,16.9589795622554,0,0
0.742919921875,-0.22780858485323563,16.9589795622554,0,0
0.742095947265625,-0.22815731981665144,16.9589795622554,0,0
0.7403564453125,-0.22850131442116026,16.9589795622554,0,0
0.740264892578125,-0.22883762569812416,16.9589795622554,0,0
0.740478515625,-0.22916337394522848,16.9589795622554,0,0
0.74053955078125,-0.2294760543824831,16.9589795622554,0,0
0.740509033203125,-0.2297733518133965,16.9589795622554,0,0
0.74029541015625,-0.23005286488986645,16.9589795622554,0,0
0.740478515625,-0.23031193712483572,16.9589795622554,0,0
0.740509033203125,-0.2305475228805929,16.9589795622554,0,0
0.740264892578125,-0.23075602814745044,16.9589795622554,0,0
0.74041748046875,-0.2309331962645569,16.9589795622554,0,0
0.74017333984375,-0.23107407737697558,16.9589795622554,0,0
0.7406005859375,-0.23117302077286708,16.9589795622554,0,0
0.7403564453125,-0.2312236413913368,16.9589795622554,0,1
0.740814208984375,-0.2312187741891375,16.946381067621264,0,0
0.74029541015625,-0.231150481065752,16.933840976186314,0,0
0.7403564453125,-0.23101020998005553,16.921359028427595,0,0
0.740264892578125,-0.2307891471584997,16.908934966527426,0,0
0.740386962890625,-0.23047866454992644,16.896568534359638,0,0
0.7418212890625,-0.23007066907242663,16.884259477476004,0,0
0.74267578125,-0.2295576147247679,16.872007543092757,0,0
0.742828369140625,-0.22893221453048307,16.859812480077263,0,0
0.742919921875,-0.22818734267044782,16.847674038934805,0,0
0.7449951171875,-0.2273163293657791,16.835591971795512,0,0
0.7454833984375,-0.22631320300658442,16.823566032401388,0,0
0.746673583984375,-0.2251726841183761,16.811595976093482,0,0
0.747894287109375,-0.2238902457388313,16.7996815597992,0,0
0.74951171875,-0.22246230782192256,16.787822542019672,0,0
0.75091552734375,-0.2208863906118865,16.776018682817316,0,0
0.752777099609375,-0.21916122853555417,16.764269743803485,0,0
0.75518798828125,-0.21728685407161055,16.7525754881262,0,0
0.757171630859375,-0.2152645526671894,16.74093568045808,0,0
0.759521484375,-0.2130967252312096,16.72935008698428,0,0
0.76214599609375,-0.21078678687264632,16.717818475390654,0,0
0.764739990234375,-0.20833907881931726,16.70634061485194,0,0
0.767608642578125,-0.20575873504368722,16.6949162760201,0,0
0.770843505859375,-0.20305150563191865,16.683545231012758,0,0
0.77392578125,-0.20022350395591135,16.67222725340177,0,0
0.776611328125,-0.1972809352831592,16.66096211820183,0,0
0.78057861328125,-0.19422993011692796,16.649749601859295,0,0
0.783538818359375,-0.19107640247314672,16.63858948224099,0,0
0.787353515625,-0.18782583054443103,16.627481538623226,0,0
0.790802001953125,-0.1844830307535665,16.616425551680845,0,0
0.794158935546875,-0.18105198763119254,16.605421303476405,0,0
0.798065185546875,-0.17753576614387692,16.594468577449437,0,0
0.80169677734375,-0.1739364746431989,16.583567158405845,0,0
0.8055419921875,-0.17025520656741713,16.572716832507364,0,0
0.80926513671875,-0.16649199498280579,16.56191738726112,0,0
0.8131103515625,-0.16264584027593862,16.551168611509297,0,0
0.817108154296875,-0.15871480176784433,16.54047029541891,0,0
0.82110595703125,-0.154696110909071,16.529822230471652,0,0
0.825347900390625,-0.15058627388464793,16.519224209453828,0,0
0.82940673828125,-0.1463811666366088,16.508676026446405,0,0
0.833770751953125,-0.1420761512502241,16.49817747681514,0,0
0.838409423828125,-0.13766620462912288,16.487728357200794,0,0
0.843170166015625,-0.13314597581713633,16.477328465509448,0,0
0.847900390625,-0.12850973454020642,16.466977600902887,0,0
0.8529052734375,-0.12375128128253965,16.456675563789098,0,0
0.857025146484375,-0.11886393759908126,16.446422155812826,0,0
0.862213134765625,-0.11384074479773902,16.43621717984624,0,0
0.86688232421875,-0.1086748533417273,16.426060439979665,0,0
0.871826171875,-0.10335997351120794,16.415951741512405,0,0
0.877197265625,-0.09789086002195341,16.40589089094366,0,0
0.8828125,-0.09226377747991758,16.395877695963488,0,0
0.888519287109375,-0.08647683087589321,16.385911965443896,0,0
0.8944091796875,-0.08053018054795161,16.375993509429993,0,0
0.900390625,-0.07442623432722995,16.366122139131182,0,0
0.906707763671875,-0.06816984343261502,16.356297666912507,0,0
0.91326904296875,-0.06176845766682733,16.346519906286012,0,0
0.920013427734375,-0.05523217672528059,16.336788671902205,0,0
0.92645263671875,-0.04857371816122434,16.327103779541606,0,0
0.93310546875,-0.04180843348599915,16.317465046106328,0,0
0.9400634765625,-0.034954439126699745,16.307872289611815,0,0
0.947021484375,-0.028032756964092603,16.298325329178542,0,0
0.953887939453125,-0.02106738088691567,16.288823985023882,0,0
0.96759033203125,-0.01408482503357473,16.279368078454016,0,0
0.974578857421875,-0.007112195022964177,16.269957431855875,0,0
0.981475830078125,-0.00017425489259379617,16.26059186868922,0,0
0.98785400390625,0.006708473145741682,16.25127121347874,0,0
0.994537353515625,0.013519971609554447,16.241995291806248,0,0
1.00128173828125,0.020248379007179358,16.232763930302916,0,0
1.00762939453125,0.02688567813608092,16.22357695664162,0,0
1.013916015625,0.03342742969563889,16.21443419952931,0,0
1.020263671875,0.03987245456581852,16.20533548869948,0,0
1.026214599609375,0.046222468724847136,16.19628065490467,0,0
1.032379150390625,0.05248170290060407,16.187269529909074,0,0
1.0382080078125,0.05865650375348336,16.178301946481174,0,0
1.0440673828125,0.06475492182151314,16.169377738386455,0,0
1.0499267578125,0.07078628896729575,16.16049674038019,0,0
1.055816650390625,0.07676081566253133,16.151658788200262,0,0
1.061309814453125,0.08268923002312804,16.1428637185601,0,0
1.067138671875,0.08858240646473586,16.134111369141593,0,0
1.0726318359375,0.09445095630881659,16.125401578588153,0,0
1.0784912109375,0.10030482319868857,16.11673418649778,0,0
1.083587646484375,0.1061528832198033,16.1081090334162,0,0
1.089630126953125,0.11200249802897298,16.09952596083008,0,0
1.094970703125,0.1178590526905782,16.09098481116027,0,0
1.10064697265625,0.12372553682295606,16.082485427755135,0,0
1.106414794921875,0.12960214336229017,16.074027654883924,0,0
1.117431640625,0.13548629471950108,16.06561133773019,0,0
1.12274169921875,0.14137389529307284,16.05723632238528,0,0
1.128814697265625,0.1472613360509263,16.04890245584189,0,0
1.134307861328125,0.15314669711275095,16.040609585987646,0,0
1.1400146484375,0.15902981888735856,16.03235756159875,0,0
1.145965576171875,0.16491199530129738,16.0241462323337,0,0
1.151641845703125,0.17079569782549325,16.015975448727033,0,0
1.1578369140625,0.1766843842208294,16.00784506218314,0,0
1.163665771484375,0.18258239644359558,15.999754924970127,0,0
1.169464111328125,0.18849490744156214,15.991704890213722,0,0
1.175140380859375,0.19442780705456333,15.983694811891255,0,0
1.18096923828125,0.20038745968614016,15.975724544825649,0,0
1.186767578125,0.20638038890176236,15.96779394467951,0,0
1.193328857421875,0.2124130075184977,15.959902867949214,0,0
1.199127197265625,0.21849150231684691,15.952051171959097,0,0
1.205352783203125,0.22462182050172522,15.944238714855654,0,0
1.21142578125,0.2308096025363667,15.93646535560179,0,0
1.2176513671875,0.23706004076973852,15.928730953971142,0,0
1.224029541015625,0.24337773039652133,15.921035370542429,0,0
1.2303466796875,0.24976654341320648,15.913378466693858,0,0
1.236968994140625,0.2562295318311385,15.905760104597563,0,0
1.243072509765625,0.26276883075106905,15.898180147214102,0,0
1.24981689453125,0.2693854987277814,15.890638458286997,0,0
1.256622314453125,0.27607932066737656,15.883134902337318,0,0
1.263275146484375,0.28284868415260445,15.875669344658313,0,0
1.2698974609375,0.28969050021419585,15.86824165131008,0,0
1.27728271484375,0.29660008417676376,15.860851689114277,0,0
1.28399658203125,0.30357107804606426,15.853499325648889,0,0
1.29119873046875,0.31059545442373115,15.846184429243026,0,0
1.298614501953125,0.3176635389462594,15.838906868971772,0,0
1.30615234375,0.3247641222602841,15.83166651465107,0,0
1.313629150390625,0.33188474791256695,15.824463236832639,0,0
1.320892333984375,0.3390120862294916,15.817296906798967,0,0
1.32806396484375,0.3461322417369723,15.810167396558299,0,0
1.335357666015625,0.3532309317217748,15.80307457883969,0,0
1.342620849609375,0.36029359983729864,15.796018327088118,0,0
1.349700927734375,0.36730554525297276,15.788998515459586,0,0
1.3568115234375,0.3742520593191924,15.782015018816297,0,0
1.363922119140625,0.38111855048450305,15.77506771272189,0,0
1.370635986328125,0.3878906746801597,15.768156473436642,0,0
1.377532958984375,0.3945544517967439,15.761281177912792,0,0
1.384124755859375,0.4010963509000241,15.75444170378984,0,0
1.390106201171875,0.407503331045167,15.74763792938992,0,0
1.396759033203125,0.41376278315478265,15.74086973371319,0,0
1.402740478515625,0.4198624319911119,15.734136996433266,0,0
1.4088134765625,0.4257903160603352,15.727439597892705,0,0
1.41448974609375,0.43153481008811906,15.720777419098493,0,0
1.419921875,0.43708460638400504,15.714150341717593,0,0
1.425048828125,0.4424286189522427,15.707558248072539,0,0
1.429962158203125,0.4475557922736311,15.70100102113702,0,0
1.43499755859375,0.452454862738141,15.694478544531552,0,0
1.43927001953125,0.4571141549695126,15.68799070251915,0,0
1.44366455078125,0.4615214020657875,15.681537380001034,0,0
1.45123291015625,0.4656638069147478,15.675118462512394,0,0
1.45501708984375,0.46952890785882806,15.668733836218177,0,0
1.45806884765625,0.4731059767963295,15.662383387908875,0,0
1.4605712890625,0.476386746751207,15.656067004996402,0,0
1.463653564453125,0.4793651357290135,15.649784575509964,0,0
1.465728759765625,0.4820366698128501,15.643535988091973,0,0
1.46795654296875,0.4843980152607843,15.637321131993996,0,0
1.47003173828125,0.48644658990927786,15.631139897072723,0,0
1.4710693359375,0.48818023169655406,15.624992173785987,0,0
1.473388671875,0.48959692837700575,15.6188778531888,0,0
1.47393798828125,0.49069467557341423,15.612796826929412,0,0
1.47515869140625,0.49147148876490937,15.606748987245426,0,0
1.4764404296875,0.4919255146421504,15.600734226959927,0,0
1.476348876953125,0.49205530990761837,15.594752439477633,1,0
1.476409912109375,0.4918602023764782,15.5888035187811,0,0
1.476165771484375,0.4913405141477395,15.582887359426921,0,0
1.47357177734375,0.49049756728572524,15.577003856541994,0,0
1.47406005859375,0.4893334101264046,15.571152905819796,0,0
1.471832275390625,0.48785051392523493,15.56533440351668,0,0
1.470611572265625,0.48605177303689484,15.559548246448212,0,0
1.468505859375,0.4839406485484096,15.553794331985547,0,0
1.466064453125,0.4815212693065054,15.548072558051805,0,0
1.463531494140625,0.47879849956265697,15.542382823118489,0,0
1.460479736328125,0.4757779680972698,15.536725026201934,0,0
1.457763671875,0.4724661212336352,15.531099066859777,0,0
1.45404052734375,0.4688703702756557,15.52550484518747,0,0
1.45050048828125,0.4649992865112367,15.519942261814784,0,0
1.44671630859375,0.46086277968799694,15.514411217902364,0,0
1.44317626953125,0.4564723539293684,15.508911615138327,0,0
1.43841552734375,0.451841528674108,15.503443355734841,0,0
1.434234619140625,0.44698628666585516,15.498006342424771,0,0
1.42462158203125,0.44192507834427247,15.492600478458327,0,0
1.41961669921875,0.43667772363674107,15.487225667599738,0,0
1.414459228515625,0.43126357035476737,15.481881814123971,0,0
1.409576416015625,0.4257003369472292,15.476568822813451,0,0
1.4039306640625,0.42000408672531875,15.471286598954816,0,0
1.39837646484375,0.4141895860412365,15.466035048335694,0,0
1.3927001953125,0.4082705729973084,15.460814077241508,0,0
1.38641357421875,0.40225992278343764,15.455623592452302,0,0
1.381011962890625,0.3961697405434259,15.450463501239588,0,0
1.3748779296875,0.3900114731236716,15.445333711363226,0,0
1.36834716796875,0.38379607499425417,15.44023413106831,0,0
1.36248779296875,0.37753407981080983,15.435164669082095,0,0
1.355682373046875,0.3712355415345524,15.430125234610932,0,0
1.34954833984375,0.36490992832978636,15.425115737337247,0,0
1.343109130859375,0.3585659871354031,15.420136087416505,0,0
1.33697509765625,0.3522116431373017,15.415186195474243,0,0
1.330780029296875,0.34585400368176816,15.410265972603089,0,0
1.3240966796875,0.3394994184311978,15.405375330359812,0,0
1.318389892578125,0.3331535142174538,15.400514180762405,0,0
1.31219482421875,0.32682126976613063,15.39568243628718,0,0
1.305572509765625,0.3205071916566734,15.390880009865867,0,0
1.299224853515625,0.31421540514979085,15.386106814882798,0,0
1.293121337890625,0.3079495608623818,15.381362765172003,0,0
1.286865234375,0.3017127370839797,15.37664777501445,0,0
1.28021240234375,0.29550739742113563,15.3719617591352,0,0
1.274078369140625,0.28933526131114723,15.367304632700653,0,0
1.268035888671875,0.2831970962315043,15.362676311315784,0,0
1.26226806640625,0.27709262372489823,15.358076711021393,0,0
1.256134033203125,0.27102060919455295,15.35350574829141,0,0
1.25030517578125,0.2649790171271081,15.348963340030162,0,0
1.24481201171875,0.25896517127766683,15.34444940356972,0,0
1.238555908203125,0.252975971874309,15.339963856667227,0,0
1.233062744140625,0.24700812457934948,15.335506617502253,0,0
1.227294921875,0.24105832958475099,15.331077604674173,0,0
1.221954345703125,0.23512353441540745,15.326676737199575,0,0
1.215972900390625,0.22920129234851508,15.322303934509662,0,0
1.209991455078125,0.22329007646815704,15.317959116447684,0,0
1.20416259765625,0.21738940789010924,15.313642203266392,0,0
1.198211669921875,0.21149984514626538,15.309353115625509,0,0
1.192657470703125,0.20562297196265705,15.305091774589224,0,0
1.186798095703125,0.1997614556692659,15.300858101623671,0,0
1.180877685546875,0.1939191445726669,15.296652018594493,0,0
1.175079345703125,0.18810110745094577,15.29247344776434,0,0
1.16888427734375,0.18231356490971143,15.288322311790457,0,0
1.163421630859375,0.17656373862230446,15.284198533722243,0,0
1.15765380859375,0.17085971165779024,15.280102036998848,0,0
1.151641845703125,0.16521035088162642,15.276032745446779,0,0
1.145904541015625,0.15962517269114881,15.271990583277537,0,0
1.140655517578125,0.15411411455581875,15.267975475085239,0,0
1.1346435546875,0.14868734512035478,15.263987345844292,0,0
1.12939453125,0.1433550969968163,15.260026120907073,0,0
1.124237060546875,0.1381274582078729,15.256091726001596,0,0
1.11883544921875,0.13301421085783235,15.252184087229244,0,0
1.1136474609375,0.1280247008922576,15.248303131062483,0,0
1.1087646484375,0.12316763427211022,15.244448784342605,0,0
1.104034423828125,0.11845085958230828,15.240620974277473,0,0
1.099639892578125,0.11388124799716658,15.236819628439298,0,0
1.094970703125,0.10946466385010098,15.23304467476243,0,0
1.0909423828125,0.10520594708621225,15.22929604154115,0,0
1.08673095703125,0.10110888241918396,15.22557365742749,0,0
1.082763671875,0.09717617682115967,15.221877451429066,0,0
1.079071044921875,0.09340942950010529,15.218207352906928,0,0
1.075592041015625,0.08980910943306407,15.214563291573404,0,0
1.0718994140625,0.08637456821165436,15.210945197489993,0,0
1.06890869140625,0.08310404205734892,15.207353001065256,0,0
1.066009521484375,0.0799946642694073,15.203786633052703,0,0
1.0631103515625,0.07704257898519293,15.200246024548722,0,0
1.060302734375,0.07424310696806477,15.19673110699053,0,0
1.057952880859375,0.07159086734644836,15.193241812154087,0,0
1.055389404296875,0.06907988786277058,15.189778072152077,0,0
1.05291748046875,0.066703716569891,15.186339819431879,0,0
1.05059814453125,0.06445545297585302,15.182926986773554,0,0
1.048553466796875,0.062327697150488776,15.179539507287847,0,0
1.04681396484375,0.060312532221454954,15.176177314414211,0,0
1.045196533203125,0.05840164024530149,15.172840341918826,0,0
1.0430908203125,0.056586515032819265,15.169528523892637,0,0
1.041046142578125,0.05485857629988328,15.166241794749423,0,0
1.03955078125,0.0532090697330489,15.162980089223854,0,0
1.038482666015625,0.05162895025146358,15.159743342369579,0,0
1.035919189453125,0.050108916401902515,15.156531489557318,0,0
1.034912109375,0.04863939254924146,15.153344466472966,0,0
1.03338623046875,0.04721036528886824,15.150182209115723,0,0
1.032073974609375,0.04581130462182645,15.147044653796202,0,0
1.03076171875,0.04443122308855518,15.143931737134608,0,0
1.029449462890625,0.04305875775687365,15.140843396058855,0,0
1.0284423828125,0.041682278850035975,15.137779567802772,0,0
1.026702880859375,0.0402900428333513,15.134740189904258,0,0
1.025909423828125,0.038870339650813185,15.131725200203485,0,0
1.023651123046875,0.03741159534229352,15.128734536841105,0,0
1.0223388671875,0.035902368593091705,15.125768138256452,0,0
1.020904541015625,0.034331239125635155,15.122825943185795,0,0
1.01885986328125,0.032686731742606445,15.119907890660556,0,0
1.01708984375,0.0309572716859213,15.117013920005567,0,0
1.015869140625,0.029131112297398704,15.114143970837336,0,0
1.0137939453125,0.027196397050503945,15.111297983062329,0,0
1.011627197265625,0.025141358429389526,15.108475896875232,0,0
1.009674072265625,0.022954437251256565,15.105677652757269,0,0
1.00762939453125,0.020624347534443754,15.102903191474496,0,0
1.005615234375,0.018140278158278095,15.100152454076126,0,0
1.00323486328125,0.015492262428074471,15.097425381892869,0,0
1.0006103515625,0.012671604409455667,15.094721916535244,0,0
0.997528076171875,0.009671229223424449,15.09204199989195,0,0
0.994842529296875,0.006485912008198785,15.08938557412823,0,0
0.991302490234375,0.0031124661953723654,15.086752581684227,0,0
0.987823486328125,-0.0004500804405347669,15.084142965273376,0,0
0.983642578125,-0.004200423420910593,15.081556667880804,0,0
0.980133056640625,-0.008135056962601167,15.078993632761708,0,0
0.9757080078125,-0.01224835867864596,15.076453803439806,0,0
0.971343994140625,-0.016532632871056552,15.073937123705718,0,0
0.96673583984375,-0.020978207820348954,15.071443537615435,0,0
0.961669921875,-0.02557363697572876,15.068972989488731,0,0
0.956756591796875,-0.03030599679867116,15.066525423907642,0,0
0.9515380859375,-0.03516125990796831,15.064100785714917,0,0
0.94659423828125,-0.040124664511336616,15.061699020012489,0,0
0.941009521484375,-0.045181029765399255,15.059320072159958,0,0
0.93560791015625,-0.05031507704728577,15.056963887773085,0,0
0.930084228515625,-0.055511822158875374,15.05463041272229,0,0
0.924957275390625,-0.060756969039790026,15.052319593131168,0,0
0.919219970703125,-0.06603720105153627,15.050031375374997,0,0
0.91339111328125,-0.0713404452702198,15.047765706079279,0,0
0.908111572265625,-0.07665624106242619,15.045522532118277,0,0
0.9029541015625,-0.08197609649083953,15.043301800613552,0,0
0.897430419921875,-0.08729364133571405,15.041103458932527,0,0
0.89215087890625,-0.09260464791589026,15.03892745468705,0,0
0.8870849609375,-0.0979070456767728,15.03677373573197,0,0
0.8817138671875,-0.10320088673790129,15.034642250163715,0,0
0.876556396484375,-0.10848824903848286,15.032532946318893,0,0
0.8717041015625,-0.11377311146298807,15.030445772772882,0,0
0.86669921875,-0.11906113051825606,15.028380678338436,0,0
0.86175537109375,-0.12435927803252841,15.02633761206432,0,0
0.85675048828125,-0.12967541844161204,15.024316523233917,0,0
0.851654052734375,-0.13501789144812534,15.022317361363866,0,0
0.846649169921875,-0.14039511238213725,15.02034007620271,0,0
0.84100341796875,-0.1458152156332605,15.018384617729557,0,0
0.83599853515625,-0.15128579135424142,15.016450936152708,0,0
0.830963134765625,-0.15681364956095042,15.01453898190835,0,0
0.82537841796875,-0.1624044734547802,15.012648705659215,0,0
0.820220947265625,-0.1680624095036093,15.010780058293285,0,0
0.8145751953125,-0.17378970255855342,15.008932990922451,0,0
0.808868408203125,-0.17958638123951207,15.00710745488125,0,0
0.80267333984375,-0.18545005332145437,15.005303401725532,0,0
0.796630859375,-0.1913759005025795,15.003520783231203,0,0
0.79058837890625,-0.19735682761002674,15.001759551392931,0,0
0.784332275390625,-0.2033836417644287,15.000019658422888,0,0
0.777679443359375,-0.20944525579247758,14.998301056749476,0,0
0.771575927734375,-0.21552900369877048,14.996603699016076,0,0
0.76513671875,-0.22162102131254002,14.994927538079805,0,0
0.75830078125,-0.2277066218708867,14.993272527010268,0,0
0.75225830078125,-0.23377073893050287,14.991638619088329,0,0
0.7459716796875,-0.23979839592680136,14.99002576780488,0,0
0.739990234375,-0.24577503910894904,14.988433926859631,0,0
0.733795166015625,-0.2516867393858525,14.986863050159881,0,0
0.727752685546875,-0.2575203823588226,14.985313091819346,0,0
0.722015380859375,-0.263263887682096,14.98378400615693,0,0
0.716583251953125,-0.2689063771427376,14.982275747695535,0,0
0.711273193359375,-0.27443818016441907,14.98078827116091,0,0
0.705902099609375,-0.2798506851732308,14.979321531480435,0,0
0.70050048828125,-0.2851361717970836,14.97787548378198,0,0
0.6954345703125,-0.29028773488938053,14.976450083392717,0,0
0.690093994140625,-0.2952993007264438,14.975045285837998,0,0
0.68548583984375,-0.3001656912137333,14.973661046840157,0,0
0.6807861328125,-0.3048826657504251,14.972297322317418,0,0
0.676116943359375,-0.309446887614315,14.97095406838272,0,0
0.671783447265625,-0.31385587468894866,14.969631241342611,0,0
0.667572021484375,-0.3181079796576623,14.968328797696097,0,0
0.66339111328125,-0.32220236170277405,14.96704669413357,0,0
0.660003662109375,-0.3261389176064966,14.965784887535644,0,0
0.655914306640625,-0.32991813930633335,14.964543334972095,0,0
0.6522216796875,-0.33354096448817483,14.963321993700722,0,0
0.648773193359375,-0.33700875214621,14.9621208211663,0,0
0.6456298828125,-0.3403233205778593,14.960939774999451,0,0
0.642303466796875,-0.34348691627853384,14.959778813015593,0,0
0.639251708984375,-0.34650215947368884,14.958637893213858,0,0
0.636260986328125,-0.34937205484860606,14.957516973776016,0,0
0.633880615234375,-0.3521000233218448,14.956416013065427,0,0
0.63092041015625,-0.3546898714747338,14.955334969625971,0,0
0.6287841796875,-0.357145728793585,14.954273802181007,0,0
0.62652587890625,-0.35947198479293857,14.953232469632328,0,0
0.624298095703125,-0.3616731780026576,14.952210931059122,0,0
0.622222900390625,-0.3637538706106969,14.951209145716936,0,0
0.6197509765625,-0.3657186175632942,14.950227073036649,0,0
0.618316650390625,-0.36757205208423255,14.949264672623457,0,0
0.616668701171875,-0.36931894528380993,14.948321904255847,0,0
0.61505126953125,-0.3709641020658664,14.947398727884606,0,0
0.613006591796875,-0.37251222228768216,14.946495103631781,0,0
0.61236572265625,-0.37396787896181294,14.945610991789723,0,0
0.610260009765625,-0.3753355009190866,14.944746352820061,0,0
0.609588623046875,-0.37661929303316466,14.943901147352724,0,0
0.607696533203125,-0.3778231936959676,14.94307533618496,0,0
0.607696533203125,-0.37895084642513943,14.942268880280354,0,0
0.605224609375,-0.3800055149416268,14.941481740767856,0,0
0.604278564453125,-0.3809901243381224,14.940713878940826,0,0
0.602691650390625,-0.381907615592881,14.939965256256054,0,0
0.6029052734375,-0.3827613538386772,14.9392358343328,0,0
0.6024169921875,-0.38355514616999237,14.938525574951868,0,0
0.6002197265625,-0.3842929423343724,14.937834440054635,0,0
0.600494384765625,-0.38497875660336134,14.937162391742117,0,0
0.6004638671875,-0.3856167812838353,14.936509392274033,0,0
0.599639892578125,-0.386211167545535,14.935875404067874,0,0
0.59796142578125,-0.38676569008529005,14.935260389697971,0,0
0.597686767578125,-0.38728387688445814,14.93466431189458,0,0
0.59771728515625,-0.38776938738680716,14.934087133542956,0,0
0.5975341796875,-0.38822604397638855,14.93352881768245,0,0
0.59722900390625,-0.38865748268333167,14.932989327505584,0,0
0.5950927734375,-0.38906691144619965,14.932468626357181,0,0
0.595184326171875,-0.38945737535446223,14.931966677733428,0,0
0.595306396484375,-0.3898322532678585,14.931483445281003,0,0
0.595367431640625,-0.3901953294349427,14.931018892796189,0,0
0.59521484375,-0.3905503743749937,14.930572984223975,0,0
0.59478759765625,-0.390900675785081,14.930145683657186,0,0
0.5931396484375,-0.391248864759331,14.929736955335608,0,0
0.592559814453125,-0.39159722518482426,14.929346763645102,0,0
0.592864990234375,-0.39194826592057996,14.928975073116774,0,0
0.59271240234375,-0.3923049683815452,14.92862184842606,0,0
0.592803955078125,-0.3926705236208786,14.928287054391912,0,0
0.593017578125,-0.3930478407685385,14.927970655975923,0,0
0.591705322265625,-0.3934390840644867,14.927672618281477,0,0
0.59063720703125,-0.39384554151965084,14.927392906552923,0,0
0.590728759765625,-0.3942679482493052,14.927131486174712,0,0
0.59039306640625,-0.3947068156592166,14.926888322670564,0,0
0.5906982421875,-0.3951623433571873,14.92666338170265,0,0
0.590423583984375,-0.3956339908628642,14.926456629070751,0,0
0.590484619140625,-0.39611993330929235,14.926268030711425,0,0
0.590545654296875,-0.39661650131714127,14.92609755269722,0,0
0.5904541015625,-0.3971175952260164,14.925945161235813,0,0
0.5882568359375,-0.397614239211691,14.925810822669234,0,0
0.587738037109375,-0.39809468468516374,14.925694503473046,0,0
0.587921142578125,-0.39854496182136034,14.925596170255533,0,0
0.587982177734375,-0.3989491447289041,14.925515789756902,0,0
0.58782958984375,-0.3992890524298681,14.925453328848493,0,0
0.585235595703125,-0.3995439771459532,14.925408754531992,0,0
0.58502197265625,-0.39969112736595663,14.925382033938616,0,0
0.585662841796875,-0.39970657004443877,14.92537313432836,0,1
0.585479736328125,-0.3995657900896224,14.925420325527238,0,0
0.585205078125,-0.399243750641527,14.925561540668282,0,0
0.5853271484375,-0.3987150753358236,14.92579624470295,0,0
0.58551025390625,-0.3979545481862183,14.926123906042013,0,0
0.5869140625,-0.3969376616447904,14.926543996488883,0,0
0.587921142578125,-0.3956409658361836,14.92705599117361,0,0
0.588714599609375,-0.3940422609014759,14.927659368487562,0,0
0.590301513671875,-0.3921209331824372,14.92835361001882,0,0
0.5924072265625,-0.38985849495537933,14.929138200488156,0,0
0.594573974609375,-0.3872390820630067,14.930012627685704,0,0
0.597381591796875,-0.3842498321605486,14.930976382408268,0,0
0.600799560546875,-0.38088120241499396,14.932028958397188,0,0
0.6043701171875,-0.3771271818923805,14.933169852276906,0,0
0.6087646484375,-0.37298537070546434,14.934398563494057,0,0
0.6131591796875,-0.3684569647574396,14.935714594257163,0,0
0.6182861328125,-0.36354667860232615,14.937117449476942,0,0
0.623931884765625,-0.35826260522356074,14.93860663670714,0,0
0.6297607421875,-0.35261596424626224,14.940181666085909,0,0
0.635986328125,-0.3466207524268463,14.941842050277794,0,0
0.642547607421875,-0.34029338423753663,14.943587304416182,0,0
0.64923095703125,-0.3336523615288969,14.945416946046329,0,0
0.65643310546875,-0.32671797639587813,14.947330495068872,0,0
0.664154052734375,-0.31951200551237835,14.94932747368387,0,0
0.671844482421875,-0.31205730426394185,14.951407406335312,0,0
0.6795654296875,-0.3043773327731212,14.953569819656174,0,0
0.687652587890625,-0.29649576095838814,14.95581424241387,0,0
0.695892333984375,-0.2884361781213407,14.958140205456269,0,0
0.70391845703125,-0.280221843187253,14.96054724165808,0,0
0.712646484375,-0.2718754800137827,14.96303488586779,0,0
0.72119140625,-0.26341908600978226,14.965602674854965,0,0
0.72955322265625,-0.25487370696668477,14.968250147258024,0,0
0.73809814453125,-0.2462592754337567,14.970976843532481,0,0
0.746673583984375,-0.23759458586934776,14.97378230589953,0,0
0.7548828125,-0.22889736003706826,14.976666078295121,0,0
0.763824462890625,-0.220184375425853,14.979627706319409,0,0
0.77264404296875,-0.2114715668087215,14.9826667371866,0,0
0.781097412109375,-0.20277399177000696,14.985782719675228,0,0
0.789947509765625,-0.19410574144519432,14.988975204078768,0,0
0.798431396484375,-0.18547989031509945,14.992243742156692,0,0
0.80718994140625,-0.17690844330777797,14.995587887085819,0,0
0.81549072265625,-0.16840226017962612,14.999007193412137,0,0
0.824310302734375,-0.1599709726508054,15.0025012170029,0,0
0.832550048828125,-0.15162286561850474,15.006069514999112,0,0
0.8408203125,-0.14336472722685206,15.009711645768377,0,0
0.84869384765625,-0.1352017630838136,15.013427168858074,0,0
0.857421875,-0.12713758270651682,15.017215644948873,0,0
0.865203857421875,-0.11917410400065015,15.021076635808596,0,0
0.872802734375,-0.11131137402292232,15.025009704246386,0,0
0.880645751953125,-0.10354750921244044,15.029014414067223,0,0
0.8885498046875,-0.09587874383138845,15.033090330026738,0,0
0.895843505859375,-0.08829940883469159,15.03723701778634,0,0
0.903228759765625,-0.08080189128245066,15.041454043868674,0,0
0.9105224609375,-0.07337670871986131,15.045740975613343,0,0
0.9178466796875,-0.06601265276163269,15.050097381132959,0,0
0.9246826171875,-0.05869693765386237,15.054522829269482,0,0
0.931884765625,-0.051415405492400076,15.059016889550827,0,0
0.938751220703125,-0.0441528096149104,15.063579132147785,0,0
0.946319580078125,-0.0368930875129197,15.0682091278312,0,0
0.9530029296875,-0.029619547329063793,15.07290644792944,0,0
0.96063232421875,-0.022315004816922515,15.077670664286126,0,0
0.96771240234375,-0.014961908540747033,15.082501349218132,0,0
0.97503662109375,-0.007542437065000955,15.08739807547386,0,0
0.982513427734375,-3.8600225896648355e-05,15.092360416191761,0,0
0.989898681640625,0.007567634497743628,15.097387944859125,0,0
0.99755859375,0.015294208081013366,15.102480235271106,0,0
1.005279541015625,0.023158823283855837,15.107636861490027,0,0
1.012603759765625,0.031178750528018884,15.1128573978049,0,0
1.0201416015625,0.03937047008062773,15.118141418691216,0,0
1.028350830078125,0.04774910589963188,15.12348849877095,0,0
1.036651611328125,0.056327847159642314,15.128898212772826,0,0
1.04486083984375,0.06511750731544377,15.134370135492809,0,0
1.054168701171875,0.07412616296909376,15.13990384175482,0,0
1.063262939453125,0.08335889711021716,15.145498906371696,0,0
1.072662353515625,0.09281771980465568,15.151154904106361,0,0
1.082427978515625,0.10250157395138555,15.156871409633231,0,0
1.092864990234375,0.11240639407814318,15.16264799749984,0,0
1.102813720703125,0.12252530806767609,15.168484242088688,0,0
1.113128662109375,0.1328488972629853,15.17437971757928,0,0
1.124114990234375,0.14336537665456495,15.180333997910438,0,0
1.134552001953125,0.15406076507775573,15.186346656742757,0,0
1.14544677734375,0.16491907494240723,15.192417267421325,0,0
1.156707763671875,0.17592243972864677,15.198545402938622,0,0
1.16778564453125,0.187051238972248,15.20473063589765,0,0
1.178955078125,0.19828426677763605,15.210972538475243,0,0
1.1907958984375,0.20959889394795211,15.217270682385601,0,0
1.202239990234375,0.22097129414762057,15.22362463884402,0,0
1.213775634765625,0.23237677869907158,15.230033978530834,0,0
1.225311279296875,0.24379012177035614,15.236498271555526,0,0
1.236968994140625,0.2551858293614106,15.243017087421089,0,0
1.248779296875,0.26653844521137066,15.249589994988531,0,0
1.259918212890625,0.27782293458618845,15.25621656244162,0,0
1.271759033203125,0.2890150750495738,15.262896357251796,0,0
1.2822265625,0.300091787349656,15.2696289461433,0,0
1.29327392578125,0.31103133192886856,15.276413895058473,0,0
1.304290771484375,0.32181335480225876,15.283250769123283,0,0
1.31451416015625,0.3324189270715012,15.290139132613016,0,0
1.324798583984375,0.34283059318420284,15.297078548918156,0,0
1.3343505859375,0.353032268255545,15.304068580510503,0,0
1.34442138671875,0.3630089714696881,15.311108788909417,0,0
1.354156494140625,0.3727465681514357,15.318198734648307,0,0
1.3636474609375,0.3822316780897561,15.325337977241297,0,0
1.372406005859375,0.39145168986098405,15.332526075150058,0,0
1.38128662109375,0.400394694439885,15.339762585750877,0,0
1.390106201171875,0.4090493397095512,15.347047065301878,0,0
1.3983154296875,0.41740476855288955,15.354379068910452,0,0
1.40606689453125,0.42545063834045826,15.361758150500892,0,0
1.413665771484375,0.43317706622762636,15.36918386278218,0,0
1.420928955078125,0.4405744809075061,15.376655757216021,0,0
1.428375244140625,0.44763351831675446,15.384173383985024,0,0
1.43475341796875,0.45434505502275946,15.391736291961104,0,0
1.441375732421875,0.46070031524157085,15.399344028674072,0,0
1.44708251953125,0.4666909482182354,15.406996140280413,0,0
1.452606201171875,0.4723090475191875,15.41469217153227,0,0
1.457977294921875,0.47754712216219675,15.422431665746618,0,0
1.46282958984375,0.4823980906040059,15.430214164774654,0,0
1.467559814453125,0.486855372595505,15.438039208971356,0,0
1.471343994140625,0.4909130438315082,15.445906337165258,0,0
1.47509765625,0.4945659537765122,15.453815086628452,0,0
1.47808837890625,0.49780975419285933,15.461764993046742,0,0
1.48126220703125,0.5006408899861936,15.469755590490044,0,0
1.48358154296875,0.5030566464013979,15.47778641138297,0,0
1.485748291015625,0.5050552726180906,15.485856986475643,0,0
1.48712158203125,0.5066361094775386,15.493966844814679,0,0
1.48846435546875,0.5077996638479401,15.502115513714436,0,0
1.488555908203125,0.508547611976724,15.510302518728427,0,0
1.488494873046875,0.5088826515126668,15.518527383620977,1,0
1.488494873046875,0.5088081778604914,15.526789630339083,0,0
1.488739013671875,0.5083280444732913,15.535088778984493,0,0
1.48870849609375,0.5074467521355375,15.543424347786022,0,0
1.48638916015625,0.5061699846426413,15.551795853072075,0,0
1.485198974609375,0.5045049761010777,15.560202809243386,0,0
1.4827880859375,0.5024605038492731,15.56864472874601,0,0
1.480194091796875,0.5000467647938043,15.577121122044543,0,0
1.477325439453125,0.4972752457199006,15.58563149759555,0,0
1.47418212890625,0.4941585666589261,15.594175361821241,0,0
1.470123291015625,0.49071032958440103,15.602752219083406,0,0
1.466766357421875,0.48694493730025795,15.611361571657559,0,0
1.462371826171875,0.4828774259991776,15.620002919707341,0,0
1.45819091796875,0.4785234017904807,15.62867576125917,0,0
1.45318603515625,0.47389901558554703,15.63737959217714,0,0
1.448211669921875,0.4690208734991466,15.64611390613817,0,0
1.442962646484375,0.4639058751049909,15.65487819460741,0,0
1.437347412109375,0.45857102848236264,15.663671946813903,0,0
1.4320068359375,0.45303328387743724,15.672494649726518,0,0
1.42608642578125,0.4473094253408162,15.681345788030145,0,0
1.419891357421875,0.44141600494853656,15.690224844102147,0,0
1.41412353515625,0.4353692450806294,15.699131297989107,0,0
1.40789794921875,0.4291849621233308,15.70806462738383,0,0
1.401397705078125,0.4228785835088538,15.717024307602646,0,0
1.394866943359375,0.41646514804406237,15.726009811562975,0,0
1.3883056640625,0.4099592141513264,15.73502060976119,0,0
1.381622314453125,0.4033747493971456,15.744056170250785,0,0
1.3748779296875,0.3967250479886974,15.753115958620803,0,0
1.3682861328125,0.3900226711679222,15.76219943797461,0,0
1.361358642578125,0.3832794221099934,15.77130606890893,0,0
1.35443115234375,0.37650632671866335,15.780435309493209,0,0
1.347564697265625,0.3697135607201963,15.789586615249293,0,0
1.34063720703125,0.36291033969225456,15.798759439131421,0,0
1.3336181640625,0.3561048125623992,15.807953231506524,0,0
1.32708740234375,0.3493039706460953,15.817167440134867,0,0
1.320709228515625,0.34251366522331617,15.826401510151012,0,0
1.31414794921875,0.3357388413775054,15.835654884045127,0,0
1.307464599609375,0.32898390526198334,15.84492700164461,0,0
1.3011474609375,0.3222530652234805,15.854217300096085,0,0
1.2940673828125,0.31555060406856206,15.863525213847723,0,0
1.287384033203125,0.30888103792274074,15.872850174631933,0,0
1.280853271484375,0.30224912876570104,15.882191611448409,0,0
1.27423095703125,0.2956598727270155,15.891548950547534,0,0
1.267486572265625,0.28911853590770414,15.900921615414148,0,0
1.2606201171875,0.2826306269008311,15.910309026751708,0,0
1.25390625,0.27620171554373046,15.919710602466814,0,0
1.247589111328125,0.2698371647236901,15.929125757654116,0,0
1.24102783203125,0.26354191511232605,15.938553904581623,0,0
1.234832763671875,0.2573203626000615,15.947994452676392,0,0
1.228607177734375,0.2511762819003558,15.957446808510639,0,0
1.22265625,0.24511279585026396,15.966910375788228,0,0
1.216522216796875,0.23913239964945843,15.976384555331583,0,0
1.210662841796875,0.233236997521997,15.98586874506904,0,0
1.205230712890625,0.2274279532643121,15.995362340022576,0,0
1.199554443359375,0.22170623878517973,16.004864732296006,0,0
1.19415283203125,0.21607268767584087,16.014375311063603,0,0
1.188720703125,0.2105282630880716,16.023893462559126,0,0
1.182952880859375,0.20507426753787963,16.03341857006537,0,0
1.17767333984375,0.19971243137859396,16.042950013904065,0,0
1.17242431640625,0.1944449008957414,16.052487171426336,0,0
1.167022705078125,0.18927422873950833,16.062029417003547,0,0
1.161865234375,0.18420335732647433,16.071576122018648,0,0
1.15692138671875,0.17923555122006618,16.081126654858018,0,0
1.151824951171875,0.17437432754709126,16.090680380903738,0,0
1.14703369140625,0.16962339669399756,16.1002366625264,0,0
1.14251708984375,0.1649866001452974,16.109794859078388,0,0
1.137481689453125,0.16046786626086143,16.11935432688766,0,0
1.1329345703125,0.1560711134931706,16.128914419252048,0,0
1.128814697265625,0.15180006247769984,16.138474486434056,0,0
1.12445068359375,0.14765809632870155,16.148033875656186,0,0
1.12042236328125,0.1436482220347228,16.15759193109679,0,0
1.116058349609375,0.13977300833473114,16.167147993886463,0,0
1.112579345703125,0.13603444201225573,16.176701402104946,0,0
1.108734130859375,0.13243379332520522,16.186251490778616,0,0
1.10540771484375,0.12897157057207886,16.19579759187849,0,0
1.1015625,0.12564750320482412,16.205339034318815,0,0
1.09869384765625,0.12246046867642728,16.2148751439562,0,0
1.095855712890625,0.11940844554076102,16.224405243589327,0,0
1.092559814453125,0.11648860131152182,16.23392865295927,0,0
1.08966064453125,0.1136973806080756,16.243444688750344,0,0
1.087005615234375,0.11103045097650598,16.252952664591586,0,0
1.08465576171875,0.10848263604067146,16.26245189105882,0,0
1.082061767578125,0.10604796888212037,16.271941675677336,0,0
1.07977294921875,0.10371979425743731,16.28142132292515,0,0
1.07769775390625,0.10149084450754046,16.290890134236935,0,0
1.075164794921875,0.09935330600015818,16.300347408008516,0,0
1.07318115234375,0.09729884133308807,16.30979243960205,0,0
1.071197509765625,0.0953185492501545,16.3192245213518,0,0
1.06976318359375,0.09340299304701055,16.328642942570582,0,0
1.067840576171875,0.09154239911189625,16.33804698955686,0,0
1.0653076171875,0.0897268746191415,16.34743594560248,0,0
1.063751220703125,0.08794639582234848,16.356809091001086,0,0
1.06231689453125,0.08619066534302619,16.3661657030572,0,0
1.060272216796875,0.08444913778421645,16.375505056095978,0,0
1.05841064453125,0.08271114848400116,16.384826421473658,0,0
1.056732177734375,0.08096592992292606,16.39412906758869,0,0
1.055084228515625,0.07920258997203464,16.403412259893567,0,0
1.053131103515625,0.07741017650159202,16.412675260907342,0,0
1.051239013671875,0.0755777592064633,16.421917330228908,0,0
1.049285888671875,0.07369444586189614,16.431137724550897,0,0
1.047088623046875,0.07174934830905333,16.44033569767443,0,0
1.044891357421875,0.0697315044649925,16.44951050052447,0,0
1.04266357421875,0.06762974911485303,16.458661381165996,0,0
1.040496826171875,0.06543259024446972,16.46778758482088,0,0
1.038177490234375,0.0631281615609709,16.476888353885517,0,0
1.03607177734375,0.060704278747823526,16.48596292794922,0,0
1.033233642578125,0.058148581597480875,16.49501054381336,0,0
1.0308837890625,0.05544869191587916,16.50403043551128,0,0
1.02813720703125,0.0525923696307119,16.513021834328967,0,0
1.025482177734375,0.04956774520202968,16.521983968826532,0,0
1.02264404296875,0.04636366505342357,16.53091606486044,0,0
1.019317626953125,0.04297010398625162,16.53981734560654,0,0
1.01593017578125,0.03937855421856923,16.5486870315839,0,0
1.012359619140625,0.03558233812180829,16.55752434067942,0,0
1.00830078125,0.0315768743943599,16.566328488173284,0,0
1.004547119140625,0.027359923083788318,16.575098686765184,0,0
0.999847412109375,0.022931816485304568,16.58383414660138,0,0
0.995452880859375,0.01829565286042699,16.59253407530259,0,0
0.990142822265625,0.013457388242757343,16.601197677992694,0,0
0.985015869140625,0.008425785918424966,16.609824157328255,0,0
0.979644775390625,0.003212246210979791,16.61841271352891,0,0
0.97381591796875,-0.0021694159811785213,16.626962544408578,0,0
0.967681884765625,-0.0077032656991621595,16.63547284540752,0,0
0.962127685546875,-0.013371659738931521,16.643942809625248,0,0
0.9560546875,-0.01915563875565847,16.65237162785429,0,0
0.94976806640625,-0.02503519890369313,16.660758488614807,0,0
0.943695068359375,-0.030989558241407256,16.669102578190092,0,0
0.936981201171875,-0.03699750251497262,16.677403080662916,0,0
0.93121337890625,-0.043037770387300445,16.68565917795274,0,0
0.925140380859375,-0.04908935432411464,16.693870049853835,0,0
0.918853759765625,-0.055131620981693524,16.702034874074236,0,0
0.912689208984375,-0.061144373778654365,16.710152826275625,0,0
0.906494140625,-0.06710800738407009,16.718223080114043,0,0
0.900421142578125,-0.07300372771926836,16.726244807281546,0,0
0.894256591796875,-0.0788137919517561,16.73421717754871,0,0
0.888214111328125,-0.08452179024412321,16.74213935880806,0,0
0.88299560546875,-0.0901129349882077,16.750010517118362,0,0
0.876983642578125,-0.09557424421578496,16.757829816749855,0,0
0.871551513671875,-0.10089465454237484,16.76559642023034,0,0
0.866851806640625,-0.10606515625626578,16.77330948839222,0,0
0.8616943359375,-0.11107882219957678,16.78096818042038,0,0
0.8565673828125,-0.11593070241884756,16.78857165390105,0,0
0.851837158203125,-0.12061780495583771,16.796119064871526,0,0
0.8472900390625,-0.1251392006349389,16.8036095678708,0,0
0.842742919921875,-0.12949611165405825,16.811042315991134,0,0
0.837677001953125,-0.13369202809208672,16.818416460930504,0,0
0.8336181640625,-0.1377330099240758,16.82573115304599,0,0
0.829742431640625,-0.1416280783868084,16.832985541408068,0,0
0.82550048828125,-0.1453894605703413,16.840178773855797,0,0
0.822052001953125,-0.1490327053220478,16.847309997052946,0,0
0.81829833984375,-0.15257676935209377,16.854378356545027,0,0
0.8153076171875,-0.15604400914570987,16.86138299681721,0,0
0.8114013671875,-0.1594600492031818,16.8683230613532,0,0
0.8084716796875,-0.1628536232267087,16.875197692694975,0,0
0.80548095703125,-0.16625638540555251,16.88200603250349,0,0
0.802764892578125,-0.1697025168132387,16.888747221620214,0,0
0.800140380859375,-0.17322802874637344,16.895420400129645,0,0
0.796966552734375,-0.17686984488401314,16.902024707422687,0,0
0.794097900390625,-0.18066480865182633,16.908559282260942,0,0
0.79119873046875,-0.1846486611123684,16.915023262841903,0,0
0.78826904296875,-0.18885487093253991,16.921415786865044,0,0
0.7843017578125,-0.1933132953768813,16.927735991598787,0,0
0.78021240234375,-0.19804890497999303,16.933983013948396,0,0
0.775390625,-0.20308078818688513,16.94015599052472,0,0
0.770233154296875,-0.20842145232005954,16.946254057713837,0,0
0.76434326171875,-0.21407638645769364,16.95227635174759,0,0
0.7576904296875,-0.22004392949072005,16.95822200877497,0,0
0.75091552734375,-0.22631550322156888,16.964090164934376,0,0
0.74334716796875,-0.23287617308543665,16.96987995642678,0,0
0.735687255859375,-0.23970544489104506,16.975590519589666,0,0
0.7279052734375,-0.24677821743250455,16.981220990971927,0,0
0.720123291015625,-0.2540657509727053,16.98677050740954,0,0
0.71185302734375,-0.2615365330011169,16.992238206102076,0,0
0.7039794921875,-0.26915705484516633,16.99762322469013,0,0
0.695281982421875,-0.2768925458980705,17.002924701333466,0,0
0.687255859375,-0.2847076965220977,17.00814177479007,0,0
0.6790771484375,-0.2925673430234861,17.013273584495984,0,0
0.670501708984375,-0.30043704786409414,17.018319270645936,0,0
0.662506103515625,-0.3082836290997321,17.02327797427481,0,0
0.654815673828125,-0.31607565132905086,17.02814883733984,0,0
0.6468505859375,-0.32378373875863886,17.032931002803664,0,0
0.63909912109375,-0.331380733383519,17.03762361471808,0,0
0.631744384765625,-0.3388418422445993,17.042225818308605,0,0
0.624359130859375,-0.3461447579823668,17.046736760059783,0,0
0.6171875,-0.3532697068313433,17.051155587801222,0,0
0.610260009765625,-0.3601994756367329,17.055481450794378,0,0
0.60400390625,-0.36691940502433795,17.059713499820052,0,0
0.597442626953125,-0.37341726002473713,17.063850887266597,0,0
0.591217041015625,-0.3796830211137297,17.06789276721884,0,0
0.58514404296875,-0.3857087407163546,17.071838295547664,0,0
0.57977294921875,-0.3914884639182158,17.075686630000305,0,0
0.5740966796875,-0.39701809787952014,17.079436930291266,0,0
0.568695068359375,-0.4022952556761455,17.083088358193915,0,0
0.56427001953125,-0.40731915506957245,17.086640077632723,0,0
0.559326171875,-0.4120904774419039,17.09009125477609,0,0
0.55487060546875,-0.4166111472599413,17.093441058129827,0,0
0.55084228515625,-0.42088415259474676,17.096688658631194,0,0
0.547027587890625,-0.4249133821550444,17.099833229743552,0,0
0.542999267578125,-0.4287034097062682,17.102873947551565,0,0
0.539459228515625,-0.43225933572009745,17.105809990856955,0,0
0.53619384765625,-0.4355867472902241,17.108640541274784,0,0
0.53271484375,-0.4386917197407079,17.111364783330302,0,0
0.530303955078125,-0.44158082135879856,17.113981904556216,0,0
0.527587890625,-0.44426106387395864,17.116491095590536,0,0
0.524810791015625,-0.4467397704793787,17.11889155027484,0,0
0.522674560546875,-0.4490244968608356,17.121182465752995,0,0
0.520751953125,-0.4511230240339355,17.12336304257034,0,0
0.519073486328125,-0.4530432545743486,17.12543248477326,0,0
0.5166015625,-0.4547930351227201,17.12739000000917,0,0
0.5152587890625,-0.4563801239533808,17.129234799626904,0,0
0.514129638671875,-0.45781227610125086,17.130966098777424,0,0
0.512237548828125,-0.45909722929550734,17.132583116514905,0,0
0.511810302734375,-0.46024262017792206,17.134085075898135,0,0
0.5098876953125,-0.46125594476574666,17.13547120409223,0,0
0.50921630859375,-0.46214459513162676,17.136740732470596,0,0
0.509307861328125,-0.46291591312935026,17.137892896717222,0,0
0.507049560546875,-0.4635771178139498,17.138926936929156,0,0
0.506622314453125,-0.4641353348131751,17.13984209771922,0,0
0.50665283203125,-0.4645979079314114,17.140637628318963,0,0
0.506744384765625,-0.4649725167252039,17.141312782681737,0,0
0.506805419921875,-0.4652668153846529,17.14186681958597,0,0
0.506866455078125,-0.46548788539129315,17.142299002738568,0,0
0.506744384765625,-0.46564176084988196,17.14260860087843,0,0
0.507049560546875,-0.46573307180980933,17.142794887880036,0,0
0.50689697265625,-0.46576476298555397,17.142857142857142,0,1
0.506683349609375,-0.46573789683771394,17.142817049416028,0,0
0.5068359375,-0.4656516155008251,17.142697043422586,0,0
0.506561279296875,-0.4655032330750062,17.142497538030746,0,0
0.507049560546875,-0.46528836339364443,17.142218948575895,0,0
0.506927490234375,-0.4650010314486282,17.14186169253656,0,0
0.506744384765625,-0.4646338143763648,17.141426189496183,0,0
0.506622314453125,-0.4641781644684064,17.14091286110495,0,0
0.507110595703125,-0.4636249198473568,17.140322131041657,0,0
0.509368896484375,-0.4629646448946931,17.13965442497568,0,0
0.509246826171875,-0.4621874505890976,17.138910170529005,0,0
0.50927734375,-0.46128266408459184,17.13808979723834,0,0
0.51123046875,-0.4602389432844953,17.137193736517304,0,0
0.51177978515625,-0.45904458696508005,17.136222421618726,0,0
0.513397216796875,-0.45768762271407093,17.13517628759703,0,0
0.514190673828125,-0.45615586175696543,17.13405577127072,0,0
0.5162353515625,-0.4544370987812918,17.132861311184968,0,0
0.517547607421875,-0.4525193568863599,17.131593347574313,0,0
0.519805908203125,-0.4503911095516955,17.130252322325493,0,0
0.522186279296875,-0.44804146368667663,17.128838678940365,0,0
0.5245361328125,-0.4454602600754045,17.12735286249899,0,0
0.527191162109375,-0.44263814038143157,17.125795319622807,0,0
0.530181884765625,-0.4395666791957459,17.12416649843796,0,0
0.532989501953125,-0.43623857826645424,17.122466848538775,0,0
0.536407470703125,-0.43264792557956944,17.120696820951352,0,0
0.540191650390625,-0.4287905067568374,17.118856868097335,0,0
0.544189453125,-0.4246640565064767,17.116947443757812,0,0
0.54803466796875,-0.4202684384817558,17.11496900303736,0,0
0.5523681640625,-0.41560589918363966,17.11292200232829,0,0
0.556854248046875,-0.41068145680078577,17.110806899275012,0,0
0.562103271484375,-0.40550330956717345,17.108624152738606,0,0
0.56719970703125,-0.4000831289049545,17.10637422276152,0,0
0.572540283203125,-0.3944362494503199,17.104057570532483,0,0
0.578277587890625,-0.3885818644068509,17.101674658351588,0,0
0.5902099609375,-0.3825427792073307,17.099225949595525,0,0
0.596160888671875,-0.3763437608077471,17.09671190868306,0,0
0.602783203125,-0.3700089270605089,17.094133001040646,0,0
0.60919189453125,-0.3635599441364487,17.09148969306826,0,0
0.615325927734375,-0.3570155003730579,17.088782452105434,0,0
0.6220703125,-0.3503913035206179,17.086011746397457,0,0
0.62841796875,-0.3437001851026109,17.083178045061832,0,0
0.634918212890625,-0.3369522404234563,17.080281818054893,0,0
0.6416015625,-0.3301550135132176,17.077323536138653,0,0
0.6480712890625,-0.3233137234979247,17.074303670847854,0,0
0.65472412109375,-0.3164315090409879,17.071222694457244,0,0
0.661376953125,-0.3095097066621906,17.068081079949074,0,0
0.66778564453125,-0.30254816974259363,17.0648793009808,0,0
0.6744384765625,-0.2955456552751773,17.061617831853006,0,0
0.681243896484375,-0.2885002728364867,17.058297147477592,0,0
0.687896728515625,-0.2814099139582957,17.05491772334614,0,0
0.69476318359375,-0.2742726401163631,17.051480035498553,0,0
0.702484130859375,-0.2670870011057278,17.047984560491905,0,0
0.709014892578125,-0.25985218043018904,17.044431775369528,0,0
0.716461181640625,-0.25256804871166405,17.040822157630352,0,0
0.723785400390625,-0.24523527167750328,17.037156185198487,0,0
0.731231689453125,-0.23785538375495674,17.033434336393007,0,0
0.738983154296875,-0.2304307283447365,17.029657089898052,0,0
0.746429443359375,-0.22296429727674724,17.02582492473312,0,0
0.75372314453125,-0.2154595604886947,17.02193832022361,0,0
0.761444091796875,-0.20792039443891286,17.01799775597167,0,0
0.76910400390625,-0.20035106888572346,17.014003711827232,0,0
0.776947021484375,-0.19275615536631124,17.00995666785934,0,0
0.78424072265625,-0.185140368484207,17.005857104327735,0,0
0.7921142578125,-0.17750846253285735,17.001705501654676,0,0
0.79925537109375,-0.16986523050173266,16.99750234039706,0,0
0.806915283203125,-0.1622155929541452,16.993248101218747,0,0
0.814697265625,-0.15456473207265872,16.98894326486321,0,0
0.821990966796875,-0.1469181757841695,16.984588312126416,0,0
0.829803466796875,-0.13928183462899885,16.980183723829963,0,0
0.8372802734375,-0.13166204613936658,16.97572998079451,0,0
0.845184326171875,-0.12406557854160069,16.971227563813475,0,0
0.8529052734375,-0.11649953154382044,16.966676953626976,0,0
0.860443115234375,-0.10897114690702148,16.962078630896073,0,0
0.867828369140625,-0.10148762790027074,16.957433076177264,0,0
0.8751220703125,-0.09405607109864896,16.95274076989726,0,0
0.8826904296875,-0.08668348845224902,16.94800219232804,0,0
0.8897705078125,-0.0793768222683423,16.943217823562165,0,0
0.897125244140625,-0.07214293101649344,16.938388143488385,0,0
0.90472412109375,-0.06498853997629805,16.933513631767507,0,0
0.9114990234375,-0.05792009630087762,16.928594767808562,0,0
0.918212890625,-0.05094362563488582,16.92363203074522,0,0
0.92535400390625,-0.044064749236365025,16.918625899412508,0,0
0.93206787109375,-0.03728875187687125,16.913576852323796,0,0
0.938751220703125,-0.030620552415630345,16.908485367648076,0,0
0.945098876953125,-0.02406465507145708,16.90335192318749,0,0
0.951904296875,-0.017625148525399217,16.89817699635517,0,0
0.958099365234375,-0.011305672326951108,16.892961064153354,0,0
0.964691162109375,-0.005109295719225748,16.887704603151768,0,0
0.970611572265625,0.0009616518416349501,16.88240808946628,0,0
0.977142333984375,0.006905769757655791,16.877071998737904,0,0
0.9825439453125,0.012722792618392903,16.871696806111977,0,0
0.98858642578125,0.018413757919834628,16.866282986217712,0,0
0.994171142578125,0.023981105387013285,16.86083101314798,0,0
0.99945068359375,0.029428758736485344,16.85534136043939,0,0
1.005035400390625,0.03476218443884302,16.84981450105267,0,0
1.01025390625,0.03998842716644646,16.844250907353285,0,0
1.01519775390625,0.045116158547132024,16.83865105109237,0,0
1.0198974609375,0.0501556532295338,16.833015403387947,0,0
1.02490234375,0.05511861819876819,16.827344434706397,0,0
1.02935791015625,0.06001795464544707,16.821638614844236,0,0
1.034088134765625,0.06486750740710509,16.815898412910165,0,0
1.038421630859375,0.06968176680160293,16.810124297307386,0,0
1.043243408203125,0.0744755276734481,16.80431673571623,0,0
1.047760009765625,0.07926357586610291,16.79847619507703,0,0
1.052154541015625,0.08406041951354275,16.79260314157329,0,0
1.057098388671875,0.0888800118307104,16.78669804061514,0,0
1.06219482421875,0.09373553085092654,16.780761356823035,0,0
1.066986083984375,0.09863934353536387,16.77479355401179,0,0
1.072021484375,0.10360307939378521,16.768795095174827,0,0
1.077301025390625,0.10863768930328724,16.76276644246874,0,0
1.08221435546875,0.11375350959721665,16.75670805719812,0,0
1.08758544921875,0.11896032724385286,16.75062039980067,0,0
1.092742919921875,0.12426739712343121,16.744503929832554,0,0
1.097930908203125,0.129683404199833,16.73835910595408,0,0
1.103363037109375,0.1352163482433881,16.732186385915583,0,0
1.108917236328125,0.14087336610709955,16.725986226543665,0,0
1.11444091796875,0.14666055310627651,16.719759083727624,0,0
1.1199951171875,0.15258276183216177,16.71350541240619,0,0
1.1260986328125,0.15864333982567944,16.70722566655454,0,0
1.13232421875,0.1648438967248586,16.700920299171568,0,0
1.139068603515625,0.17118423875447997,16.694589762267398,0,0
1.145477294921875,0.17766249159649286,16.68823450685122,0,0
1.152313232421875,0.1842753022027558,16.681854982919333,0,0
1.1588134765625,0.19101799594685706,16.675451639443477,0,0
1.16552734375,0.19788462206415897,16.669024924359434,0,0
1.17279052734375,0.20486790421854809,16.662575284555878,0,0
1.179779052734375,0.21195921731354164,16.656103165863488,0,0
1.1873779296875,0.21914867673848007,16.649609013044316,0,0
1.19439697265625,0.22642529772265682,16.643093269781435,0,0
1.201934814453125,0.23377713822541601,16.636556378668807,0,0
1.209686279296875,0.24119141302317287,16.629998781201436,0,0
1.216827392578125,0.24865464303015367,16.62342091776576,0,0
1.224456787109375,0.2561527932136709,16.61682322763031,0,0
1.23175048828125,0.2636713032314519,16.610206148936594,0,0
1.23980712890625,0.2711950866873362,16.603570118690264,0,0
1.247222900390625,0.27870863710578,16.596915572752515,0,0
1.254791259765625,0.286196226469483,16.590242945831726,0,0
1.26214599609375,0.29364206170357315,16.583552671475353,0,0
1.269622802734375,0.30103035141083,16.576845182062073,0,0
1.276824951171875,0.3083453402551804,16.570120908794166,0,0
1.284423828125,0.3155713616534394,16.563380281690144,0,0
1.29156494140625,0.32269295933773884,16.556623729577588,0,0
1.298492431640625,0.32969506655762615,16.5498516800863,0,0
1.30560302734375,0.3365631515682812,16.543064559641593,0,0
1.312042236328125,0.34328330599973833,16.536262793457908,0,0
1.3189697265625,0.349842311437472,16.529446805532608,0,0
1.325103759765625,0.35622770520117675,16.522617018640016,0,0
1.331451416015625,0.3624278472687762,16.515773854325715,0,0
1.337066650390625,0.3684319415657031,16.50891773290103,0,0
1.343109130859375,0.3742299844855474,16.502049073437778,0,0
1.3486328125,0.37981271063201105,16.49516829376324,0,0
1.353759765625,0.38517158661561884,16.488275810455324,0,0
1.3587646484375,0.39029877291635695,16.481372038838,0,0
1.363616943359375,0.39518700264573736,16.474457392976916,0,0
1.36810302734375,0.3998294507014717,16.46753228567528,0,0
1.372344970703125,0.4042196251633492,16.460597128469903,0,0
1.37628173828125,0.40835123703913856,16.45365233162752,0,0
1.38043212890625,0.4122180656179952,16.44669830414129,0,0
1.383758544921875,0.41581389794201495,16.439735453727508,0,0
1.387237548828125,0.4191325363507969,16.432764186822553,0,0
1.390533447265625,0.4221678336854287,16.425784908580038,0,0
1.392669677734375,0.4249137566264092,16.418798022868167,0,0
1.395355224609375,0.42736438413365296,16.411803932267297,0,0
1.397247314453125,0.4295137935563444,16.4048030380677,0,0
1.399627685546875,0.4313559852909058,16.39779574026758,0,0
1.4002685546875,0.43288490566750487,16.3907824375712,0,0
1.402099609375,0.4340944294350703,16.38376352738731,0,0
1.402252197265625,0.4349782544851268,16.376739405827703,0,0
1.40289306640625,0.4355297642724922,16.369710467706014,0,0
1.40460205078125,0.43574197973553164,16.362677106536683,1,0
1.404815673828125,0.43560792301681145,16.35563971453414,0,0
1.403350830078125,0.4351213137191113,16.348598682612174,0,0
1.402496337890625,0.43427690717004525,16.34155440038348,0,0
1.402130126953125,0.4330703514052154,16.334507256159416,0,0
1.4000244140625,0.4314981456836062,16.32745763694995,0,0
1.398681640625,0.42955784249269885,16.32040592846378,0,0
1.39642333984375,0.4272482552548983,16.31335251510864,0,0
1.39373779296875,0.4245696558297428,16.3062977799918,0,0
1.390716552734375,0.4215239444288802,16.299242104920754,0,0
1.38751220703125,0.4181147341874775,16.292185870404065,0,0
1.3837890625,0.41434742984737505,16.285129455652406,0,0
1.380523681640625,0.41022940074775915,16.27807323857979,0,0
1.376434326171875,0.4057703390649367,16.271017595804956,0,0
1.371826171875,0.4009827820403386,16.263962902652917,0,0
1.367279052734375,0.39588261199405567,16.25690953315673,0,0
1.3572998046875,0.3904891077627706,16.249857860059393,0,0
1.35125732421875,0.3848238430004068,16.24280825481592,0,0
1.3458251953125,0.3789086962045885,16.235761087595606,0,0
1.3397216796875,0.3727644623262872,16.228716727284432,0,0
1.333648681640625,0.36641061093377036,16.22167554148765,0,0
1.327056884765625,0.3598654677033107,16.214637896532533,0,0
1.320953369140625,0.35314639008660953,16.20760415747128,0,0
1.314300537109375,0.34627000580581807,16.200574688084075,0,0
1.307342529296875,0.33925254053284326,16.19354985088233,0,0
1.30096435546875,0.332110147860664,16.186530007112065,0,0
1.294097900390625,0.32485928039092393,16.179515516757444,0,0
1.287200927734375,0.3175171885459796,16.172506738544474,0,0
1.28009033203125,0.3101024530827575,16.165504029944863,0,0
1.2730712890625,0.3026354494000679,16.15850774718001,0,0
1.26605224609375,0.2951387792479402,16.151518245225162,0,0
1.251861572265625,0.28763719787413095,16.14453587781371,0,0
1.244964599609375,0.2801559850876427,16.13756099744165,0,0
1.2379150390625,0.2727182819915082,16.130593955372156,0,0
1.230804443359375,0.2653434842526881,16.123635101640343,0,0
1.224029541015625,0.2580471745373244,16.11668478505813,0,0
1.217254638671875,0.2508415623496869,16.109743353219272,0,0
1.210479736328125,0.2437359604633431,16.102811152504533,0,0
1.20330810546875,0.23673722727996524,16.095888528086963,0,0
1.196685791015625,0.22985004425703423,16.088975823937382,0,0
1.190093994140625,0.22307706037063127,16.08207338282991,0,0
1.183624267578125,0.2164190547120659,16.075181546347714,0,0
1.177520751953125,0.20987517960850094,16.06830065488885,0,0
1.1710205078125,0.20344325529211388,16.06143104767223,0,0
1.1646728515625,0.1971200274519537,16.054573062743742,0,0
1.158935546875,0.19090132575450208,16.047727036982494,0,0
1.15234375,0.18478219051786388,16.04089330610717,0,0
1.1463623046875,0.17875695621487822,16.03407220468254,0,0
1.14093017578125,0.17281925194994163,16.027264066126094,0,0
1.134979248046875,0.166962080533048,16.02046922271475,0,0
1.129486083984375,0.1611780381905245,16.013688005591767,0,0
1.1241455078125,0.15545956422064294,16.006920744773726,0,0
1.11798095703125,0.14979917861351427,16.000167769157642,0,0
1.112884521484375,0.14418964082956326,15.993429406528204,0,0
1.107391357421875,0.13862403821407984,15.986705983565127,0,0
1.102386474609375,0.133095974124581,15.979997825850637,0,0
1.096832275390625,0.12759988625391816,15.973305257877048,0,0
1.091552734375,0.12213135384278712,15.966628603054481,0,0
1.08575439453125,0.11668727655889649,15.959968183718674,0,0
1.080322265625,0.11126588425874158,15.953324321138922,0,0
1.07489013671875,0.10586663141098068,15.946697335526128,0,0
1.06915283203125,0.10049006742357984,15.940087546040955,0,0
1.063385009765625,0.09513765431283665,15.9334952708021,0,0
1.05780029296875,0.08981144962523077,15.926920826894673,0,0
1.052215576171875,0.08451370846012823,15.920364530378686,0,0
1.04705810546875,0.07924653539211682,15.91382669629764,0,0
1.041748046875,0.07401167116443738,15.907307638687236,0,0
1.0362548828125,0.06881038950193204,15.900807670584184,0,0
1.0311279296875,0.06364338841434497,15.894327104035103,0,0
1.0257568359375,0.05851063835828607,15.88786625010555,0,0
1.020965576171875,0.05341125974537746,15.881425418889124,0,0
1.016357421875,0.04834353494687936,15.875004919516707,0,0
1.01153564453125,0.04330513551347272,15.86860506016577,0,0
1.006622314453125,0.038293479460629394,15.862226148069801,0,0
1.001861572265625,0.03330604045139768,15.855868489527824,0,0
0.996795654296875,0.028340556397013154,15.849532389914025,0,0
0.99212646484375,0.023395171759234886,15.843218153687468,0,0
0.987548828125,0.018468579599180683,15.836926084401908,0,0
0.982421875,0.013560222100530872,15.8306564847157,0,0
0.97772216796875,0.008670470836941821,15.824409656401825,0,0
0.9725341796875,0.0038006844464030104,15.81818590035796,0,0
0.96795654296875,-0.0010468250209637806,15.811985516616717,0,0
0.96295166015625,-0.005868834350161854,15.805808804355884,0,0
0.958099365234375,-0.010661237592383396,15.799656061908856,0,0
0.952911376953125,-0.015419132761987177,15.793527586775074,0,0
0.94830322265625,-0.02013701699273595,15.787423675630613,0,0
0.943817138671875,-0.02480897929978087,15.781344624338825,0,0
0.93902587890625,-0.029428758048322186,15.775290727961103,0,0
0.93426513671875,-0.03398974061653561,15.7692622807677,0,0
0.92962646484375,-0.038485065308427296,15.763259576248677,0,0
0.92510986328125,-0.042907817180213643,15.757282907124901,0,0
0.920928955078125,-0.047251200160157665,15.751332565359158,0,0
0.916290283203125,-0.051508636290034486,15.745408842167334,0,0
0.912200927734375,-0.05567385912477006,15.739512028029713,0,0
0.908203125,-0.05974103392633624,15.73364241270232,0,0
0.904083251953125,-0.06370483436477752,15.727800285228389,0,0
0.900177001953125,-0.06756048475198724,15.721985933949885,0,0
0.89642333984375,-0.07130383553382424,15.716199646519149,0,0
0.89251708984375,-0.07493146614051216,15.710441709910574,0,0
0.889373779296875,-0.07844078569383449,15.70471241043243,0,0
0.886077880859375,-0.08183006021580762,15.699012033738715,0,0
0.882415771484375,-0.08509834430671552,15.693340864841126,0,0
0.879608154296875,-0.08824545164187454,15.687699188121105,0,0
0.876556396484375,-0.09127198372133623,15.682087287341956,0,0
0.8739013671875,-0.09417928265780533,15.67650544566107,0,0
0.871185302734375,-0.096969293759831,15.670953945642205,0,0
0.8682861328125,-0.09964443235222976,15.66543306926786,0,0
0.8662109375,-0.10220750983048472,15.659943097951746,0,0
0.8636474609375,-0.10466165707388506,15.654484312551316,0,0
0.861328125,-0.10701019881635146,15.649056993380388,0,0
0.858978271484375,-0.10925657351999994,15.643661420221841,0,0
0.85675048828125,-0.11140435421819304,15.638297872340429,0,0
0.854766845703125,-0.11345731377917743,15.632966628495593,0,0
0.853057861328125,-0.11541945042289073,15.62766796695447,0,0
0.851165771484375,-0.117294914251206,15.62240216550488,0,0
0.8489990234375,-0.11908791220472599,15.617169501468457,0,0
0.847808837890625,-0.12080270745306493,15.611970251713824,0,0
0.84649658203125,-0.12244359205493584,15.606804692669892,0,0
0.84381103515625,-0.12401475044790544,15.601673100339173,0,0
0.84295654296875,-0.1255202686336137,15.596575750311258,0,0
0.841522216796875,-0.12696430224368835,15.591512917776315,0,0
0.839996337890625,-0.12835110207252207,15.586484877538675,0,0
0.839141845703125,-0.12968490569382043,15.581491904030527,0,0
0.837005615234375,-0.1309698702929154,15.576534271325674,0,0
0.83642578125,-0.13221010560630614,15.571612253153377,0,0
0.83465576171875,-0.13340977001885967,15.566726122912275,0,0
0.834014892578125,-0.13457312670125252,15.561876153684393,0,0
0.832550048828125,-0.13570453643055916,15.557062618249226,0,0
0.83154296875,-0.13680843894522765,15.55228578909792,0,0
0.830718994140625,-0.13788934272314865,15.547545938447515,0,0
0.829315185546875,-0.1389517928550951,15.542843338255274,0,0
0.8292236328125,-0.1400002843915734,15.53817826023313,0,0
0.826904296875,-0.14103914331063847,15.533550975862154,0,0
0.82696533203125,-0.14207248394143385,15.52896175640716,0,0
0.825469970703125,-0.14310423324216745,15.524410872931377,0,0
0.824432373046875,-0.1441380939746394,15.51989859631119,0,0
0.824188232421875,-0.14517746723689498,15.515425197250988,0,0
0.8218994140625,-0.1462253711444355,15.510990946298095,0,0
0.82196044921875,-0.14728441331684708,15.50659611385776,0,0
0.819915771484375,-0.14835685463059717,15.502240970208277,0,0
0.81939697265625,-0.14944467439886155,15.49792578551615,0,0
0.818359375,-0.15054959764664375,15.493650829851362,0,0
0.81683349609375,-0.15167306609303982,15.489416373202753,0,0
0.81640625,-0.15281618729800964,15.485222685493442,0,0
0.81463623046875,-0.1539796945575772,15.481070036596371,0,0
0.81451416015625,-0.155163854859388,15.476958696349932,0,0
0.811981201171875,-0.15636835162076582,15.472888934573676,0,0
0.810089111328125,-0.1575923972775148,15.468861021084113,0,0
0.8094482421875,-0.15883522605826406,15.464875225710612,0,0
0.808197021484375,-0.1600965451515772,15.460931818311398,0,0
0.80712890625,-0.16137655900477163,15.45703106878961,0,0
0.8060302734375,-0.16267576969721997,15.453173247109484,0,0
0.804473876953125,-0.16399480422152982,15.449358623312634,0,0
0.80389404296875,-0.16533428680226256,15.445587467534384,0,0
0.80224609375,-0.1666946761817628,15.441860050020267,0,0
0.801025390625,-0.16807606760978727,15.43817664114254,0,0
0.79931640625,-0.1694781007587693,15.434537511416845,0,0
0.7978515625,-0.17090002609816257,15.430942931518983,0,0
0.79693603515625,-0.17234080471864882,15.42739317230174,0,0
0.7947998046875,-0.17379911696302106,15.42388850481184,0,0
0.793975830078125,-0.17527333345417284,15.420429200307,0,0
0.79229736328125,-0.17676150255811962,15.417015530273078,0,0
0.790618896484375,-0.17826131072471724,15.413647766441345,0,0
0.78985595703125,-0.17977004092878127,15.410326180805814,0,0
0.787384033203125,-0.18128452982428817,15.407051045640737,0,0
0.785736083984375,-0.18280121807321525,15.40382263351816,0,0
0.78448486328125,-0.1843164113387618,15.400641217325605,0,0
0.7822265625,-0.18582656869833647,15.397507070283861,0,0
0.78143310546875,-0.1873284876857356,15.394420465964872,0,0
0.77978515625,-0.18881939192376132,15.391381678309772,0,0
0.77813720703125,-0.1902968975904816,15.388390981646968,0,0
0.77728271484375,-0.1917589532238591,15.385448650710405,0,0
0.77496337890625,-0.193203812822188,15.382554960657902,0,0
0.773590087890625,-0.19463010170130748,15.37971018708963,0,0
0.772430419921875,-0.1960370225428593,15.376914606066672,0,0
0.77032470703125,-0.19742454326494555,15.374168494129757,0,0
0.769805908203125,-0.19879350107256907,15.371472128318056,0,0
0.767578125,-0.20014567023588523,15.368825786188138,0,0
0.76708984375,-0.20148378556119645,15.366229745833044,0,0
0.76507568359375,-0.2028115398561984,15.363684285901464,0,0
0.764190673828125,-0.2041335794508809,15.361189685617074,0,0
0.7626953125,-0.20545550930981815,15.358746224797976,0,0
0.762176513671875,-0.20678383157153057,15.356354183876267,0,0
0.76019287109375,-0.20812574951046553,15.354013843917759,0,0
0.759857177734375,-0.20948893675207583,15.35172548664182,0,0
0.757904052734375,-0.2108813275706011,15.349489394441337,0,0
0.75738525390625,-0.21231088327998976,15.347305850402844,0,0
0.75537109375,-0.2137853486931827,15.34517513832677,0,0
0.754852294921875,-0.21531201717637952,15.343097542747806,0,0
0.7529296875,-0.21689746385273068,15.341073348955478,0,0
0.75164794921875,-0.2185472595185276,15.339102843014798,0,0
0.750152587890625,-0.22026573567960261,15.337186311787075,0,0
0.747894287109375,-0.22205581751356504,15.335324042950909,0,0
0.746124267578125,-0.22391897927787027,15.333516325023313,0,0
0.7440185546875,-0.2258553552303124,15.331763447380943,0,0
0.742340087890625,-0.22786386050786678,15.33006570028157,0,0
0.740142822265625,-0.22994220075409794,15.328423374885643,0,0
0.738189697265625,-0.23208680819627886,15.326836763278013,0,0
0.735870361328125,-0.23429278224971858,15.32530615848985,0,0
0.73333740234375,-0.23655389374203137,15.323831854520698,0,0
0.730926513671875,-0.23886270414639912,15.322414146360705,0,0
0.728790283203125,-0.2412107522660167,15.321053330013001,0,0
0.726226806640625,-0.243588673249475,15.319749702516287,0,0
0.72369384765625,-0.2459862551462213,15.31850356196754,0,0
0.72113037109375,-0.24839255561145654,15.317315207544944,0,0
0.719024658203125,-0.2507960655760292,15.316184939530967,0,0
0.71649169921875,-0.25318479585118603,15.315113059335612,0,0
0.714111328125,-0.25554628651013317,15.314099869519897,0,0
0.71173095703125,-0.2578676467174093,15.313145673819447,0,0
0.709442138671875,-0.2601356466184308,15.31225077716834,0,0
0.707611083984375,-0.26233678306825625,15.311415485723103,0,0
0.70526123046875,-0.26445725967891665,15.31064010688692,0,0
0.70355224609375,-0.2664829224401158,15.309924949334007,0,0
0.701019287109375,-0.26839925185639524,15.309270323034244,0,0
0.698822021484375,-0.2701915241893056,15.30867653927794,0,0
0.697723388671875,-0.2718451381938013,15.308143910700826,0,0
0.696197509765625,-0.2733458416200232,15.3076727513093,0,0
0.6939697265625,-0.2746797717967697,15.307263376505816,0,0
0.693634033203125,-0.27583358453553763,15.306916103114515,0,0
0.69171142578125,-0.27679469438083304,15.306631249407078,0,0
0.691070556640625,-0.27755150026775466,15.3064091351288,0,0
0.691009521484375,-0.27809361096626406,15.306250081524865,0,0
0.691375732421875,-0.2784118649100484,15.306154411366874,0,0
0.69146728515625,-0.2784979723292109,15.306122448979592,0,1
0.691436767578125,-0.2783440535765137,15.306276399695681,0,0
0.69134521484375,-0.27794244699685294,15.306736826472463,0,0
0.69140625,-0.2772859147447494,15.307501618479844,0,0
0.692626953125,-0.2763680957008642,15.308568700514437,0,0
0.69384765625,-0.27518387350378076,15.309936032167954,0,0
0.695556640625,-0.27372945671389437,15.311601607011411,0,0
0.6971435546875,-0.27200227946078565,15.31356345179469,0,0
0.698944091796875,-0.27000093689993926,15.315819625660938,0,0
0.701507568359375,-0.2677252316075405,15.318368219375339,0,0
0.7041015625,-0.26517621859891477,15.321207354567814,0,0
0.70684814453125,-0.26235615798774703,15.324335182989197,0,0
0.70977783203125,-0.25926847435934663,15.327749885780442,0,0
0.712493896484375,-0.2559178637357401,15.331449672754466,0,0
0.71612548828125,-0.25231058243100135,15.335432781690201,0,0
0.719818115234375,-0.2484547974661505,15.339697477638461,0,0
0.72369384765625,-0.24436084656132945,15.34424205223924,0,0
0.727508544921875,-0.24004145409457822,15.349064823050078,0,0
0.73626708984375,-0.23551170557515347,15.354164132885098,0,0
0.740753173828125,-0.23078809601307898,15.359538349164403,0,0
0.745513916015625,-0.2258868715179614,15.36518586327344,0,0
0.7506103515625,-0.22082293818858695,15.371105089932028,0,0
0.75555419921875,-0.21560968189551963,15.377294466572721,0,0
0.760589599609375,-0.21025911238333211,15.383752452728151,0,0
0.765869140625,-0.2047820920979621,15.390477529427114,0,0
0.771209716796875,-0.19918863469802237,15.397468198598984,0,0
0.776611328125,-0.19348820927705943,15.4047229824863,0,0
0.7821044921875,-0.1876900533589156,15.412240423065095,0,0
0.787445068359375,-0.18180353478779793,15.420019081472816,0,0
0.79296875,-0.17583859821208636,15.428057537443472,0,0
0.798797607421875,-0.16980627452531094,15.436354388749772,0,0
0.804534912109375,-0.1637191533282216,15.444908250652023,0,0
0.810150146484375,-0.15759178787786732,15.45371775535348,0,0
0.822021484375,-0.15144066558726715,15.462781551461964,0,0
0.82806396484375,-0.1452828477867209,15.472098303457434,0,0
0.83392333984375,-0.13913363196966824,15.48166669116537,0,0
0.839447021484375,-0.13300505843980276,15.491485409235642,0,0
0.845916748046875,-0.12690580084903136,15.501553166626715,0,0
0.85150146484375,-0.12084146560357172,15.511868686094932,0,0
0.857269287109375,-0.11481480612503872,15.522430703688686,0,0
0.86322021484375,-0.10882597442407523,15.533237968247251,0,0
0.868927001953125,-0.10287281050286193,15.544289240904092,0,0
0.874542236328125,-0.09695110251044163,15.555583294594436,0,0
0.880584716796875,-0.09105484678934508,15.56711891356692,0,0
0.885833740234375,-0.08517650752639258,15.578894892899145,0,0
0.891510009765625,-0.07930730974455477,15.590910038016908,0,0
0.897064208984375,-0.07343763070882496,15.603163164216978,0,0
0.90277099609375,-0.06755742165759648,15.615653096193213,0,0
0.908355712890625,-0.06165658130912431,15.62837866756586,0,0
0.914093017578125,-0.05572530343943146,15.641338720413854,0,0
0.92010498046875,-0.049754400473683534,15.654532104809983,0,0
0.925689697265625,-0.04373556831731089,15.667957678358716,0,0
0.9320068359375,-0.03766160946202393,15.681614305736582,0,0
0.937957763671875,-0.03152661680646431,15.69550085823491,0,0
0.944091796875,-0.025326094376079744,15.709616213304818,0,0
0.95001220703125,-0.019057085410748187,15.723959254104273,0,0
0.956512451171875,-0.012718367470591269,15.738528869047084,0,0
0.963348388671875,-0.006310594553873061,15.753323951353737,0,0
0.970062255859375,0.00016378351564079463,15.768343398603845,0,0
0.9766845703125,0.006700788537369606,15.783586112290186,0,0
0.983367919921875,0.013295172240006592,15.79905099737412,0,0
0.989990234375,0.019940564683939954,15.814736961842286,0,0
0.99713134765625,0.026629568689698416,15.830642916264493,0,0
1.003936767578125,0.03335391009809084,15.846767773352601,0,0
1.01080322265625,0.04010466136776296,15.863110447520382,0,0
1.017822265625,0.046872454375673944,15.879669854444149,0,0
1.02423095703125,0.05364762870224633,15.896444910624112,0,0
1.03125,0.060420285172945384,15.913434532946312,0,0
1.038238525390625,0.06718028792751765,15.93063763824507,0,0
1.0450439453125,0.07391734981203553,15.94805314286579,0,0
1.05181884765625,0.08062119929622062,15.965679962228071,0,0
1.05859375,0.08728172003182284,15.983517010389027,0,0
1.065338134765625,0.09388905670154257,16.001563199606665,0,0
1.071685791015625,0.10043371032534859,16.019817439903328,0,0
1.078155517578125,0.10690657076476288,16.038278638629006,0,0
1.084869384765625,0.11329889085457137,16.056945700024542,0,0
1.091156005859375,0.11960232015664587,16.075817524784544,0,0
1.097198486328125,0.12580900413968268,16.09489300962001,0,0
1.102752685546875,0.13191156947185287,16.11417104682053,0,0
1.108551025390625,0.1379028773414522,16.13365052381605,0,0
1.114471435546875,0.14377565910241,16.15333032273806,0,0
1.12481689453125,0.14952259720642688,16.17320931998019,0,0
1.129852294921875,0.15513756350631192,16.193286385758128,0,0
1.134918212890625,0.16061745754677284,16.213560383668817,0,0
1.1397705078125,0.16596313924225417,16.234030170248833,0,0
1.144561767578125,0.17117920183623078,16.25469459453193,0,0
1.14892578125,0.17627336128886262,16.27555249760568,0,0
1.15350341796875,0.1812557908737119,16.296602712167154,0,0
1.15826416015625,0.1861384461048295,16.31784406207761,0,0
1.16265869140625,0.1909345087365398,16.339275361916126,0,0
1.167144775390625,0.19565795768186617,16.360895416532163,0,0
1.171600341796875,0.20032317265787244,16.38270302059698,0,0
1.175933837890625,0.20494455046103255,16.40469695815394,0,0
1.1802978515625,0.20953614286163535,16.426876002167564,0,0
1.18487548828125,0.21411131591303456,16.449238914071408,0,0
1.1890869140625,0.21868245814618398,16.471784443314693,0,0
1.193695068359375,0.22326072708342123,16.494511326907663,0,0
1.197540283203125,0.22785576763229407,16.517418288965658,0,0
1.20220947265625,0.23247534430745742,16.540504040251918,0,0
1.20684814453125,0.23712495198197284,16.563767277719016,0,0
1.21185302734375,0.2418075928701957,16.58720668404906,0,0
1.216094970703125,0.246523752542483,16.610820927192496,0,0
1.220855712890625,0.2512713710623781,16.634608659905645,0,0
1.225494384765625,0.256045692615243,16.658568519286877,0,0
1.230499267578125,0.2608391081162804,16.682699126311533,0,0
1.235626220703125,0.26564113585656435,16.70699908536548,0,0
1.24053955078125,0.2704385743911076,16.73146698377743,0,0
1.245513916015625,0.27521574866277265,16.756101391349965,0,0
1.250518798828125,0.2799547573915139,16.780900859889343,0,0
1.25537109375,0.28463572152132327,16.80586392273406,0,0
1.26055908203125,0.28923707944220056,16.83098909428225,0,0
1.265655517578125,0.2937359951479182,16.856274869517918,0,0
1.270263671875,0.2981089084557333,16.881719723536087,0,0
1.275115966796875,0.30233212999660763,16.907322111066833,0,0
1.2789306640625,0.30638236164624294,16.933080465998373,0,0
1.283172607421875,0.31023707354038194,16.958993200899123,0,0
1.2869873046875,0.31387475303023277,16.985058706538883,0,0
1.29052734375,0.3172751360354306,17.0112753514092,0,0
1.29376220703125,0.32041944811095596,17.037641481242897,0,0
1.296630859375,0.3232905876598954,17.064155418532984,0,0
1.29925537109375,0.32587323221141895,17.090815462050863,0,0
1.30126953125,0.328153871959961,17.117619886364068,0,0
1.303314208984375,0.33012076146447616,17.144566941353485,0,0
1.30426025390625,0.3317637807592932,17.17165485173028,0,0
1.306365966796875,0.33307423855294016,17.19888181655254,0,0
1.3065185546875,0.3340447303964672,17.226246008741718,0,0
1.306610107421875,0.33466899660011507,17.25374557459915,0,0
1.308746337890625,0.33494170719916905,17.281378633322504,1,0
1.308258056640625,0.33485854871335524,17.309143276522562,0,0
1.306732177734375,0.33441661881674706,17.337037567740193,0,0
1.306427001953125,0.33361445431834347,17.365059541963927,0,0
1.3060302734375,0.33245174593903115,17.39320720514798,0,0
1.3040771484375,0.330929377804268,17.42147853373115,0,0
1.30255126953125,0.32904970765228625,17.449871474156524,0,0
1.3006591796875,0.3268167397446183,17.478383942392284,0,0
1.2978515625,0.32423626229244196,17.507013823453715,0,0
1.29498291015625,0.3213159715289055,17.53575897092663,0,0
1.2916259765625,0.3180654635587231,17.564617206492336,0,0
1.288116455078125,0.314496141735575,17.593586319454367,0,0
1.284088134765625,0.3106211240082198,17.6226640662672,0,0
1.2799072265625,0.3064551414297079,17.65184817006705,0,0
1.275054931640625,0.30201438739718567,17.681136320205106,0,0
1.27044677734375,0.29731629362425344,17.710526171783247,0,0
1.265411376953125,0.29237928701658156,17.74001534519262,0,0
1.260040283203125,0.2872225961373674,17.7696014256552,0,0
1.254791259765625,0.2818660812492355,17.799281962768585,0,0
1.249786376953125,0.2763301200960064,17.829054470054338,0,0
1.2442626953125,0.27063568769207247,17.85891642450999,0,0
1.2386474609375,0.26480460779228787,17.88886526616514,0,0
1.232879638671875,0.2588598021998977,17.918898397641748,0,0
1.221282958984375,0.25282504198545397,17.94901318371897,0,0
1.215789794921875,0.24672341338361956,17.979206950902874,0,0
1.2099609375,0.24057502784611645,18.009476987001158,0,0
1.203948974609375,0.23439568835053215,18.039820540703385,0,0
1.198394775390625,0.22819684028238185,18.070234821166803,0,0
1.19268798828125,0.2219859706497105,18.10071699760829,0,0
1.18621826171875,0.2157670650328104,18.13126419890254,0,0
1.1805419921875,0.20954097533336394,18.161873513186965,0,0
1.174652099609375,0.20330567425110854,18.192541987473575,0,0
1.16851806640625,0.19705656094853863,18.223266627268206,0,0
1.163055419921875,0.19078684675026866,18.254044396197386,0,0
1.157379150390625,0.18448803434663497,18.284872215643333,0,0
1.151702880859375,0.17815057462387,18.315746964387245,0,0
1.145965576171875,0.17176464329925462,18.34666547826151,0,0
1.14019775390625,0.16532093034455536,18.377624549810964,0,0
1.134613037109375,0.15881144705176375,18.408620927963756,0,0
1.12908935546875,0.15223042551887575,18.43965131771216,0,0
1.1229248046875,0.1455753288272661,18.470712379803732,0,0
1.116943359375,0.13884783918342514,18.501800730443215,0,0
1.10479736328125,0.13205426167490775,18.532912941005677,0,0
1.098876953125,0.12520452066499682,18.56404553776118,0,0
1.092864990234375,0.11831032266542217,18.595195001611582,0,0
1.086578369140625,0.11138429415949688,18.626357767839725,0,0
1.07421875,0.10443999185702456,18.657530225871614,0,0
1.06781005859375,0.09749089389531804,18.68870871905198,0,0
1.061492919921875,0.09054838837883022,18.719889544433627,0,0
1.0555419921875,0.08362065963735593,18.751068952581143,0,0
1.04901123046875,0.07671300613332067,18.782243147389362,0,0
1.043182373046875,0.06982866388179143,18.813408285917088,0,0
1.036468505859375,0.06296961197157074,18.84456047823656,0,0
1.02984619140625,0.056137265119798,18.87569578729915,0,0
1.02349853515625,0.049332955477208895,18.90681022881779,0,0
1.017181396484375,0.04255829620473185,18.937899771166602,0,0
1.010589599609375,0.03581558355198999,18.96896033529828,0,0
1.003753662109375,0.029108163727103058,18.999987794679704,0,0
0.996917724609375,0.02244059221803056,19.03097797524629,0,0
0.98992919921875,0.01581854693774998,19.06192665537562,0,0
0.98345947265625,0.009248590201874317,19.092829565880837,0,0
0.977081298828125,0.0027379487996117974,19.12368239002439,0,0
0.97027587890625,-0.0037055880066304073,19.15448076355254,0,0
0.9638671875,-0.010073756527953639,19.185220274751302,0,0
0.9573974609375,-0.016357999708312296,19.2158964645242,0,0
0.951019287109375,-0.02254969360866685,19.246504826492508,0,0
0.944976806640625,-0.02864036283549451,19.27704080711839,0,0
0.93914794921875,-0.03462183765466592,19.30749980585151,0,0
0.932830810546875,-0.04048633057591661,19.33787717529973,0,0
0.927215576171875,-0.04622653303228789,19.368168221424238,0,0
0.921142578125,-0.05183580493649587,19.398368203759812,0,0
0.915863037109375,-0.05730840380502995,19.42847233566067,0,0
0.91064453125,-0.06263965823535615,19.458475784572425,0,0
0.9052734375,-0.06782602377059421,19.488373672330667,0,0
0.900360107421875,-0.07286508577425904,19.518161075486738,0,0
0.895355224609375,-0.07775559324166066,19.54783302566114,0,0
0.89068603515625,-0.08249750356039752,19.57738450992515,0,0
0.886383056640625,-0.08709198948263959,19.606810471211084,0,0
0.882049560546875,-0.09154135596196498,19.63610580875177,0,0
0.877532958984375,-0.09584889529881692,19.66526537854965,0,0
0.8740234375,-0.10001877162779242,19.694283993876063,0,0
0.869781494140625,-0.10405589016106062,19.723156425801132,0,0
0.866180419921875,-0.10796570560491776,19.751877403754712,0,0
0.862548828125,-0.11175403959493413,19.78044161611889,0,0
0.859283447265625,-0.11542688750299186,19.80884371085249,0,0
0.85540771484375,-0.1189901831766762,19.837078296147915,0,0
0.85205078125,-0.12244964265685374,19.865139941120873,0,0
0.84844970703125,-0.12581076904690772,19.893023176533294,0,0
0.845245361328125,-0.12907894792066774,19.920722495549892,0,0
0.842437744140625,-0.1322595125447516,19.94823235452869,0,0
0.83966064453125,-0.13535765614425047,19.975547173845904,0,0
0.83612060546875,-0.1383782192488219,20.002661338755527,0,0
0.833160400390625,-0.1413255993000325,20.029569200283905,0,0
0.830230712890625,-0.14420388174551574,20.056265076159647,0,0
0.8275146484375,-0.14701700024393055,20.082743251779135,0,0
0.824951171875,-0.1497687748797968,20.108997981207878,0,0
0.822357177734375,-0.15246283723087936,20.135023488218003,0,0
0.8194580078125,-0.15510252674840483,20.160813967362042,0,0
0.816864013671875,-0.15769087737816673,20.18636358508326,0,0
0.814361572265625,-0.16023070640643516,20.21166648086267,0,0
0.811981201171875,-0.16272468550234426,20.236716768402893,0,0
0.809417724609375,-0.16517533800026787,20.26150853684893,0,0
0.807037353515625,-0.16758502754724786,20.286035852046055,0,0
0.804718017578125,-0.16995597839514504,20.310292757834763,0,0
0.80224609375,-0.17229030167721865,20.33427327738288,0,0
0.7999267578125,-0.1745900340376708,20.35797141455483,0,0
0.797607421875,-0.1768572110212221,20.381381155317996,0,0
0.795257568359375,-0.17909395662714306,20.404496469186174,0,0
0.793121337890625,-0.18130257038544376,20.427311310699988,0,0
0.790802001953125,-0.18348560232304428,20.44981962094412,0,0
0.788970947265625,-0.1856458923510017,20.47201532910124,0,0
0.787017822265625,-0.18778652308440663,20.493892354042455,0,0
0.78485107421875,-0.1899106714513113,20.515444605953935,0,0
0.78277587890625,-0.1920214628686062,20.53666598799957,0,0
0.78070068359375,-0.1941219134252482,20.557550398019288,0,0
0.778778076171875,-0.19621490868517658,20.578091730262713,0,0
0.776824951171875,-0.19830314041853717,20.59828387715772,0,0
0.77490234375,-0.20038898433361316,20.61812073111355,0,0
0.77264404296875,-0.20247436832588392,20.63759618635792,0,0
0.770782470703125,-0.20456069938388483,20.65670414080775,0,0
0.768402099609375,-0.2066488561701178,20.675438497972785,0,0
0.76654052734375,-0.20873921828888425,20.693793168891652,0,0
0.7642822265625,-0.21083170832998832,20.71176207409971,0,0
0.76251220703125,-0.21292580739618447,20.729339145627915,0,0
0.759918212890625,-0.21502054643603927,20.74651832903211,0,0
0.75799560546875,-0.21711455372636052,20.76329358545183,0,0
0.7559814453125,-0.21920616179722685,20.779658893697977,0,0
0.753997802734375,-0.22129344987799,20.795608252368343,0,0
0.752227783203125,-0.2233741668019932,20.81113568199023,0,0
0.749664306640625,-0.22544561887119435,20.82623522718907,0,0
0.747802734375,-0.22750465322384994,20.840900958882237,0,0
0.745025634765625,-0.229547801456897,20.855126976496845,0,0
0.743438720703125,-0.23157152991648886,20.86890741021056,0,0
0.7412109375,-0.23357246115361688,20.882236423214284,0,0
0.739654541015625,-0.23554744714542103,20.895108213995492,0,0
0.73809814453125,-0.23749346849906636,20.9075170186411,0,0
0.7354736328125,-0.23940744567747663,20.919457113158554,0,0
0.733917236328125,-0.24128617135913846,20.9309228158138,0,0
0.73223876953125,-0.24312639969383434,20.941908489484952,0,0
0.73046875,-0.24492486147788894,20.952408544030064,0,0
0.728668212890625,-0.2466781703723715,20.962417438667764,0,0
0.727203369140625,-0.24838276097885406,20.971929684369215,0,0
0.725830078125,-0.25003482429335,20.980939846259854,0,0
0.72381591796875,-0.25163018806393145,20.989442546029476,0,0
0.72259521484375,-0.2531642539863518,20.997432464348996,0,0
0.720672607421875,-0.2546320538405535,21.00490434329231,0,0
0.71954345703125,-0.2560283593074493,21.011852988761625,0,0
0.71826171875,-0.25734777137971365,21.018273272914513,0,0
0.7171630859375,-0.2585847224834762,21.02416013659106,0,0
0.715911865234375,-0.25973341142254225,21.029508591739255,0,0
0.715728759765625,-0.2607877075980052,21.034313723836963,0,0
0.713623046875,-0.26174101122991633,21.03857069430859,0,0
0.71356201171875,-0.2625862025690815,21.042274742934612,0,0
0.713409423828125,-0.26331566309284243,21.04542119025219,0,0
0.712005615234375,-0.2639211266503293,21.048005439944877,0,0
0.71087646484375,-0.26439359782299976,21.050022981219627,0,0
0.710906982421875,-0.26472368692073833,21.05146939116911,0,0
0.710968017578125,-0.26490201386447554,21.05234033711745,0,0
0.710845947265625,-0.26491927882193017,21.052631578947366,0,1
0.711029052734375,-0.2647661654487209,21.052517690940203,0,0
0.7108154296875,-0.26443336139974777,21.05217691118336,0,0
0.7108154296875,-0.2639118005533946,21.05161057694933,0,0
0.712158203125,-0.2631930553880773,21.05082003978222,0,0
0.71307373046875,-0.2622695840508064,21.049806665210987,0,0
0.713531494140625,-0.26113473671354315,21.048571832462162,0,0
0.71563720703125,-0.25978279208816457,21.04711693417223,0,0
0.71697998046875,-0.25820904105252673,21.045443376099637,0,0
0.718658447265625,-0.25640976002746274,21.043552576836703,0,0
0.720611572265625,-0.2543822096122399,21.041445967521323,0,0
0.723052978515625,-0.25212473580400785,21.03912499154872,0,0
0.72564697265625,-0.24963681737720608,21.036591104283243,0,0
0.7286376953125,-0.2469189838378089,21.033845772770302,0,0
0.731292724609375,-0.24397267768823103,21.030890475448594,0,0
0.734527587890625,-0.2408001860218338,21.027726701862637,0,0
0.73797607421875,-0.23740467408274454,21.024355952375714,0,0
0.741729736328125,-0.2337902109313199,21.02077973788331,0,0
0.7457275390625,-0.22996170593170104,21.016999579527187,0,0
0.749725341796875,-0.22592478781890288,21.013017008410063,0,0
0.75408935546875,-0.22168569370286137,21.008833565311047,0,0
0.758148193359375,-0.21725122309144274,21.00445080040192,0,0
0.762969970703125,-0.2126287837680889,20.999870272964305,0,0
0.767791748046875,-0.2078264688831604,20.995093551107814,0,0
0.772705078125,-0.20285307191802227,20.99012221148922,0,0
0.77752685546875,-0.1977180890055067,20.98495783903281,0,0
0.783233642578125,-0.19243178689325302,20.979602026651868,0,0
0.787994384765625,-0.18700528172725547,20.974056374971482,0,0
0.793365478515625,-0.18145065713324232,20.968322492052636,0,0
0.79876708984375,-0.17578122864066215,20.96240199311774,0,0
0.804534912109375,-0.17001186406849744,20.956296500277613,0,0
0.809967041015625,-0.16415922686410866,20.95000764226001,0,0
0.821624755859375,-0.15824155044261579,20.94353705413972,0,0
0.82696533203125,-0.1522771591535677,20.936886377070344,0,0
0.833038330078125,-0.14628218300209023,20.930057258017797,0,0
0.838653564453125,-0.14026914519210854,20.923051349495545,0,0
0.844390869140625,-0.1342468172854325,20.91587030930173,0,0
0.85028076171875,-0.12822051677234944,20.90851580025815,0,0
0.85638427734375,-0.12219239164009575,20.900989489951183,0,0
0.862060546875,-0.11616161642250694,20.893293050474707,0,0
0.867523193359375,-0.11012459222163126,20.88542815817508,0,0
0.873321533203125,-0.10407531277340526,20.877396493398216,0,0
0.8787841796875,-0.09800587700503956,20.869199740238773,0,0
0.884552001953125,-0.09190704444441875,20.860839586291554,0,0
0.89044189453125,-0.08576878435472826,20.852317722405175,0,0
0.89599609375,-0.07958078930516256,20.84363584243793,0,0
0.90234375,-0.07333295681932035,20.83479564301607,0,0
0.90838623046875,-0.06701580673455645,20.825798823294356,0,0
0.9146728515625,-0.060620776803061535,20.816647084719097,0,0
0.921142578125,-0.054140436599883685,20.80734213079354,0,0
0.927734375,-0.047568649839602434,20.797885666845808,0,0
0.934326171875,-0.040900666183278644,20.788279399799272,0,0
0.941375732421875,-0.03413315643617769,20.778525037945563,0,0
0.948486328125,-0.02726416711334828,20.76862429072003,0,0
0.955078125,-0.02029299621580865,20.75857886847992,0,0
0.962799072265625,-0.013220093120079102,20.748390482285103,0,0
0.970306396484375,-0.006046935901678999,20.738060843681495,0,0
0.977813720703125,0.0012242643677460308,20.727591664487186,0,0
0.9853515625,0.008590946703942351,20.71698465658119,0,0
0.993011474609375,0.016050505945631816,20.706241531695056,0,0
1.000885009765625,0.02360053467840259,20.695364001207107,0,0
1.008575439453125,0.031239067499665082,20.684353775939524,0,0
1.01641845703125,0.03896480700276454,20.673212565958217,0,0
1.024078369140625,0.046777264841258215,20.661942080375493,0,0
1.032073974609375,0.05467679623046354,20.650544027155544,0,0
1.039642333984375,0.06266454658082747,20.639020112922786,0,0
1.047943115234375,0.07074232593272105,20.627372042773075,0,0
1.05615234375,0.07891248306007606,20.615601520087747,0,0
1.063873291015625,0.08717783209921406,20.603710246350577,0,0
1.071563720703125,0.09554146515375248,20.59169992096761,0,0
1.08013916015625,0.10400631598860219,20.5795722410899,0,0
1.088470458984375,0.11257468645784022,20.567328901439133,0,0
1.096649169921875,0.12124792028566159,20.554971594136205,0,0
1.10565185546875,0.13002612449545953,20.542502008532672,0,0
1.114654541015625,0.13890793998021506,20.52992183104517,0,0
1.12359619140625,0.14789049155985579,20.51723274499271,0,0
1.132537841796875,0.1569694350404767,20.504436430436947,0,0
1.142181396484375,0.16613897477241774,20.491534564025365,0,0
1.15142822265625,0.17539193199084116,20.478528818837372,0,0
1.16046142578125,0.18471988432470313,20.465420864233344,0,0
1.170166015625,0.19411322751747095,20.452212365706607,0,0
1.17987060546875,0.20356118973790838,20.43890498473831,0,0
1.1893310546875,0.21305196021028766,20.42550037865524,0,0
1.19891357421875,0.2225728763449946,20.412000200490553,0,0
1.208740234375,0.23211055769074335,20.3984060988474,0,0
1.218353271484375,0.24165104471435706,20.38471971776548,0,0
1.228302001953125,0.2511800080896284,20.370942696590475,0,0
1.2374267578125,0.26068298080300156,20.35707666984634,0,0
1.24749755859375,0.2701455338783499,20.34312326711055,0,0
1.256561279296875,0.2795534056636117,20.329084112892115,0,0
1.266021728515625,0.2888926106545076,20.314960826512557,0,0
1.27569580078125,0.2981495172571084,20.30075502198965,0,0
1.28485107421875,0.30731097929274853,20.286468307924014,0,0
1.29376220703125,0.3163645303203472,20.272102287388574,0,0
1.30279541015625,0.3252984874074007,20.257658557820758,0,0
1.311279296875,0.3341019288481386,20.243138710917524,0,0
1.32000732421875,0.34276460995890473,20.228544332533193,0,0
1.32806396484375,0.3512768279804051,20.213877002579963,0,0
1.336761474609375,0.3596292555666247,20.19913829493124,0,0
1.34429931640625,0.36781278911113874,20.18432977732769,0,0
1.352569580078125,0.3758184007401659,20.16945301128595,0,0
1.359832763671875,0.3836369574748271,20.154509552010083,0,0
1.367279052734375,0.391258996120659,20.139500948305713,0,0
1.375030517578125,0.39867448141111705,20.12442874249675,0,0
1.38214111328125,0.40587268012482297,20.109294470344828,0,0
1.389190673828125,0.4128422045362101,20.094099660971317,0,0
1.395965576171875,0.4195710967200142,20.078845836781937,0,0
1.402587890625,0.4260468987598632,20.06353451339394,0,0
1.408782958984375,0.4322567457206057,20.048167199565857,0,0
1.415008544921875,0.43818748234033544,20.032745397129784,0,0
1.42034912109375,0.4438257843203082,20.017270600926143,0,0
1.426055908203125,0.44915825176186897,20.00174429874096,0,0
1.43121337890625,0.45417150179014576,19.986167971245607,0,0
1.436065673828125,0.45885234214852755,19.970543091938946,0,0
1.440643310546875,0.46318801164746015,19.954871127091955,0,0
1.444488525390625,0.4671664068877172,19.939153535694675,0,0
1.44805908203125,0.4707762255894395,19.92339176940559,0,0
1.451263427734375,0.4740069927537784,19.9075872725033,0,0
1.45465087890625,0.4768490673481509,19.891741481840562,0,0
1.45697021484375,0.47929377409466484,19.87585582680057,0,0
1.459381103515625,0.4813336373414434,19.85993172925556,0,0
1.46124267578125,0.4829626219472241,19.84397060352763,0,0
1.4615478515625,0.4841763097027779,19.827973856351786,0,0
1.46337890625,0.4849719132332495,19.81194288684118,0,0
1.464080810546875,0.485348298854051,19.79587908645453,1,0
1.463775634765625,0.485306269853013,19.779783838965656,0,0
1.4630126953125,0.48484884428747693,19.763658520435154,0,0
1.461517333984375,0.4839811611682046,19.74750449918418,0,0
1.460723876953125,0.48271012100197885,19.731323135770236,0,0
1.4591064453125,0.48104411995704843,19.71511578296505,0,0
1.456634521484375,0.4789930136487798,19.69888378573446,0,0
1.4544677734375,0.47656810250165504,19.68262848122026,0,0
1.451171875,0.47378200397986836,19.66635119872403,0,0
1.448272705078125,0.47064848052943986,19.6500532596929,0,0
1.444427490234375,0.4671822655830022,19.633735977707172,0,0
1.440521240234375,0.4633988785180623,19.61740065846991,0,0
1.436370849609375,0.45931440922277295,19.6010485997983,0,0
1.43170166015625,0.4549452885079782,19.58468109161689,0,0
1.427093505859375,0.45030806907278303,19.568299415952602,0,0
1.42193603515625,0.44541921396636935,19.55190484693155,0,0
1.416839599609375,0.4402949007065765,19.53549865077756,0,0
1.411224365234375,0.434950840168081,19.51908208581246,0,0
1.40594482421875,0.4294021164821635,19.502656402458054,0,0
1.399993896484375,0.4236630865657337,19.48622284323973,0,0
1.394317626953125,0.417747346589875,19.46978264279178,0,0
1.38818359375,0.4116677369349177,19.453337027864265,0,0
1.38232421875,0.40543639213163485,19.436887217331527,0,0
1.37591552734375,0.3990648567212734,19.420434422202256,0,0
1.369903564453125,0.39256425673559747,19.40397984563108,0,0
1.363067626953125,0.3859454988214285,19.387524682931694,0,0
1.356597900390625,0.379219439849849,19.371070121591462,0,0
1.349822998046875,0.37239699297175244,19.354617341287508,0,0
1.343048095703125,0.36548921830674813,19.338167513904224,0,0
1.33612060546875,0.35850742821375686,19.321721803552222,0,0
1.329254150390625,0.35146328905271973,19.305281366588645,0,0
1.32208251953125,0.34436891471843184,19.288847351638868,0,0
1.314849853515625,0.33723691950298196,19.27242089961955,0,0
1.308135986328125,0.3300804202002713,19.256003143762992,0,0
1.300750732421875,0.32291307255813684,19.239595209642786,0,0
1.29339599609375,0.3157491285637213,19.22319821520074,0,0
1.28582763671875,0.3086033477731671,19.206813270775076,0,0
1.278411865234375,0.3014907026427279,19.190441479129824,0,0
1.271453857421875,0.29442600454861984,19.17408393548542,0,0
1.26422119140625,0.2874236135981375,19.15774172755051,0,0
1.25738525390625,0.2804972745899543,19.141415935554893,0,0
1.250457763671875,0.27366001689802244,19.12510763228359,0,0
1.243408203125,0.26692405887644555,19.108817883112053,0,0
1.236907958984375,0.26030066961047804,19.09254774604245,0,0
1.230438232421875,0.25380002618942954,19.07629827174101,0,0
1.2235107421875,0.24743111721143693,19.06007050357645,0,0
1.217559814453125,0.2412016077704524,19.043865477659395,0,0
1.211029052734375,0.23511764419420753,19.02768422288281,0,0
1.20550537109375,0.2291837015290239,19.011527760963457,0,0
1.199188232421875,0.22340250103398557,18.995397106484273,0,0
1.193817138671875,0.21777493792933372,18.979293266937695,0,0
1.188079833984375,0.212299989036444,18.96321724276996,0,0
1.182769775390625,0.20697462684151685,18.94717002742626,0,0
1.177978515625,0.20179378245305865,18.93115260739681,0,0
1.172760009765625,0.19675041128346218,18.915165962263774,0,0
1.16827392578125,0.1918356513840866,18.899211064749068,0,0
1.16400146484375,0.18703905278781408,18.883288880762947,0,0
1.160186767578125,0.1823489948035159,18.867400369453463,0,0
1.15557861328125,0.17775332529336843,18.851546483256662,0,0
1.151641845703125,0.17324001077367723,18.835728167947618,0,0
1.147735595703125,0.16879767331431633,18.819946362692168,0,0
1.1434326171875,0.1644161044570106,18.804202000099462,0,0
1.138916015625,0.16008671130590743,18.788496006275157,0,0
1.1351318359375,0.15580275766132393,18.772829300875397,0,0
1.130523681640625,0.15155948262653549,18.75720279716146,0,0
1.126129150390625,0.14735416359817582,18.74161740205507,0,0
1.12200927734375,0.14318604261698467,18.72607401619439,0,0
1.11749267578125,0.13905615826634032,18.710573533990665,0,0
1.113311767578125,0.1349671596711525,18.6951168436855,0,0
1.108551025390625,0.13092304725750592,18.679704827408735,0,0
1.10467529296875,0.12692880599623033,18.66433836123697,0,0
1.10064697265625,0.12299004584783477,18.649018315252626,0,0
1.09613037109375,0.11911274698733643,18.63374555360363,0,0
1.092315673828125,0.11530299683214242,18.61852093456365,0,0
1.08843994140625,0.11156666012890745,18.603345310592836,0,0
1.08453369140625,0.10790910559671352,18.5882195283992,0,0
1.08111572265625,0.1043350193595333,18.573144429000408,0,0
1.077239990234375,0.10084825831357044,18.55812084778617,0,0
1.07391357421875,0.09745171548975343,18.543149614581075,0,0
1.070343017578125,0.09414716815053818,18.528231553707954,0,0
1.0670166015625,0.09093511244406716,18.5133674840517,0,0
1.063690185546875,0.08781458525877646,18.498558219123552,0,0
1.060577392578125,0.08478297321456088,18.48380456712585,0,0
1.057403564453125,0.08183583100422404,18.469107331017238,0,0
1.0548095703125,0.0789667377990375,18.454467308578263,0,0
1.05206298828125,0.07616725666700533,18.439885292477452,0,0
1.049346923828125,0.07342702074332125,18.425362070337773,0,0
1.04693603515625,0.07073387401014244,18.410898424803502,0,0
1.044281005859375,0.06807403084563343,18.396495133607505,0,0
1.04180908203125,0.06543225929749155,18.382152969638884,0,0
1.03961181640625,0.0627920880831903,18.36787270101102,0,0
1.037353515625,0.06013610501532986,18.35365509112998,0,0
1.03497314453125,0.05744638843533892,18.339500898763283,0,0
1.032257080078125,0.054704965954986806,18.325410878109043,0,0
1.02978515625,0.051894179393385184,18.311385778865432,0,0
1.027435302734375,0.04899700136750057,18.297426346300487,0,0
1.02471923828125,0.04599744212466969,18.283533321322267,0,0
1.022064208984375,0.04288105438633079,18.26970744054934,0,0
1.018798828125,0.03963541947466605,18.255949436381552,0,0
1.015594482421875,0.03625051669898935,18.242260037071176,0,0
1.01226806640625,0.03271896698498508,18.22863996679429,0,0
1.008026123046875,0.02903618022423489,18.215089945722543,0,0
1.004241943359375,0.02520034869440002,18.20161069009514,0,0
1.000274658203125,0.02121229433651778,18.188202912291185,0,0
0.99542236328125,0.017075293193660093,18.17486732090227,0,0
0.9910888671875,0.012794835561577234,18.161604620805363,0,0
0.986419677734375,0.008378270826661052,18.148415513235996,0,0
0.98162841796875,0.003834463554843251,18.135300695861673,0,0
0.97662353515625,-0.0008265059471277147,18.12226086285562,0,0
0.9713134765625,-0.005593695117482325,18.10929670497076,0,0
0.966583251953125,-0.01045571995389609,18.096408909613952,0,0
0.961395263671875,-0.015401120641170343,18.08359816092053,0,0
0.956451416015625,-0.020418579771318737,18.07086513982905,0,0
0.951416015625,-0.025497028983513248,18.05821052415635,0,0
0.94622802734375,-0.030625691398262905,18.045634988672823,0,0
0.94091796875,-0.035794107113107515,18.033139205177967,0,0
0.935577392578125,-0.04099221377727347,18.020723842576178,0,0
0.930633544921875,-0.04621046491162813,18.00838956695281,0,0
0.925628662109375,-0.05143985875010493,17.996137041650464,0,0
0.920166015625,-0.05667183428169932,17.983966927345534,0,0
0.915130615234375,-0.06189816853186367,17.971879882125016,0,0
0.910125732421875,-0.06711093344584072,17.959876561563544,0,0
0.90484619140625,-0.0723024198641291,17.947957618800707,0,0
0.900054931640625,-0.07746501552507916,17.93612370461857,0,0
0.895477294921875,-0.08259102845873292,17.924375467519482,0,0
0.890289306640625,-0.08767238797694105,17.912713553804124,0,0
0.8858642578125,-0.09270029482916549,17.901138607649806,0,0
0.880859375,-0.09766491546877826,17.889651271189013,0,0
0.872100830078125,-0.10255542105708366,17.878252184588224,0,0
0.86785888671875,-0.10736096579512207,17.866941986126953,0,0
0.863800048828125,-0.11207218880113033,17.855721312277097,0,0
0.8594970703125,-0.11668191819325849,17.844590797782494,0,0
0.85504150390625,-0.12118491569408232,17.83355107573878,0,0
0.850982666015625,-0.12557747036667516,17.822602777673488,0,0
0.847015380859375,-0.1298571176554749,17.811746533626447,0,0
0.84307861328125,-0.13402234326759754,17.80098297223042,0,0
0.83917236328125,-0.138072259781411,17.79031272079203,0,0
0.83489990234375,-0.1420063657791002,17.77973640537299,0,0
0.831146240234375,-0.1458244826422189,17.76925465087156,0,0
0.827239990234375,-0.14952683791718638,17.758868081104357,0,0
0.823699951171875,-0.15311417908208197,17.74857731888842,0,0
0.820465087890625,-0.15658783284993294,17.738382986123586,0,0
0.816986083984375,-0.15994967022650752,17.728285703875144,0,0
0.81390380859375,-0.16320201455064307,17.718286092456843,0,0
0.810577392578125,-0.16634757252927235,17.708384771514176,0,0
0.8077392578125,-0.16938940391028015,17.698582360107995,0,0
0.804534912109375,-0.172330908428893,17.68887947679846,0,0
0.801361083984375,-0.17517586739530827,17.679276739729307,0,0
0.798583984375,-0.17792860177079525,17.66977476671247,0,0
0.795684814453125,-0.1805941939202377,17.66037417531304,0,0
0.79345703125,-0.18317864424902147,17.65107558293456,0,0
0.790679931640625,-0.18568890380631106,17.641879606904727,0,0
0.788055419921875,-0.18813285983558167,17.632786864561407,0,0
0.7857666015625,-0.1905193912446351,17.623797973339094,0,0
0.7835693359375,-0.192858438854759,17.614913550855654,0,0
0.78125,-0.19516096802186317,17.606134214999578,0,0
0.779083251953125,-0.197438857394607,17.59746058401757,0,0
0.77716064453125,-0.1997047670629615,17.588893276602516,0,0
0.774871826171875,-0.20197194951136063,17.580432911981976,0,0
0.772613525390625,-0.20425403434003728,17.572080110007008,0,0
0.7706298828125,-0.20656486035315383,17.563835491241488,0,0
0.768646240234375,-0.20891828456100567,17.555699677051866,0,0
0.766357421875,-0.21132787469059872,17.54767328969735,0,0
0.7640380859375,-0.2138065606312897,17.539756952420646,0,0
0.761260986328125,-0.21636637991565763,17.531951289539087,0,0
0.759185791015625,-0.21901833213090982,17.524256926536324,0,0
0.756317138671875,-0.2217722258257132,17.516674490154486,0,0
0.753692626953125,-0.22463646194642856,17.50920460848688,0,0
0.750946044921875,-0.22761781558361768,17.501847911071213,0,0
0.747406005859375,-0.23072126128100148,17.494605028983354,0,0
0.744110107421875,-0.2339499231309843,17.487476594931668,0,0
0.741119384765625,-0.23730516207210364,17.480463243351906,0,0
0.737640380859375,-0.24078660055829046,17.473565610502686,0,0
0.73388671875,-0.24439201686123668,17.466784334561574,0,0
0.72979736328125,-0.24811731015849353,17.460120055721756,0,0
0.726348876953125,-0.2519566211440148,17.453573416289384,0,0
0.721954345703125,-0.2559024624151053,17.44714506078152,0,0
0.717864990234375,-0.2599458106033455,17.440835636024744,0,0
0.714019775390625,-0.26407622358029753,17.434645791254468,0,0
0.7095947265625,-0.2682819134801976,17.4285761782149,0,0
0.704803466796875,-0.2725497900867203,17.42262745125973,0,0
0.7003173828125,-0.2768656684448904,17.41680026745355,0,0
0.695556640625,-0.28121465345782554,17.41109528667399,0,0
0.690948486328125,-0.2855815556117364,17.405513171714652,0,0
0.686676025390625,-0.28995125648911996,17.400054588388752,0,0
0.682464599609375,-0.2943089386771027,17.394720205633632,0,0
0.67779541015625,-0.29864015192422627,17.389510695616043,0,0
0.67315673828125,-0.3029308879134918,17.384426733838257,0,0
0.669281005859375,-0.30716778090348906,17.37946899924506,0,0
0.664794921875,-0.311338290993393,17.374638174331572,0,0
0.660614013671875,-0.31543079208765196,17.369934945252023,0,0
0.656494140625,-0.31943468404248226,17.365360001929385,0,0
0.65277099609375,-0.32334053573191934,17.36091403816595,0,0
0.6485595703125,-0.32714017564401343,17.35659775175491,0,0
0.64569091796875,-0.3308267227981959,17.35241184459284,0,0
0.641571044921875,-0.33439452895155725,17.34835702279326,0,0
0.638458251953125,-0.337839065541804,17.344433996801165,0,0
0.635345458984375,-0.3411568444329979,17.340643481508632,0,0
0.631866455078125,-0.3443453325710891,17.3369861963715,0,0
0.628814697265625,-0.34740288546699216,17.333462865527153,0,0
0.62615966796875,-0.3503287642152162,17.330074217913364,0,0
0.623504638671875,-0.3531231058886679,17.326820987388427,0,0
0.62091064453125,-0.3557867663027818,17.32370391285229,0,0
0.618316650390625,-0.3583211493074784,17.320723738369047,0,0
0.6160888671875,-0.36072810634319535,17.31788121329055,0,0
0.614166259765625,-0.36300983884211946,17.315177092381358,0,0
0.6119384765625,-0.36516871501782777,17.312612135944896,0,0
0.609954833984375,-0.3672070627133748,17.31018710995102,0,0
0.607757568359375,-0.36912707044079396,17.307902786164835,0,0
0.606292724609375,-0.37093080095220565,17.30575994227697,0,0
0.6051025390625,-0.3726201530069764,17.303759362035215,0,0
0.602935791015625,-0.3741966710635798,17.30190183537761,0,0
0.602264404296875,-0.37566134692642056,17.300188158567014,0,0
0.60015869140625,-0.37701451911428985,17.29861913432716,0,0
0.600250244140625,-0.3782557734226904,17.29719557198029,0,0
0.597869873046875,-0.37938377625570746,17.295918287586304,0,0
0.5977783203125,-0.3803961441883371,17.29478810408358,0,0
0.59722900390625,-0.38128936084959825,17.293805851431422,0,0
0.595367431640625,-0.382058618980786,17.292972366754142,0,0
0.595245361328125,-0.3826977767910025,17.292288494486957,0,0
0.595367431640625,-0.3831994823082382,17.291755086523562,0,0
0.59521484375,-0.3835550514313283,17.291373002365546,0,0
0.592742919921875,-0.3837542386342129,17.291143109273616,0,0
0.592620849609375,-0.3837856241328018,17.291066282420747,0,1
0.592864990234375,-0.38363756485704625,17.29117237298998,0,0
0.593048095703125,-0.38329890256793914,17.29148966786744,0,0
0.594818115234375,-0.3827590925378987,17.29201671325514,0,0
0.5950927734375,-0.38200793881930234,17.292752070334583,0,0
0.595123291015625,-0.3810353138409078,17.29369431491659,0,0
0.597076416015625,-0.3798312601956762,17.294842037096103,0,0
0.597747802734375,-0.37838631564501773,17.296193840911837,0,0
0.59967041015625,-0.37669172615828467,17.29774834401075,0,0
0.6015625,-0.3747395918285693,17.299504177317104,0,0
0.60369873046875,-0.3725229784728367,17.301459984706067,0,0
0.606292724609375,-0.3700359630452737,17.303614422681722,0,0
0.608856201171875,-0.3672736642886191,17.30596616005932,0,0
0.611602783203125,-0.3642323134372468,17.308513877651766,0,0
0.615386962890625,-0.36090937743251855,17.311256267960125,0,0
0.61883544921875,-0.35730362038208263,17.314192034868128,0,0
0.6226806640625,-0.3534150514604178,17.31731989334051,0,0
0.6268310546875,-0.3492448929592871,17.320638569125137,0,0
0.63116455078125,-0.3447956232253954,17.32414679845876,0,0
0.635894775390625,-0.34007103824681073,17.327843327776367,0,0
0.641143798828125,-0.33507628320078314,17.331726913424003,0,0
0.646392822265625,-0.32981779923491017,17.335796321374964,0,0
0.651947021484375,-0.32430320226042186,17.34005032694929,0,0
0.657745361328125,-0.3185411797798296,17.344487714536484,0,0
0.66375732421875,-0.3125414265529761,17.34910727732133,0,0
0.670166015625,-0.30631457930314476,17.353907817012775,0,0
0.6766357421875,-0.2998721185717763,17.358888143575772,0,0
0.683746337890625,-0.29322621391009973,17.364047074966,0,0
0.69049072265625,-0.2863894991410232,17.36938343686741,0,0
0.697418212890625,-0.279374850339692,17.374896062432477,0,0
0.70458984375,-0.2721952864377429,17.38058379202517,0,0
0.7120361328125,-0.26486396824271896,17.38644547296645,0,0
0.719207763671875,-0.25739419605541486,17.39247995928235,0,0
0.726898193359375,-0.24979942203638625,17.39868611145447,0,0
0.73443603515625,-0.2420933069250939,17.405062796172906,0,0
0.7420654296875,-0.2342897934734163,17.411608886091464,0,0
0.750152587890625,-0.22640318459614528,17.41832325958518,0,0
0.758056640625,-0.21844817973281572,17.425204800510038,0,0
0.766265869140625,-0.21043982033158687,17.432252397964824,0,0
0.7740478515625,-0.20239339535573153,17.43946494605507,0,0
0.782623291015625,-0.19432436197737002,17.44684134365907,0,0
0.79095458984375,-0.18624820648524784,17.454380494195835,0,0
0.798858642578125,-0.1781801863498246,17.462081305394996,0,0
0.8072509765625,-0.17013507687812085,17.469942689068606,0,0
0.815460205078125,-0.16212698239099865,17.477963560884707,0,0
0.82366943359375,-0.1541691037324307,17.48614284014278,0,0
0.831939697265625,-0.14627342772087004,17.494479449550813,0,0
0.839630126953125,-0.13845040338212913,17.502972315004143,0,0
0.847564697265625,-0.13070868951144507,17.511620365365907,0,0
0.855255126953125,-0.12305500736541702,17.520422532249082,0,0
0.862884521484375,-0.11549403847339394,17.529377749800112,0,0
0.870086669921875,-0.10802835300654401,17.53848495448403,0,0
0.877410888671875,-0.10065843391400493,17.547743084871055,0,0
0.885009765625,-0.09338276408201603,17.557151081424667,0,0
0.89227294921875,-0.08619782539267207,17.566707886291017,0,0
0.898834228515625,-0.07909801605792247,17.57641244308979,0,0
0.9056396484375,-0.07207571612251155,17.586263696706304,0,0
0.9124755859375,-0.06512157595882989,17.59626059308501,0,0
0.919464111328125,-0.05822482196277909,17.606402079024154,0,0
0.926116943359375,-0.05137343032846346,17.61668710197178,0,0
0.9326171875,-0.04455425186523141,17.627114609822847,0,0
0.939056396484375,-0.03775323849818406,17.63768355071759,0,0
0.945526123046875,-0.030955807003074466,17.64839287284098,0,0
0.952362060546875,-0.024147244119838505,17.659241524223344,0,0
0.958953857421875,-0.017313032657544095,17.670228452542062,0,0
0.96563720703125,-0.010439087896359361,17.68135260492435,0,0
0.972412109375,-0.0035119869867910603,17.692612927751053,0,0
0.9794921875,0.0034808015954069377,17.704008366461544,0,0
0.986572265625,0.010550768803105542,17.71553786535951,0,0
0.9937744140625,0.017708320144111653,17.727200367419865,0,0
1.001434326171875,0.02496281018085751,17.738994814096486,0,0
1.008758544921875,0.03232266434650245,17.750920145131005,0,0
1.01641845703125,0.03979555375224644,17.762975298362477,0,0
1.023895263671875,0.04738852813166074,17.775159209537957,0,0
1.0316162109375,0.05510806319130236,17.787470812124017,0,0
1.03961181640625,0.06296005250265596,17.799909037119097,0,0
1.047271728515625,0.07094978630737858,17.812472812866762,0,0
1.05548095703125,0.07908189658305617,17.825161064869814,0,0
1.0635986328125,0.08736024626128487,17.837972715605208,0,0
1.071624755859375,0.09578778243145955,17.850906684339883,0,0
1.080413818359375,0.10436634478758203,17.86396188694734,0,0
1.088836669921875,0.1130964719005994,17.877137235725105,0,0
1.097900390625,0.1219772765551636,17.890431639212952,0,0
1.106719970703125,0.13100637393216324,17.90384400201197,0,0
1.11590576171875,0.14017982291791714,17.917373224604418,0,0
1.125152587890625,0.14949206306709698,17.931018203174354,0,0
1.134368896484375,0.1589358384519434,17.944777829429107,0,0
1.144195556640625,0.1685021152686922,17.958650990421486,0,0
1.1541748046875,0.1781800727095106,17.97263656837282,0,0
1.16400146484375,0.18795725534808597,17.986733440496742,0,0
1.17401123046875,0.19781981299037013,18.000940478823843,0,0
1.184112548828125,0.20775271009419888,18.015256550027008,0,0
1.193878173828125,0.21773988653677553,18.029680515247634,0,0
1.20428466796875,0.22776436901112299,18.04421122992262,0,0
1.2139892578125,0.23780834964459674,18.058847543612135,0,0
1.224395751953125,0.24785325873059955,18.073588299828224,0,0
1.234161376953125,0.2578798298774558,18.088432335864226,0,0
1.24407958984375,0.2678681385949628,18.103378482624993,0,0
1.253753662109375,0.27779756209425865,18.11842556445797,0,0
1.263702392578125,0.28764666374911346,18.133572398985077,0,0
1.273712158203125,0.29739312513684135,18.148817796935496,0,0
1.2835693359375,0.30701384485470545,18.164160561979266,0,0
1.292816162109375,0.3164851621900797,18.179599490561788,0,0
1.302520751953125,0.3257830549855596,18.195133371739207,0,0
1.31182861328125,0.3348833097996757,18.210760987014712,0,0
1.32049560546875,0.3437617449554341,18.226481110175726,0,0
1.32952880859375,0.3523944191268274,18.24229250713207,0,0
1.337646484375,0.3607577740585234,18.258193935755063,0,0
1.345855712890625,0.3688287464535177,18.274184145717584,0,0
1.354095458984375,0.376584881420053,18.29026187833515,0,0
1.361724853515625,0.384004552141006,18.306425866408,0,0
1.369171142578125,0.39106733018028156,18.322674834064212,0,0
1.37567138671875,0.397754371786361,18.339007496603887,0,0
1.382080078125,0.404048674964053,18.355422560344397,0,0
1.387542724609375,0.40993515849137246,18.371918722466777,0,0
1.39312744140625,0.41540059436208154,18.388494670863217,0,0
1.398468017578125,0.42043351891278635,18.405149083985737,0,0
1.4029541015625,0.42502427078918154,18.421880630696048,0,0
1.407135009765625,0.4291651192484253,18.438687970116632,0,0
1.4105224609375,0.43285031862848017,18.45556975148307,0,0
1.413665771484375,0.4360760297513636,18.472524613997642,0,0
1.416412353515625,0.43884016773708306,18.489551186684285,0,0
1.418365478515625,0.4411422473067478,18.506648088244848,0,0
1.4195556640625,0.4429831715977359,18.523813926916745,0,0
1.421356201171875,0.44436489510610466,18.541047300332053,0,0
1.422393798828125,0.4452901519558533,18.55834679537802,0,0
1.422149658203125,0.4457623937007087,18.575710988059118,0,0
1.4222412109375,0.44578569675058,18.59313844336059,1,0
1.422210693359375,0.4453645444840305,18.610627715113583,0,0
1.4195556640625,0.4445036232784622,18.628177345861893,0,0
1.419403076171875,0.4432075024600171,18.64578586673039,0,0
1.417388916015625,0.44148026183420497,18.663451797295078,0,0
1.415313720703125,0.43932540856482766,18.681173645454997,0,0
1.4129638671875,0.4367459899617891,18.69894990730583,0,0
1.410491943359375,0.4337447314187036,18.71677906701538,0,0
1.407135009765625,0.43032430019580004,18.734659596700926,0,0
1.4039306640625,0.4264876796210207,18.752589956308533,0,0
1.40045166015625,0.42223861525251,18.770568593494303,0,0
1.396575927734375,0.417582239690724,18.788593943507706,0,0
1.39190673828125,0.412525865152214,18.806664429076946,0,0
1.3868408203125,0.4070797417577304,18.824778460296518,0,0
1.382049560546875,0.4012576931165654,18.842934434516916,0,0
1.375823974609375,0.3950777380281948,18.861130736236603,0,0
1.36993408203125,0.3885626913103496,18.879365736996295,0,0
1.363189697265625,0.38174062478220444,18.897637795275593,0,0
1.349609375,0.3746446906611465,18.915945256392007,0,0
1.34246826171875,0.3673113475353887,18.934286452402542,0,0
1.334747314453125,0.3597774919443182,18.952659702007704,0,0
1.32666015625,0.3520784507090266,18.971063310458206,0,0
1.31976318359375,0.34424734920144057,18.989495569464268,0,0
1.311187744140625,0.3363150568987588,19.007954757107687,0,0
1.303192138671875,0.3283102199003409,19.026439137756654,0,0
1.295196533203125,0.320259170334277,19.044946961983445,0,0
1.28692626953125,0.3121857560907902,19.06347646648504,0,0
1.279083251953125,0.3041112306864614,19.082025874006682,0,0
1.271148681640625,0.2960542183361142,19.10059339326855,0,0
1.26312255859375,0.2880307630799567,19.11917721889549,0,0
1.2554931640625,0.2800544327199026,19.137775531349998,0,0
1.247528076171875,0.27213644668763803,19.15638649686838,0,0
1.239776611328125,0.26428581352016717,19.175008267400326,0,0
1.2322998046875,0.25650945045862955,19.19363898055185,0,0
1.22479248046875,0.24881233325175145,19.21227675953168,0,0
1.21710205078125,0.24119770160811846,19.23091971310122,0,0
1.21002197265625,0.23366724998116895,19.249565935528157,0,0
1.2025146484375,0.22622130380463848,19.2682135065437,0,0
1.19512939453125,0.2188589968502465,19.286860491303642,0,0
1.1881103515625,0.21157839186786495,19.305504940353245,0,0
1.180511474609375,0.20437654291333432,19.324144889596056,0,0
1.173492431640625,0.19724950150037504,19.34277836026671,0,0
1.166534423828125,0.19019226780916265,19.36140335890782,0,0
1.159515380859375,0.18319878290890435,19.380017877350998,0,0
1.152435302734375,0.17626197483315992,19.398619892702172,0,0
1.14569091796875,0.1693737722592607,19.41720736733112,0,0
1.138946533203125,0.16252511243057727,19.43577824886547,0,0
1.132110595703125,0.155706014438213,19.454330470189124,0,0
1.125396728515625,0.14890568522191833,19.472861949445267,0,0
1.118560791015625,0.14211260387947303,19.49137059004398,0,0
1.11199951171875,0.1353145969464461,19.509854280674567,0,0
1.105499267578125,0.1284989683025049,19.52831089532268,0,0
1.09893798828125,0.121652745701385,19.54673829329229,0,0
1.09222412109375,0.11476301966896132,19.56513431923268,0,0
1.08538818359375,0.10781727542411869,19.583496803170352,0,0
1.078857421875,0.10080367990543476,19.601823560546173,0,0
1.0718994140625,0.09371138811916291,19.6201123922576,0,0
1.0655517578125,0.08653093442841406,19.638361084706286,0,0
1.058349609375,0.07925472287233513,19.656567409850958,0,0
1.050811767578125,0.07187750569482075,19.674729125265753,0,0
1.0433349609375,0.0643966414216205,19.6928439742041,0,0
1.03594970703125,0.056812131167969494,19.710909685668142,0,0
1.02825927734375,0.0491266388973998,19.72892397448389,0,0
1.01995849609375,0.04134552517740478,19.74688454138207,0,0
1.01226806640625,0.03347675224486913,19.76478907308482,0,0
1.00396728515625,0.02553067475107318,19.78263524239834,0,0
0.995269775390625,0.017519784712732113,19.800420708311442,0,0
0.9871826171875,0.009458333010903583,19.81814311610024,0,0
0.979339599609375,0.001361909266885182,19.835800097438906,0,0
0.970306396484375,-0.006752828475990555,19.8533892705167,0,0
0.96209716796875,-0.014868417343776072,19.870908240161235,0,0
0.953887939453125,-0.022967002259118442,19.888354597968114,0,0
0.945709228515625,-0.031030714593331454,19.90572592243701,0,0
0.93798828125,-0.03904187083661019,19.92301977911422,0,0
0.929595947265625,-0.046983050772962075,19.940233720741812,0,0
0.921844482421875,-0.05483717626582667,19.957365287413364,0,0
0.913848876953125,-0.06258766134671717,19.97441200673646,0,0
0.906280517578125,-0.07021858526720877,19.991371394001916,0,0
0.898895263671875,-0.07771481446930324,20.008240952359824,0,0
0.891571044921875,-0.08506203977393323,20.025018173002557,0,0
0.88427734375,-0.0922467604348863,20.04170053535463,0,0
0.877288818359375,-0.09925629825161021,20.058285507269638,0,0
0.870208740234375,-0.10607887378129155,20.074770545234255,0,0
0.863525390625,-0.11270373681110621,20.09115309457931,0,0
0.8572998046875,-0.11912131241274737,20.10743058969812,0,0
0.85089111328125,-0.12532328391292583,20.123600454271934,0,0
0.8450927734375,-0.1313026125952777,20.139660101502763,0,0
0.839324951171875,-0.13705354272942397,20.15560693435345,0,0
0.833526611328125,-0.14257160943552613,20.171438345795135,0,0
0.82861328125,-0.14785367673566008,20.18715171906214,0,0
0.8231201171875,-0.15289798824437792,20.202744427914233,0,0
0.818206787109375,-0.1577042363725704,20.21821383690645,0,0
0.813690185546875,-0.1622737065880211,20.233557301666362,0,0
0.8094482421875,-0.16660941013803515,20.248772169178906,0,0
0.805419921875,-0.1707160894430979,20.26385577807881,0,0
0.801300048828125,-0.17460015630164644,20.278805458950572,0,0
0.798004150390625,-0.17826965760959845,20.293618534636046,0,0
0.79412841796875,-0.18173425647191274,20.308292320549725,0,0
0.790863037109375,-0.18500523507652536,20.322824125001578,0,0
0.787994384765625,-0.18809554647486196,20.33721124952761,0,0
0.785552978515625,-0.19101978093206815,20.35145098922808,0,0
0.7825927734375,-0.19379393809143303,20.36554063311335,0,0
0.780364990234375,-0.1964351384701017,20.379477464457445,0,0
0.777923583984375,-0.19896138352665327,20.393258761159263,0,0
0.776092529296875,-0.20139128533124429,20.406881796111417,0,0
0.774200439453125,-0.2037436699659089,20.420343837576798,0,0
0.7724609375,-0.2060370381274081,20.4336421495727,0,0
0.770416259765625,-0.2082889576589318,20.446773992262575,0,0
0.76812744140625,-0.21051554302819384,20.45973662235541,0,0
0.766387939453125,-0.21273111614410853,20.472527293512634,0,0
0.76409912109375,-0.21494796876411576,20.48514325676259,0,0
0.761688232421875,-0.2171761668032364,20.49758176092245,0,0
0.7593994140625,-0.2194234871731944,20.509840053027656,0,0
0.757232666015625,-0.22169547985416493,20.521915378768686,0,0
0.754638671875,-0.22399553185607238,20.533804982935273,0,0
0.752197265625,-0.2263249421807809,20.545506109867873,0,0
0.74957275390625,-0.22868308321044334,20.55701600391634,0,0
0.747283935546875,-0.23106761233084547,20.568331909905908,0,0
0.74468994140625,-0.2334746451022036,20.57945107361015,0,0
0.7420654296875,-0.2358988877092199,20.590370742231055,0,0
0.7391357421875,-0.23833382858111943,20.60108816488605,0,0
0.736968994140625,-0.24077202682230647,20.611600593101873,0,0
0.734161376953125,-0.24320537914061463,20.62190528131525,0,0
0.731658935546875,-0.24562530506383012,20.63199948738028,0,0
0.7291259765625,-0.24802293245257973,20.641880473082374,0,0
0.726654052734375,-0.25038930212769184,20.6515455046587,0,0
0.723846435546875,-0.2527155765651187,20.66099185332501,0,0
0.7218017578125,-0.2549932878004719,20.670216795808717,0,0
0.71929931640625,-0.2572145728920568,20.679217614888106,0,0
0.7171630859375,-0.2593723289463396,20.68799159993757,0,0
0.715118408203125,-0.26146031941919573,20.69653604747871,0,0
0.71331787109375,-0.2634732239308157,20.704848261737204,0,0
0.710784912109375,-0.2654066343495821,20.712925555205242,0,0
0.709320068359375,-0.2672571128209755,20.720765249209457,0,0
0.708160400390625,-0.2690222485259234,20.728364674484087,0,0
0.70611572265625,-0.2707005076140146,20.735721171749336,0,0
0.704376220703125,-0.27229102309933473,20.742832092294698,0,0
0.703765869140625,-0.2737935366732251,20.749694798567056,0,0
0.701171875,-0.27520835929185256,20.756306664763414,0,0
0.700958251953125,-0.2765363190838148,20.76266507742811,0,0
0.698638916015625,-0.2777787874451815,20.768767436054247,0,0
0.698577880859375,-0.2789377093847795,20.774611153689218,0,0
0.6968994140625,-0.28001556124306165,20.780193657544068,0,0
0.696075439453125,-0.28101526546309263,20.78551238960657,0,0
0.695953369140625,-0.28194010069294667,20.790564807257706,0,0
0.69384765625,-0.28279357438799857,20.79534838389145,0,0
0.693634033203125,-0.28357938644364156,20.799860609537525,0,0
0.69390869140625,-0.284301491156632,20.80409899148698,0,0
0.69281005859375,-0.2849638885636266,20.808061054920394,0,0
0.691253662109375,-0.2855703004465941,20.811744343538308,0,0
0.691375732421875,-0.28612425775587413,20.815146420193877,0,0
0.691497802734375,-0.2866293328687186,20.8182648675273,0,0
0.69134521484375,-0.28708894248571515,20.82109728860192,0,0
0.691162109375,-0.2875058267802789,20.82364130754162,0,0
0.691314697265625,-0.2878815666039278,20.82589457016939,0,0
0.689971923828125,-0.28821626214690627,20.827854744646658,0,0
0.68890380859375,-0.28850857022870796,20.82951952211327,0,0
0.688751220703125,-0.2887562161211421,20.830886617327725,0,0
0.688995361328125,-0.28895655416435867,20.831953769307457,0,0
0.6890869140625,-0.28910669547697504,20.832718741968865,0,0
0.68902587890625,-0.289203278412656,20.833179324766814,0,0
0.688934326171875,-0.2892422297472579,20.833333333333336,0,1
0.688934326171875,-0.2892186784485652,20.833312672181382,0,0
0.6888427734375,-0.2891269907217307,20.833250857527275,0,0
0.688812255859375,-0.2889608842315915,20.83314814293496,0,0
0.688568115234375,-0.2887136392854852,20.833004782442163,0,0
0.689361572265625,-0.288378379704982,20.83282103055046,0,0
0.69110107421875,-0.28794815505462446,20.832597142215384,0,0
0.69122314453125,-0.28741556122762213,20.832333372836604,0,0
0.691070556640625,-0.2867722617843294,20.832029978248144,0,0
0.69097900390625,-0.2860090761358865,20.831687214708626,0,0
0.69378662109375,-0.28511650309854886,20.83130533889162,0,0
0.693603515625,-0.28408492184779954,20.83088460787597,0,0
0.69512939453125,-0.2829044172783298,20.83042527913625,0,0
0.696014404296875,-0.2815647791990711,20.829927610533232,0,0
0.697662353515625,-0.2800557259352938,20.829391860304387,0,0
0.699188232421875,-0.278367099736884,20.828818287054492,0,0
0.700927734375,-0.2764890069976511,20.82820714974624,0,0
0.703399658203125,-0.2744119286805482,20.827558707690958,0,0
0.70562744140625,-0.2721267395853141,20.826873220539312,0,0
0.707794189453125,-0.26962465917211453,20.826150948272126,0,0
0.71038818359375,-0.2668973112324666,20.825392151191245,0,0
0.712860107421875,-0.2639369687692139,20.824597089910423,0,0
0.71600341796875,-0.2607368977368437,20.823766025346313,0,0
0.719146728515625,-0.257291707669046,20.82289921870946,0,0
0.722991943359375,-0.2535976365067574,20.821996931495423,0,0
0.726776123046875,-0.24965272740865063,20.8210594254759,0,0
0.7313232421875,-0.24545689468811455,20.820086962689903,0,0
0.735687255859375,-0.24101188785426653,20.819079805435063,0,0
0.740509033203125,-0.2363211949567087,20.818038216258895,0,0
0.745758056640625,-0.23138992897371083,20.816962457950233,0,0
0.751220703125,-0.2262246524236741,20.815852793530613,0,0
0.7564697265625,-0.22083312322287132,20.814709486245825,0,0
0.76251220703125,-0.2152240640012123,20.813532799557414,0,0
0.768402099609375,-0.20940697361168925,20.812322997134363,0,0
0.774658203125,-0.2033919072047285,20.811080342844722,0,0
0.7808837890625,-0.19718924376643512,20.809805100747386,0,0
0.78717041015625,-0.19080951632016935,20.808497535083895,0,0
0.7935791015625,-0.18426335436900027,20.807157910270295,0,0
0.80035400390625,-0.17756152843338358,20.80578649088908,0,0
0.80706787109375,-0.17071501780565465,20.804383541681187,0,0
0.814208984375,-0.16373504517673465,20.802949327538045,0,0
0.821044921875,-0.15663308767623713,20.80148411349372,0,0
0.828582763671875,-0.1494208850319382,20.799988164717085,0,0
0.8360595703125,-0.14211040149914156,20.79846174650407,0,0
0.8436279296875,-0.13471367526254036,20.79690512427001,0,0
0.851531982421875,-0.12724257333315903,20.79531856354198,0,0
0.85894775390625,-0.11970851114391326,20.79370232995128,0,0
0.866607666015625,-0.11212221685123883,20.792056689225927,0,0
0.874114990234375,-0.10449362303462928,20.79038190718325,0,0
0.8822021484375,-0.09683183685546652,20.788678249722523,0,0
0.889495849609375,-0.0891450812493586,20.78694598281767,0,0
0.897216796875,-0.08144065109040852,20.785185372510067,0,0
0.905120849609375,-0.07372495432736306,20.783396684901362,0,0
0.912689208984375,-0.06600354954956024,20.781580186146382,0,0
0.92047119140625,-0.05828113350039062,20.779736142446133,0,0
0.928131103515625,-0.05056154707732173,20.777864820040836,0,0
0.93603515625,-0.042847794187892585,20.77596648520303,0,0
0.943939208984375,-0.03514200277953996,20.774041404230754,0,0
0.951385498046875,-0.027445326848055486,20.772089843440803,0,0
0.9593505859375,-0.01975787598364709,20.770112069162035,0,0
0.9666748046875,-0.012078716830994672,20.76810834772876,0,0
0.9747314453125,-0.004405907621046035,20.766078945474185,0,0
0.98199462890625,0.0032634673643837098,20.76402412872392,0,0
0.9892578125,0.010933206519641858,20.76194416378961,0,0
0.99713134765625,0.018607762190997038,20.759839316962545,0,0
1.00469970703125,0.026291986767550624,20.757709854507397,0,0
1.01190185546875,0.0339909674235912,20.75555604265602,0,0
1.019805908203125,0.041709837170390285,20.75337814760131,0,0
1.027374267578125,0.04945354302756812,20.751176435491143,0,0
1.034820556640625,0.057226663776379944,20.748951172422355,0,0
1.042755126953125,0.06503323092710193,20.74670262443482,0,0
1.050628662109375,0.07287655478336068,20.74443105750561,0,0
1.058563232421875,0.08075915604240054,20.742136737543163,0,0
1.06671142578125,0.08868279917093055,20.739819930381575,0,0
1.074554443359375,0.0966485675096508,20.737480901774973,0,0
1.0830078125,0.10465695499695901,20.735119917391874,0,0
1.09124755859375,0.11270800709589218,20.73273724280973,0,0
1.099029541015625,0.12080151218710303,20.730333143509426,0,0
1.107330322265625,0.12893710844890852,20.727907884869946,0,0
1.11572265625,0.13711427882939306,20.725461732163048,0,0
1.12384033203125,0.14533238256713388,20.722994950548017,0,0
1.132049560546875,0.1535907237803234,20.72050780506651,0,0
1.140350341796875,0.16188854837932048,20.718000560637453,0,0
1.148651123046875,0.17022498607898695,20.715473482052012,0,0
1.157379150390625,0.178599025111084,20.712926833968616,0,0
1.16510009765625,0.18700952757900818,20.7103608809081,0,0
1.173583984375,0.1954551545402833,20.707775887248864,0,0
1.18157958984375,0.20393411586402108,20.705172117222105,0,0
1.19000244140625,0.21244383828827634,20.702549834907163,0,0
1.198638916015625,0.22098067321052847,20.699909304226896,0,0
1.207244873046875,0.22953973468310346,20.69725078894313,0,0
1.215789794921875,0.23811488156182237,20.69457455265219,0,0
1.22442626953125,0.2466987472279098,20.6918808587805,0,0
1.233612060546875,0.25528280136267956,20.68916997058023,0,0
1.241943359375,0.2638575252645265,20.68644215112506,0,0
1.25054931640625,0.2724126238525851,20.683697663305946,0,0
1.2587890625,0.2809370938262362,20.680936769827007,0,0
1.267486572265625,0.2894191509764791,20.678159733201465,0,0
1.275848388671875,0.2978461620931801,20.67536681574767,0,0
1.284271240234375,0.3062046504099142,20.67255827958514,0,0
1.292724609375,0.31448034868528096,20.66973438663074,0,0
1.300811767578125,0.3226582794411615,20.66689539859488,0,0
1.30841064453125,0.33072279720038744,20.664041576977805,0,0
1.31622314453125,0.33865746932320134,20.66117318306595,0,0
1.3240966796875,0.34644483727426795,20.658290477928357,0,0
1.331787109375,0.3540662631254493,20.655393722413148,0,0
1.33953857421875,0.3615019600479092,20.652483177144116,0,0
1.346527099609375,0.3687311379029105,20.649559102517316,0,0
1.353912353515625,0.37573215280718575,20.646621758697776,0,0
1.360504150390625,0.3824826281595931,20.643671405616256,0,0
1.36724853515625,0.38895957948156884,20.64070830296607,0,0
1.373565673828125,0.39513956034907416,20.637732710199973,0,0
1.37982177734375,0.4009988655753082,20.634744886527155,0,0
1.38519287109375,0.40651380086034306,20.631745090910247,0,0
1.39068603515625,0.4116609371505696,20.62873358206241,0,0
1.395538330078125,0.41641731808045657,20.625710618444533,0,0
1.39990234375,0.42076066383702715,20.622676458262433,0,0
1.407562255859375,0.4246698237294286,20.619631359464165,0,0
1.41082763671875,0.4281259741284747,20.616575579737397,0,0
1.4130859375,0.4311142237213264,20.613509376506816,0,0
1.41522216796875,0.4336244187217817,20.610433006931654,0,0
1.417022705078125,0.43565091524268484,20.607346727903238,0,0
1.418060302734375,0.43719206944042666,20.604250796042617,0,0
1.419403076171875,0.4382498271453032,20.601145467698267,0,0
1.41961669921875,0.43882943893337517,20.598030998943848,0,0
1.419677734375,0.4389392786642145,20.594907645576022,1,0
1.41729736328125,0.43859052519863534,20.591775663112372,0,0
1.4171142578125,0.43779645001927503,20.588635306789328,0,0
1.414947509765625,0.4365715317692562,20.585486831560214,0,0
1.41326904296875,0.43493078752127806,20.58233049209332,0,0
1.41107177734375,0.43288931000328795,20.579166542770068,0,0
1.408172607421875,0.4304618848943569,20.575995237683212,0,0
1.40509033203125,0.42766263029025753,20.572816830635144,0,0
1.401824951171875,0.42450459846272726,20.56963157513621,0,0
1.398529052734375,0.42099943806946727,20.56643972440314,0,0
1.394683837890625,0.4171572502242567,20.563241531357527,0,0
1.390869140625,0.4129866203712973,20.560037248624344,0,0
1.38665771484375,0.4084947682480431,20.556827128530553,0,0
1.38232421875,0.4036878143339883,20.553611423103774,0,0
1.3780517578125,0.39857119207301994,20.550390384071015,0,0
1.372955322265625,0.3931502246529248,20.54716426285744,0,0
1.367645263671875,0.3874307716017104,20.543933310585256,0,0
1.361663818359375,0.38141976385383786,20.540697778072595,0,0
1.355438232421875,0.3751255367150969,20.53745791583252,0,0
1.34906005859375,0.3685579969938891,20.534213974072035,0,0
1.3421630859375,0.3617287140313892,20.530966202691225,0,0
1.33489990234375,0.3546509589501492,20.52771485128238,0,0
1.32781982421875,0.3473396599551842,20.524460169129245,0,0
1.319854736328125,0.33981130804998916,20.521202405206306,0,0
1.312286376953125,0.3320838365870816,20.517941808178126,0,0
1.30401611328125,0.32417645301592773,20.514678626398766,0,0
1.295684814453125,0.3161094178253683,20.51141310791124,0,0
1.2874755859375,0.3079037643109258,20.508145500447057,0,0
1.27899169921875,0.29958101547371097,20.504876051425825,0,0
1.27008056640625,0.2911629352249186,20.501605007954865,0,0
1.261749267578125,0.28267124335699456,20.498332616828954,0,0
1.253173828125,0.2741273351417899,20.49505912453009,0,0
1.244049072265625,0.26555208744350245,20.491784777227306,0,0
1.23541259765625,0.2569656329773495,20.48850982077659,0,0
1.226654052734375,0.2483870351565772,20.485234500720797,0,0
1.217864990234375,0.23983397704952392,20.481959062289693,0,0
1.2091064453125,0.23132248811997053,20.478683750400002,0,0
1.200958251953125,0.22286668614272379,20.475408809655537,0,0
1.192474365234375,0.21447862747566035,20.47213448434737,0,0
1.183502197265625,0.20616824014555654,20.46886101845412,0,0
1.175384521484375,0.19794313425346033,20.465588655642193,0,0
1.1671142578125,0.18980829661177612,20.462317639266185,0,0
1.1593017578125,0.18176589141498475,20.459048212369275,0,0
1.15155029296875,0.17381525266287423,20.45578061768371,0,0
1.1436767578125,0.16595300657005985,20.45251509763135,0,0
1.135894775390625,0.15817321509704974,20.449251894324203,0,0
1.1285400390625,0.15046747817928346,20.445991249565143,0,0
1.121429443359375,0.1428250993737674,20.44273340484856,0,0
1.114013671875,0.13523342923031606,20.43947860136113,0,0
1.10711669921875,0.1276783298502976,20.436227079982643,0,0
1.100006103515625,0.1201446901313542,20.432979081286856,0,0
1.092742919921875,0.1126169843086747,20.429734845542438,0,0
1.08624267578125,0.10507985377579704,20.42649461271393,0,0
1.0797119140625,0.09751881328277662,20.423258622462818,0,0
1.072601318359375,0.08992119342562191,20.420027114148578,0,0
1.06524658203125,0.08227711762659332,20.416800326829872,0,0
1.05853271484375,0.07458027765083294,20.41357849926572,0,0
1.051116943359375,0.0668286082564988,20.410361869916787,0,0
1.044403076171875,0.05902502592173842,20.407150676946653,0,0
1.029388427734375,0.05117766719795026,20.403945158223227,0,0
1.022003173828125,0.04329841789301138,20.40074555132015,0,0
1.01470947265625,0.03540020820476366,20.39755209351826,0,0
1.006988525390625,0.027495328828277238,20.394365021807147,0,0
0.999420166015625,0.019595354191252398,20.39118457288671,0,0
0.991668701171875,0.011711512951947126,20.388010983168826,0,0
0.98388671875,0.0038549443078119416,20.384844488779002,0,0
0.975921630859375,-0.003963155854615472,20.381685325558156,0,0
0.96856689453125,-0.011731487672211785,20.378533729064394,0,0
0.9605712890625,-0.01943861676662957,20.375389934574873,0,0
0.9527587890625,-0.027072964946716155,20.372254177087687,0,0
0.945068359375,-0.034622929213045994,20.369126691323846,0,0
0.937835693359375,-0.042077081071164826,20.36600771172926,0,0
0.929962158203125,-0.04942431597432685,20.362897472476828,0,0
0.92315673828125,-0.056653972946993286,20.359796207468513,0,0
0.91571044921875,-0.06375595097303012,20.356704150337553,0,0
0.908538818359375,-0.07072081405471281,20.35362153445063,0,0
0.902099609375,-0.07753992630967149,20.35054859291019,0,0
0.89520263671875,-0.0842055528401728,20.347485558556706,0,0
0.888763427734375,-0.09071087263971479,20.3444326639711,0,0
0.88262939453125,-0.0970499787825837,20.341390141477138,0,0
0.876373291015625,-0.10321786266434572,20.33835822314391,0,0
0.870513916015625,-0.10921036207559795,20.335337140788365,0,0
0.864898681640625,-0.1150241042986423,20.33232712597786,0,0
0.85894775390625,-0.12065644481663701,20.329328410032826,0,0
0.853790283203125,-0.12610544000502308,20.326341224029406,0,0
0.84881591796875,-0.13136983199773003,20.32336579880221,0,0
0.84368896484375,-0.1364489342380977,20.32040236494709,0,0
0.83905029296875,-0.1413424514362406,20.317451152823946,0,0
0.834075927734375,-0.1460503536975212,20.31451239255963,0,0
0.829559326171875,-0.1505728510896641,20.311586314050874,0,0
0.825531005859375,-0.1549104323233961,20.30867314696724,0,0
0.821441650390625,-0.15906384193582693,20.30577312075419,0,0
0.81744384765625,-0.16303395902370793,20.302886464636124,0,0
0.813079833984375,-0.16682174322549037,20.30001340761954,0,0
0.8095703125,-0.1704283859648166,20.297154178496186,0,0
0.80621337890625,-0.17385555377697587,20.294309005846298,0,0
0.802886962890625,-0.17710551890369716,20.291478118041884,0,0
0.8001708984375,-0.18018115200226517,20.28866174325003,0,0
0.79693603515625,-0.18308585852581277,20.285860109436292,0,0
0.794189453125,-0.18582354661489434,20.28307344436811,0,0
0.791778564453125,-0.188398674896007,20.28030197561827,0,0
0.789520263671875,-0.19081627745324067,20.27754593056844,0,0
0.787384033203125,-0.1930818694802283,20.274805536412753,0,0
0.78485107421875,-0.1952013280654064,20.27208102016139,0,0
0.7830810546875,-0.19718088988204288,20.269372608644264,0,0
0.78167724609375,-0.19902719727790066,20.26668052851475,0,0
0.780059814453125,-0.2007471847803647,20.264005006253434,0,0
0.77703857421875,-0.2023479304837744,20.26134626817191,0,0
0.774749755859375,-0.20383695177376462,20.258704540416684,0,0
0.774261474609375,-0.20522295426137055,20.256080048973043,0,0
0.772430419921875,-0.20651638055820892,20.253473019669027,0,0
0.7725830078125,-0.2077294098339914,20.25088367817945,0,0
0.771697998046875,-0.20887555734514965,20.24831225002993,0,0
0.769866943359375,-0.20996912470651485,20.245758960601005,0,0
0.770050048828125,-0.21102483250056064,20.243224035132283,0,0
0.769989013671875,-0.2120575167407613,20.240707698726645,0,0
0.768585205078125,-0.21308150131285314,20.23821017635447,0,0
0.76800537109375,-0.21410991743476585,20.235731692857964,0,0
0.76788330078125,-0.2151542806572436,20.23327247295548,0,0
0.76556396484375,-0.2162241447269909,20.23083274124591,0,0
0.765167236328125,-0.21732690382285946,20.228412722213132,0,0
0.763763427734375,-0.21846785756929193,20.226012640230508,0,0
0.762664794921875,-0.21965028158287675,20.22363271956539,0,0
0.761077880859375,-0.22087544463003492,20.22127318438373,0,0
0.7601318359375,-0.22214270050110108,20.2189342587547,0,0
0.75775146484375,-0.2234496528102804,20.21661616665537,0,0
0.756744384765625,-0.2247924362700083,20.214319131975454,0,0
0.755157470703125,-0.22616607548120016,20.21204337852206,0,0
0.7535400390625,-0.22756474490199208,20.209789130024532,0,0
0.752532958984375,-0.22898191467835388,20.207556610139317,0,0
0.750152587890625,-0.23041047312410465,20.20534604245489,0,0
0.7490234375,-0.23184292438096946,20.203157650496713,0,0
0.747802734375,-0.23327164185067642,20.200991657732263,0,0
0.74542236328125,-0.23468903531947385,20.198848287576098,0,0
0.74462890625,-0.23608772009892295,20.19672776339496,0,0
0.742767333984375,-0.2374607582402082,20.194630308512956,0,0
0.741607666015625,-0.23880182964562346,20.19255614621674,0,0
0.740753173828125,-0.24010529076887355,20.19050549976081,0,0
0.738677978515625,-0.24136615561356853,20.188478592372793,0,0
0.7381591796875,-0.2425801014751253,20.186475647258803,0,0
0.7369384765625,-0.2437435144802019,20.18449688760885,0,0
0.73590087890625,-0.24485342966677892,20.182542536602313,0,0
0.73504638671875,-0.2459074019844888,20.18061281741341,0,0
0.733154296875,-0.24690347382071867,20.178707953216787,0,0
0.733245849609375,-0.24784028533831431,20.176828167193094,0,0
0.7322998046875,-0.24871713380413635,20.174973682534645,0,0
0.730682373046875,-0.24953386950126719,20.173144722451134,0,0
0.730682373046875,-0.25029089124475234,20.171341510175363,0,0
0.730560302734375,-0.25098920070439873,20.169564268969065,0,0
0.728912353515625,-0.25163023025391656,20.167813222128732,0,0
0.728363037109375,-0.2522157351329439,20.166088592991542,0,0
0.72821044921875,-0.2527479944595478,20.164390604941286,0,0
0.728302001953125,-0.25322991306613873,20.162719481414385,0,0
0.7281494140625,-0.25366473876524676,20.161075445905936,0,0
0.72802734375,-0.2540555996302791,20.15945872197581,0,0
0.728179931640625,-0.254405075109669,20.157869533254825,0,0
0.725799560546875,-0.2547149692927845,20.156308103450918,0,0
0.725677490234375,-0.2549866095464709,20.15477465635543,0,0
0.7255859375,-0.2552215672827143,20.153269415849387,0,0
0.72552490234375,-0.25542213675825287,20.151792605909893,0,0
0.725921630859375,-0.255591313564262,20.150344450616494,0,0
0.725677490234375,-0.25573253199634116,20.148925174157686,0,0
0.725860595703125,-0.2558493816615923,20.14753500083739,0,0
0.725860595703125,-0.25594539114277126,20.14617415508155,0,0
0.72576904296875,-0.2560238682376321,20.14484286144472,0,0
0.725860595703125,-0.2560877816421373,20.143541344616764,0,0
0.725738525390625,-0.2561396895812844,20.14226982942957,0,0
0.725616455078125,-0.25618170977163723,20.141028540863818,0,0
0.725738525390625,-0.25621553457624224,20.13981770405582,0,0
0.72576904296875,-0.25624244323101336,20.138637544304412,0,0
0.725677490234375,-0.2562632680933373,20.13748828707788,0,0
0.725830078125,-0.2562783567483652,20.136370158020956,0,0
0.72576904296875,-0.2562875495838567,20.135283382961873,0,0
0.725616455078125,-0.25629017020687483,20.13422818791946,0,1
0.72564697265625,-0.2562850699095998,20.133189109506038,0,0
0.725555419921875,-0.2562707223062292,20.132150547035852,0,0
0.725616455078125,-0.2562453145817048,20.131112520721647,0,0
0.72564697265625,-0.2562068141346391,20.130075050767854,0,0
0.72564697265625,-0.25615301486097286,20.129038157370623,0,0
0.725616455078125,-0.2560815881424606,20.128001860717823,0,0
0.725799560546875,-0.25599015696617744,20.126966180989076,0,0
0.725677490234375,-0.2558763752448423,20.125931138355735,0,0
0.725738525390625,-0.2557380240529099,20.12489675298092,0,0
0.7264404296875,-0.2555731068033519,20.123863045019547,0,0
0.728118896484375,-0.25537970208188004,20.122830034618307,0,0
0.728271484375,-0.25515535152679636,20.121797741915703,0,0
0.728179931640625,-0.2548963147784331,20.120766187042065,0,0
0.72821044921875,-0.2545972727671164,20.119735390119555,0,0
0.72802734375,-0.25425154845395526,20.118705371262195,0,0
0.72808837890625,-0.2538515569787503,20.11767615057588,0,0
0.72845458984375,-0.25338929602840393,20.116647748158385,0,0
0.728546142578125,-0.252856777013686,20.1156201840994,0,0
0.73065185546875,-0.25224626871466443,20.114593478480522,0,0
0.73052978515625,-0.251550202824742,20.113567651375316,0,0
0.730621337890625,-0.25076097863327496,20.112542722849277,0,0
0.73284912109375,-0.24987106359116165,20.1115187129599,0,0
0.73297119140625,-0.24887314351113146,20.110495641756668,0,0
0.734649658203125,-0.24776005087698819,20.10947352928108,0,0
0.735565185546875,-0.24652470338125998,20.108452395566673,0,0
0.737640380859375,-0.24516009332561925,20.107432260639047,0,0
0.738739013671875,-0.24365918381749485,20.106413144515876,0,0
0.7403564453125,-0.242014804706183,20.105395067206935,0,0
0.74237060546875,-0.24021967539455472,20.104378048714118,0,0
0.744140625,-0.23826647194841313,20.10336210903147,0,0
0.74591064453125,-0.23614788780596555,20.102347268145184,0,0
0.748321533203125,-0.23385678775172677,20.101333546033665,0,0
0.750701904296875,-0.23138641333893564,20.100320962667503,0,0
0.753631591796875,-0.22873049283862915,20.099309538009557,0,0
0.75628662109375,-0.22588324297774248,20.09829929201491,0,0
0.758819580078125,-0.22283939748200182,20.097290244630955,0,0
0.76214599609375,-0.21959440132991664,20.096282415797376,0,0
0.7657470703125,-0.21614467624570735,20.095275825446194,0,0
0.76910400390625,-0.21248776170282013,20.094270493501796,0,0
0.773193359375,-0.2086223649022697,20.09326643988095,0,0
0.77703857421875,-0.20454842271509965,20.09226368449283,0,0
0.7813720703125,-0.2002671701209072,20.091262247239055,0,0
0.785980224609375,-0.19578119679887157,20.090262148013704,0,0
0.791107177734375,-0.1910944264678643,20.089263406703342,0,0
0.795806884765625,-0.1862119635674353,20.088266043187073,0,0
0.80126953125,-0.18113989640703443,20.087270077336534,0,0
0.8065185546875,-0.17588513551968357,20.086275529015936,0,0
0.81207275390625,-0.17045526448118886,20.085282418082105,0,0
0.817291259765625,-0.1648584409183382,20.084290764384505,0,0
0.82366943359375,-0.15910338902980842,20.083300587765248,0,0
0.829833984375,-0.15319933498288535,20.082311908059154,0,0
0.83599853515625,-0.14715575198133113,20.081324745093774,0,0
0.8424072265625,-0.14098203908142382,20.0803391186894,0,0
0.84893798828125,-0.13468726228902772,20.079355048659117,0,0
0.855316162109375,-0.12827993380618252,20.07837255480883,0,0
0.861572265625,-0.12176786478623733,20.07739165693731,0,0
0.86822509765625,-0.11515817522033636,20.07641237483618,0,0
0.874969482421875,-0.10845739693580304,20.075434728290013,0,0
0.8819580078125,-0.10167151970579427,20.07445873707631,0,0
0.888671875,-0.09480594519892892,20.07348442096556,0,0
0.895233154296875,-0.08786547154216895,20.072511799721276,0,0
0.902435302734375,-0.08085441594272556,20.071540893100014,0,0
0.909881591796875,-0.07377675085855491,20.070571720851426,0,0
0.91705322265625,-0.06663605231937934,20.069604302718275,0,0
0.924041748046875,-0.05943533550417486,20.06863865843649,0,0
0.93133544921875,-0.052177001504094045,20.067674807735187,0,0
0.938629150390625,-0.044862912320874686,20.06671277033672,0,0
0.946044921875,-0.03749446576749998,20.06575256595669,0,0
0.953521728515625,-0.030072620005540326,20.06479421430402,0,0
0.960784912109375,-0.02259790468962517,20.063837735080956,0,0
0.968292236328125,-0.015070479026506822,20.062883147983143,0,0
0.97613525390625,-0.007490224560954717,20.061930472699622,0,0
0.983428955078125,0.0001432074734495914,20.060979728912905,0,0
0.990478515625,0.007830309979671199,20.060030936298983,0,0
0.99871826171875,0.015571458205584462,20.05908411452738,0,0
1.006439208984375,0.02336665241347101,20.058139283261205,0,0
1.01416015625,0.031215461156139046,20.057196462157172,0,0
1.022125244140625,0.039117024141384724,20.05625567086565,0,0
1.029937744140625,0.047069987668493476,20.05531692903069,0,0
1.03802490234375,0.05507242395025368,20.054380256290088,0,0
1.046295166015625,0.06312179082618313,20.05344567227542,0,0
1.054473876953125,0.07121497755349963,20.052513196612068,0,0
1.0626220703125,0.07934841908149046,20.05158284891929,0,0
1.070953369140625,0.08751819793158898,20.050654648810223,0,0
1.07928466796875,0.09572012625392332,20.049728615891972,0,0
1.087799072265625,0.10394986487125579,20.04880476976562,0,0
1.095947265625,0.11220308396051834,20.047883130026293,0,0
1.104278564453125,0.12047559037962258,20.046963716263175,0,0
1.11279296875,0.128763385446429,20.046046548059593,0,0
1.120880126953125,0.13706270810536075,20.045131644993024,0,0
1.129547119140625,0.1453700840709516,20.04421902663517,0,0
1.137939453125,0.15368238984995294,20.043308712551973,0,0
1.14605712890625,0.1619969492649416,20.0424007223037,0,0
1.15460205078125,0.17031159077794286,20.041495075444953,0,0
1.16259765625,0.17862462537397222,20.04059179152473,0,0
1.17059326171875,0.18693474766250617,20.039690890086483,0,0
1.1785888671875,0.19524079874620898,20.03879239066813,0,0
1.186798095703125,0.20354141588938765,20.03789631280218,0,0
1.194732666015625,0.21183468981953613,20.03700267601566,0,0
1.202911376953125,0.2201178619081514,20.036111499830294,0,0
1.2110595703125,0.22838704391514256,20.035222803762444,0,0
1.21923828125,0.236636989472591,20.034336607323237,0,0
1.227508544921875,0.24486094084942506,20.03345293001857,0,0
1.23577880859375,0.253050553167769,20.03257179134918,0,0
1.243804931640625,0.2611958838791472,20.031693210810673,0,0
1.252227783203125,0.26928541424161745,20.03081720789361,0,0
1.26019287109375,0.2773061100658853,20.02994380208353,0,0
1.268310546875,0.2852435330439926,20.029073012861,0,0
1.2762451171875,0.2930819655393374,20.028204859701695,0,0
1.283966064453125,0.3008045292960581,20.027339362076415,0,0
1.29156494140625,0.3083932823511182,20.02647653945117,0,0
1.2991943359375,0.315829284439623,20.025616411287196,0,0
1.306427001953125,0.3230926726467523,20.024758997041054,0,0
1.314117431640625,0.3301627993318115,20.023904316164643,0,0
1.32073974609375,0.3370184579427744,20.023052388105274,0,0
1.327880859375,0.3436381501487796,20.02220323230573,0,0
1.3343505859375,0.35000034370954203,20.021356868204307,0,0
1.340667724609375,0.3560837482998646,20.02051331523486,0,0
1.346710205078125,0.3618676068920256,20.0196725928269,0,0
1.3525390625,0.3673319908548821,20.0188347204056,0,0
1.35791015625,0.3724581340996887,20.017999717391888,0,0
1.362823486328125,0.37722878584479036,20.017167603202484,0,0
1.36749267578125,0.3816285191374189,20.01633839724996,0,0
1.37176513671875,0.38564399890430745,20.015512118942805,0,0
1.3756103515625,0.38926425678479415,20.014688787685483,0,0
1.37896728515625,0.3924809696584892,20.013868422878478,0,0
1.381500244140625,0.3952886676242629,20.013051043918363,0,0
1.38323974609375,0.39768473502808654,20.012236670197858,0,0
1.3848876953125,0.3996691017743744,20.01142532110589,0,0
1.38720703125,0.4012438043045031,20.010617016027645,0,0
1.38775634765625,0.4024127614773693,20.009811774344644,0,0
1.387481689453125,0.40318165883344775,20.009009615434785,0,0
1.38775634765625,0.40355750879746444,20.008210558672406,1,0
1.38775634765625,0.403547981520613,20.007414623428375,0,0
1.3875732421875,0.403160975885536,20.0066218290701,0,0
1.38665771484375,0.4024045206927458,20.005832194961634,0,0
1.385284423828125,0.4012867509451544,20.005045740463732,0,0
1.383270263671875,0.39981573792608466,20.00426248493388,0,0
1.381500244140625,0.39799914107612455,20.0034824477264,0,0
1.379302978515625,0.39584384611388757,20.0027056481925,0,0
1.37689208984375,0.3933557589337019,20.00193210568031,0,0
1.3739013671875,0.3905397339965341,20.00116183953499,0,0
1.371246337890625,0.38739955066589726,20.000394869098766,0,0
1.36785888671875,0.3839379750210161,19.999631213711,0,0
1.36444091796875,0.3801569525429011,19.998870892708265,0,0
1.361083984375,0.37605791185520443,19.998113925424395,0,0
1.356719970703125,0.371642187678921,19.99736033119056,0,0
1.352752685546875,0.366911516772819,19.996610129335334,0,0
1.347991943359375,0.36186853547859854,19.995863339184755,0,0
1.342803955078125,0.35651726393276545,19.9951199800624,0,0
1.33758544921875,0.35086351770560076,19.994380071289456,0,0
1.331512451171875,0.3449152112369955,19.993643632184753,0,0
1.32537841796875,0.3386825566018372,19.99291068206489,0,0
1.3187255859375,0.33217812705882666,19.992181240244243,0,0
1.311859130859375,0.32541679803343626,19.99145532603509,0,0
1.304840087890625,0.3184156167146782,19.990732958747632,0,0
1.297393798828125,0.31119363979579756,19.9900141576901,0,0
1.2896728515625,0.3037717331208894,19.989298942168798,0,0
1.281524658203125,0.2961722632268319,19.988587331488183,0,0
1.27362060546875,0.2884186521932111,19.987879344950947,0,0
1.26580810546875,0.2805349161154022,19.987175001858066,0,0
1.2576904296875,0.2725453518450348,19.986474321508894,0,0
1.249420166015625,0.26447435787453105,19.98577732320121,0,0
1.240936279296875,0.25634622877136687,19.985084026231316,0,0
1.2322998046875,0.248184819453185,19.98439444989409,0,0
1.22442626953125,0.24001312639697203,19.983708613483074,0,0
1.21575927734375,0.2318529361192994,19.98302653629053,0,0
1.207427978515625,0.22372455774041053,19.982348237607532,0,0
1.199188232421875,0.21564651418260786,19.98167373672402,0,0
1.19146728515625,0.20763523695123362,19.981003052928894,0,0
1.1832275390625,0.1997049049346388,19.980336205510085,0,0
1.1756591796875,0.19186738983907742,19.979673213754605,0,0
1.167694091796875,0.1841322117689112,19.979014096948664,0,0
1.160400390625,0.17650650683129462,19.97835887437771,0,0
1.152679443359375,0.16899503191537704,19.97770756532653,0,0
1.1453857421875,0.1616001821625951,19.977060189079307,0,0
1.137908935546875,0.15432197212669768,19.97641676491971,0,0
1.131256103515625,0.1471580051457554,19.97577731213097,0,0
1.124359130859375,0.1401035516930158,19.975141849995946,0,0
1.117462158203125,0.13315177122497424,19.97451039779722,0,0
1.11083984375,0.12629395273192595,19.97388297481717,0,0
1.1043701171875,0.11951971997937194,19.973259600338032,0,0
1.097869873046875,0.11281727729010402,19.972640293642012,0,0
1.09185791015625,0.10617373715364059,19.97202507401133,0,0
1.085205078125,0.0995755154756638,19.971413960728324,0,0
1.079010009765625,0.09300872217931115,19.97080697307553,0,0
1.07318115234375,0.08645951898259713,19.970204130335734,0,0
1.066497802734375,0.07991453505071347,19.969605451792106,0,0
1.060272216796875,0.07336129208273004,19.96901095672822,0,0
1.053436279296875,0.0667884736712101,19.968420664428184,0,0
1.04742431640625,0.0601860576165482,19.96783459417669,0,0
1.0408935546875,0.053545474632175565,19.96725276525913,0,0
1.0341796875,0.046859850502282405,19.966675196961635,0,0
1.027587890625,0.04012421142863252,19.966101908571204,0,0
1.020904541015625,0.033335591867831915,19.96553291937575,0,0
1.0140380859375,0.02649311652833508,19.964968248664213,0,0
1.00726318359375,0.019598073497354193,19.964407915726618,0,0
0.99993896484375,0.012653931511676021,19.963851939854187,0,0
0.99285888671875,0.005666247410795612,19.963300340339405,0,0
0.986083984375,-0.0013575104939683516,19.9627531364761,0,0
0.978759765625,-0.008408090345637748,19.962210347559555,0,0
0.971405029296875,-0.015474544510333324,19.961671992886572,0,0
0.96435546875,-0.022544413230788464,19.961138091755565,0,0
0.957000732421875,-0.029603980273328265,19.960608663466655,0,0
0.949859619140625,-0.036638516788876536,19.96008372732174,0,0
0.9425048828125,-0.04363254044878672,19.959563302624595,0,0
0.93536376953125,-0.050570127190517386,19.959047408680963,0,0
0.928466796875,-0.05743524533893282,19.95853606479863,0,0
0.921661376953125,-0.06421202995674201,19.958029290287534,0,0
0.915069580078125,-0.07088494290960153,19.957527104459835,0,0
0.908203125,-0.07743886446565422,19.95702952663001,0,0
0.901824951171875,-0.08385921215894697,19.95653657611495,0,0
0.8953857421875,-0.09013211147363076,19.956048272234046,0,0
0.889556884765625,-0.0962445441925521,19.955564634309276,0,0
0.88323974609375,-0.10218442679924954,19.955085681665302,0,0
0.877838134765625,-0.10794066386877997,19.954611433629566,0,0
0.871307373046875,-0.11350325677352448,19.95414190953236,0,0
0.8665771484375,-0.1188635216356203,19.953677128706946,0,0
0.86102294921875,-0.12401432763898634,19.953217110489632,0,0
0.85601806640625,-0.12895024013263492,19.95276187421987,0,0
0.851318359375,-0.13366763810770738,19.952311439240358,0,0
0.846923828125,-0.13816483496710602,19.951865824897105,0,0
0.84307861328125,-0.14244208359124338,19.951425050539566,0,0
0.83892822265625,-0.1465014289879381,19.950989135520704,0,0
0.83526611328125,-0.15034651340756094,19.950558099197096,0,0
0.831695556640625,-0.15398243452547977,19.95013196092904,0,0
0.828277587890625,-0.1574156482006668,19.949710740080626,0,0
0.82513427734375,-0.16065388722925145,19.949294456019864,0,0
0.822418212890625,-0.1637060726714504,19.948883128118744,0,0
0.819854736328125,-0.16658214045122277,19.94847677575337,0,0
0.817291259765625,-0.1692927571329147,19.948075418304025,0,0
0.814910888671875,-0.17184901402878883,19.947679075155296,0,0
0.81256103515625,-0.17426218342775704,19.947287765696142,0,0
0.81036376953125,-0.17654354489767213,19.946901509320035,0,0
0.808380126953125,-0.17870425275477006,19.94652032542501,0,0
0.806640625,-0.18075518833727172,19.946144233413804,0,0
0.804656982421875,-0.18270675913228648,19.945773252693932,0,0
0.802398681640625,-0.1845687393635011,19.945407402677795,0,0
0.8006591796875,-0.18635029491053415,19.945046702782793,0,0
0.79876708984375,-0.1880601511924852,19.9446911724314,0,0
0.797027587890625,-0.18970676047985222,19.944340831051285,0,0
0.795013427734375,-0.19129846453274918,19.94399569807541,0,0
0.79376220703125,-0.19284369662379955,19.943655792942117,0,0
0.7921142578125,-0.19435113949966906,19.943321135095267,0,0
0.7911376953125,-0.1958297353625181,19.9429917439843,0,0
0.789764404296875,-0.19728853973378627,19.942667639064368,0,0
0.788238525390625,-0.19873650002468876,19.94234883979642,0,0
0.787567138671875,-0.20018224655746383,19.94203536564732,0,0
0.785736083984375,-0.20163386546268144,19.941727236089953,0,0
0.784881591796875,-0.2030986415280895,19.94142447060331,0,0
0.7830810546875,-0.20458285090000308,19.941127088672612,0,0
0.7822265625,-0.20609159781731531,19.940835109789422,0,0
0.779754638671875,-0.20762868835649195,19.94054855345172,0,0
0.778839111328125,-0.20919663109712183,19.940267439164042,0,0
0.777374267578125,-0.21079669639347082,19.93999178643757,0,0
0.774993896484375,-0.2124288898924576,19.939721614790248,0,0
0.773681640625,-0.21409198687032796,19.939456943746876,0,0
0.7720947265625,-0.21578369103807588,19.939197792839245,0,0
0.77008056640625,-0.21750070931098983,19.938944181606203,0,0
0.7681884765625,-0.21923878605383862,19.93869612959381,0,0
0.766204833984375,-0.22099287369958612,19.93845365635542,0,0
0.764617919921875,-0.22275737145478658,19.9382167814518,0,0
0.762481689453125,-0.2245263053440384,19.937985524451225,0,0
0.76043701171875,-0.22629349446695302,19.937759904929628,0,0
0.758941650390625,-0.2280527784311151,19.937539942470657,0,0
0.757537841796875,-0.2297981692165868,19.93732565666583,0,0
0.755340576171875,-0.2315238114217734,19.937117067114627,0,0
0.7535400390625,-0.23322395400269216,19.936914193424613,0,0
0.752227783203125,-0.23489307721939426,19.936717055211528,0,0
0.750335693359375,-0.23652599911828115,19.93652567209943,0,0
0.748260498046875,-0.23811792684559782,19.9363400637208,0,0
0.747589111328125,-0.2396645840782117,19.936160249716636,0,0
0.74542236328125,-0.2411622969584901,19.935986249736587,0,0
0.74444580078125,-0.2426079591369556,19.93581808343908,0,0
0.74298095703125,-0.24399899883017814,19.935655770491394,0,0
0.74139404296875,-0.24533336992271618,19.93549933056982,0,0
0.74066162109375,-0.2466095542741098,19.93534878335975,0,0
0.73919677734375,-0.24782654123573447,19.935204148555798,0,0
0.738006591796875,-0.2489837634814325,19.935065445861927,0,0
0.737274169921875,-0.25008106797268015,19.934932694991556,0,0
0.73553466796875,-0.2511187273761157,19.93480591566769,0,0
0.73577880859375,-0.2520974419843215,19.934685127623016,0,0
0.734283447265625,-0.25301824299856546,19.93457035060005,0,0
0.733154296875,-0.2538823353335103,19.934461604351238,0,0
0.733306884765625,-0.2546910659016738,19.934358908639073,0,0
0.732635498046875,-0.2554458452445546,19.934262283236233,0,0
0.730712890625,-0.2561479209373707,19.934171747925685,0,0
0.730438232421875,-0.25679842529984953,19.934087322500808,0,0
0.7305908203125,-0.25739867300670927,19.934009026765523,0,0
0.730621337890625,-0.25795009836292015,19.933936880534404,0,0
0.729400634765625,-0.25845379214544595,19.933870903632823,0,0
0.7281494140625,-0.2589102775464467,19.933811115897033,0,0
0.728179931640625,-0.25931982288291,19.933757537174326,0,0
0.728240966796875,-0.2596828227038342,19.933710187323143,0,0
0.7281494140625,-0.2599997653648264,19.933669086213207,0,0
0.72833251953125,-0.26027088688749256,19.933634253725618,0,0
0.72808837890625,-0.2604957939120125,19.933605709753028,0,0
0.72821044921875,-0.2606731636055617,19.933583474199718,0,0
0.728118896484375,-0.2608005287193216,19.933567566981754,0,0
0.728179931640625,-0.26087411813409866,19.933558008027095,0,0
0.7279052734375,-0.26088875859539506,19.93355481727575,0,1
0.7281494140625,-0.26083787431908556,19.933619862061292,0,0
0.728179931640625,-0.2607135428352044,19.933814368976822,0,0
0.728271484375,-0.2605065487305436,19.934137400589215,0,0
0.728118896484375,-0.26020649470153634,19.934588024339636,0,0
0.7281494140625,-0.2598020716933691,19.935165312423322,0,0
0.728240966796875,-0.25928149064806666,19.93586834167067,0,0
0.729949951171875,-0.2586328877151296,19.936696193429633,0,0
0.730499267578125,-0.2578444084059707,19.937647953449428,0,0
0.73077392578125,-0.25690405522153315,19.938722711765433,0,0
0.73284912109375,-0.25579968227901556,19.939919562585388,0,0
0.733184814453125,-0.2545191125907067,19.94123760417674,0,0
0.735443115234375,-0.25305018950723496,19.942675938755265,0,0
0.736114501953125,-0.2513808450495751,19.94423367237474,0,0
0.73779296875,-0.24949931559957939,19.945909914817918,0,0
0.740234375,-0.24739450507821892,19.94770377948848,0,0
0.74237060546875,-0.24505627405640185,19.949614383304226,0,0
0.74468994140625,-0.2424755465218975,19.95164084659127,0,0
0.74725341796875,-0.23964445333128545,19.953782292979373,0,0
0.750762939453125,-0.2365565705957003,19.9560378492983,0,0
0.75396728515625,-0.23320705220751248,19.958406645475222,0,0
0.757720947265625,-0.22959260459228686,19.960887814433153,0,0
0.761627197265625,-0.22571143024612128,19.9634804919904,0,0
0.766326904296875,-0.22156315327500828,19.966183816760967,0,0
0.770294189453125,-0.21714866782608114,19.96899693005599,0,0
0.775054931640625,-0.2124700196148621,19.971918975786107,0,0
0.780181884765625,-0.20753041774982958,19.97494910036475,0,0
0.785400390625,-0.2023342468549333,19.97808645261241,0,0
0.79132080078125,-0.19688696176139767,19.981330183661814,0,0
0.79644775390625,-0.19119492587712042,19.984679446863982,0,0
0.802337646484375,-0.1852653579778073,19.988133397695186,0,0
0.8087158203125,-0.1791064437299358,19.991691193664813,0,0
0.81494140625,-0.17272743675257618,19.995351994224052,0,0
0.82147216796875,-0.16613866626250426,19.999114960675467,0,0
0.82843017578125,-0.15935154724125478,20.0029792560834,0,0
0.83563232421875,-0.15237856480374046,20.00694404518521,0,0
0.842529296875,-0.1452331713464418,20.011008494303326,0,0
0.850189208984375,-0.13792967749217894,20.015171771258093,0,0
0.857696533203125,-0.13048316205895388,20.01943304528146,0,0
0.865234375,-0.12290934322064773,20.02379148693142,0,0
0.87322998046875,-0.11522443875518734,20.028246268007237,0,0
0.881134033203125,-0.10744502204945579,20.03279656146544,0,0
0.889129638671875,-0.09958782757129726,20.037441541336594,0,0
0.89727783203125,-0.09166953211224965,20.04218038264278,0,0
0.90557861328125,-0.08370652432125442,20.04701226131589,0,0
0.9140625,-0.07571460000797513,20.05193635411656,0,0
0.922454833984375,-0.06770854403098392,20.05695183855392,0,0
0.930572509765625,-0.05970165854901817,20.062057892806,0,0
0.938568115234375,-0.05170537848175018,20.067253695640883,0,0
0.946685791015625,-0.04372905733510184,20.07253842633853,0,0
0.95489501953125,-0.035779846596402064,20.07791126461334,0,0
0.962677001953125,-0.02786256451316091,20.083371390537376,0,0
0.97064208984375,-0.019979584808181752,20.088917984464263,0,0
0.978271484375,-0.012130819603411024,20.094550226953796,0,0
0.98565673828125,-0.004313825648686001,20.100267298697208,0,0
0.993255615234375,0.003475939025191138,20.106068380443087,0,0
1.000732421875,0.01124474913091944,20.11195265292397,0,0
1.007965087890625,0.019000216731903788,20.11791929678362,0,0
1.01531982421875,0.026750844158572568,20.12396749250488,0,0
1.02301025390625,0.03450552200858864,20.13009642033828,0,0
1.030303955078125,0.04227307512955235,20.13630526023117,0,0
1.03802490234375,0.050061886007504885,20.142593191757598,0,0
1.045562744140625,0.05787954968765713,20.148959394048763,0,0
1.053314208984375,0.06573256488606286,20.1554030457241,0,0
1.061492919921875,0.07362610549643185,20.16192332482304,0,0
1.0692138671875,0.08156392004563584,20.16851940873734,0,0
1.077392578125,0.089548325878758,20.17519047414406,0,0
1.085662841796875,0.09758023667491603,20.181935696939203,0,0
1.09381103515625,0.10565925687018785,20.188754252171876,0,0
1.102203369140625,0.11378384844107942,20.195645313979174,0,0
1.110382080078125,0.12195150853865172,20.202608055521605,0,0
1.118804931640625,0.13015892967738105,20.20964164891915,0,0
1.12738037109375,0.13840216320838072,20.216745265187967,0,0
1.135711669921875,0.14667682825335213,20.223918074177657,0,0
1.144317626953125,0.15497835197892007,20.23115924450915,0,0
1.152862548828125,0.16330220474340723,20.23846794351325,0,0
1.16082763671875,0.17164410300141447,20.245843337169703,0,0
1.169158935546875,0.180000075473118,20.253284590046967,0,0
1.177490234375,0.18836635878840846,20.260790865242512,0,0
1.185638427734375,0.19673924834876336,20.268361324323784,0,0
1.19378662109375,0.20511494805729738,20.275995127269738,0,0
1.202362060546875,0.21348938963216113,20.28369143241302,0,0
1.210784912109375,0.22185811082927812,20.291449396382724,0,0
1.2191162109375,0.23021626155661232,20.299268174047782,0,0
1.22760009765625,0.23855866121656238,20.307146918460976,0,0
1.2359619140625,0.24687985141887608,20.315084780803513,0,0
1.2442626953125,0.2551741569295471,20.3230809103303,0,0
1.252777099609375,0.2634357543660901,20.331134454315773,0,0
1.261016845703125,0.2716587643258424,20.33924455800034,0,0
1.26898193359375,0.27983734858444653,20.347410364537517,0,0
1.277435302734375,0.28796574395662583,20.3556310149416,0,0
1.285247802734375,0.29603825791289606,20.36390564803605,0,0
1.2933349609375,0.3040492692868603,20.372233400402415,0,0
1.300811767578125,0.31199317028276713,20.380613406329992,0,0
1.308349609375,0.3198641724193291,20.38904479776603,0,0
1.316314697265625,0.32765600418243024,20.39752670426662,0,0
1.323944091796875,0.3353616653254176,20.406058252948245,0,0
1.331268310546875,0.34297331891104166,20.41463856843993,0,0
1.3382568359375,0.35048215444360037,20.42326677283608,0,0
1.345733642578125,0.35787809751490074,20.431941985649946,0,0
1.353057861328125,0.36514951398729045,20.440663323767794,0,0
1.360015869140625,0.37228307648199876,20.44942990140369,0,0
1.367095947265625,0.3792637368877486,20.458240830054965,0,0
1.374237060546875,0.3860747366518419,20.467095218458407,0,0
1.380889892578125,0.3926977206355,20.47599217254703,0,0
1.387542724609375,0.39911294918486756,20.484930795407635,0,0
1.39398193359375,0.40529953181845574,20.493910187238974,0,0
1.4000244140625,0.4112356781147127,20.502929445310674,0,0
1.405975341796875,0.4168989672630591,20.51198766392282,0,0
1.411712646484375,0.4222666342084507,20.52108393436625,0,0
1.41693115234375,0.4273159051813291,20.530217344883592,0,0
1.421966552734375,0.4320243655729685,20.53938698063097,0,0
1.426483154296875,0.4363703111508162,20.548591923640483,0,0
1.430755615234375,0.44033307877130257,20.557831252783394,0,0
1.434600830078125,0.4438933770076456,20.567104043734044,0,0
1.437896728515625,0.44703362447986983,20.576409368934545,0,0
1.4405517578125,0.44973824963697345,20.58574629756018,0,0
1.442962646484375,0.4519938855937485,20.595113895485607,0,0
1.446441650390625,0.4537896033067819,20.604511225251795,0,0
1.446685791015625,0.45511741015488905,20.61393734603376,0,0
1.44891357421875,0.4559728296779488,20.62339131360906,0,0
1.449310302734375,0.45635533804113293,20.632872180327077,1,0
1.44720458984375,0.4562686225688631,20.64237899507913,0,0
1.4466552734375,0.4557202933101425,20.651910803269338,0,0
1.445343017578125,0.45472103269659675,20.661466646786362,0,0
1.443695068359375,0.4532838484738951,20.671045563975884,0,0
1.441131591796875,0.45142362657055285,20.68064658961401,0,0
1.438232421875,0.4491566417692226,20.690268754881423,0,0
1.435577392578125,0.44649992102418523,20.69991108733843,0,0
1.432586669921875,0.4434706900619168,20.709572610900867,0,0
1.428619384765625,0.4400860530550497,20.719252345816837,0,0
1.424835205078125,0.4363627377081078,20.72894930864435,0,0
1.420745849609375,0.43231677903304344,20.738662512229794,0,0
1.416229248046875,0.4279632525473518,20.7483909656874,0,0
1.411651611328125,0.42331610910382034,20.758133674379458,0,0
1.407470703125,0.41838812341824133,20.767889639897597,0,0
1.40216064453125,0.4131910536227708,20.777657860044837,0,0
1.397491455078125,0.40773597787843446,20.787437328818697,0,0
1.391845703125,0.40203368140750834,20.79722703639515,0,0
1.3861083984375,0.3960950340069734,20.80702596911356,0,0
1.38055419921875,0.38993131897726363,20.816833109462575,0,0
1.374267578125,0.383554558697926,20.826647436067002,0,0
1.3675537109375,0.376977838331815,20.836467923675585,0,0
1.36083984375,0.37021547341604266,20.846293543149887,0,0
1.353973388671875,0.3632830051961772,20.856123261454055,0,0
1.34661865234375,0.3561971500602572,20.86595604164567,0,0
1.339385986328125,0.3489757119659081,20.875790842867577,0,0
1.33160400390625,0.34163740625296424,20.88562662034071,0,0
1.3243408203125,0.33420161506505575,20.895462325358054,0,0
1.316314697265625,0.3266881324282446,20.905296905279542,0,0
1.30859375,0.319116897062592,20.915129303528083,0,0
1.300567626953125,0.31150765817232806,20.92495845958663,0,0
1.29290771484375,0.3038795946319155,20.9347833089963,0,0
1.285186767578125,0.29625098349593043,20.944602783355656,0,0
1.277587890625,0.28863898013916467,20.95441581032102,0,0
1.269744873046875,0.2810594797175853,20.964221313607922,0,0
1.262237548828125,0.27352697836646755,20.974018212993656,0,0
1.254486083984375,0.26605440415692416,20.983805424320995,0,0
1.247528076171875,0.25865296929481174,20.99358185950302,0,0
1.2401123046875,0.2513321310151959,21.00334642652911,0,0
1.233306884765625,0.24409968887192976,21.013098029472097,0,0
1.22607421875,0.23696195445281842,21.02283556849657,0,0
1.21893310546875,0.229923894883894,21.032557939868415,0,0
1.212371826171875,0.2229891943321443,21.04226403596549,0,0
1.20556640625,0.2161603139185727,21.051952745289547,0,0
1.19879150390625,0.20943861605253877,21.061622952479333,0,0
1.19244384765625,0.20282447700999942,21.071273538324945,0,0
1.186248779296875,0.19631739718113236,21.080903379783425,0,0
1.179656982421875,0.189916183358818,21.090511349995538,0,0
1.17376708984375,0.18361913709041042,21.100096318303912,0,0
1.16729736328125,0.17742418392662818,21.109657150272326,0,0
1.161529541015625,0.1713289657123394,21.119192707706386,0,0
1.155029296875,0.16533088674355031,21.128701848675387,0,0
1.149139404296875,0.1594270618256609,21.138183427535555,0,0
1.1435546875,0.15361419226620276,21.147636294954516,0,0
1.137237548828125,0.14788847381817555,21.157059297937163,0,0
1.1314697265625,0.14224548386726876,21.166451279852783,0,0
1.126007080078125,0.13667996166546434,21.17581108046353,0,0
1.120208740234375,0.13118560824441344,21.185137535954297,0,0
1.11492919921875,0.12575498121169748,21.194429478963855,0,0
1.1092529296875,0.12037941485606402,21.20368573861742,0,0
1.104339599609375,0.11504896103973011,21.21290514056057,0,0
1.09918212890625,0.1097524297339265,21.222086506994525,0,0
1.094024658203125,0.10447756830298208,21.231228656712883,0,0
1.08880615234375,0.09921128764127841,21.240330405139638,0,0
1.08416748046875,0.09393987400172883,21.249390564368728,0,0
1.0789794921875,0.08864927896537964,21.258407943204915,0,0
1.074127197265625,0.08332551903388631,21.267381347206133,0,0
1.069000244140625,0.07795510026717842,21.27630957872723,0,0
1.063690185546875,0.07252541511643736,21.28519143696518,0,0
1.0587158203125,0.0670250990880886,21.29402571800575,0,0
1.0531005859375,0.061444368090835345,21.30281121487155,0,0
1.047637939453125,0.05577533084004768,21.311546717571648,0,0
1.041595458984375,0.05001219373240732,21.320231013152576,0,0
1.035888671875,0.044151319202281616,21.328862885750826,0,0
1.029510498046875,0.038191178474891216,21.337441116646854,0,0
1.0235595703125,0.03213223508954143,21.345964484320536,0,0
1.017486572265625,0.025976816021280436,21.354431764508153,0,0
1.0108642578125,0.0197290339920361,21.362841730260836,0,0
1.004608154296875,0.013394706047687305,21.371193152004544,0,0
0.9979248046875,0.00698120452156048,21.37948479760154,0,0
0.991119384765625,0.0004972611986446412,21.38771543241338,0,0
0.98455810546875,-0.006047278997474148,21.39588381936544,0,0
0.977569580078125,-0.012641737177409532,21.403988719012933,0,0
0.970947265625,-0.019274868808915338,21.41202888960847,0,0
0.964813232421875,-0.025935055738645116,21.420003087171178,0,0
0.957275390625,-0.032610357364645404,21.42791006555728,0,0
0.95074462890625,-0.03928857815902101,21.435748576532323,0,0
0.943756103515625,-0.04595750680010098,21.44351736984482,0,0
0.9371337890625,-0.05260519277212551,21.451215193301525,0,0
0.930450439453125,-0.05922013758367234,21.458840792844228,0,0
0.924072265625,-0.06579140294030789,21.4663929126281,0,0
0.917724609375,-0.07230861514181942,21.47387029510151,0,0
0.911041259765625,-0.07876189015554982,21.481271681087556,0,0
0.904754638671875,-0.08514179218616008,21.488595809866965,0,0
0.898468017578125,-0.0914393672858056,21.495841419262653,0,0
0.89251708984375,-0.09764615843867964,21.503007245725808,0,0
0.88629150390625,-0.10375414446686287,21.510092024423482,0,0
0.880706787109375,-0.10975564037623109,21.517094489327782,0,0
0.8746337890625,-0.11564318269177637,21.524013373306584,0,0
0.869384765625,-0.12140939564869024,21.53084740821578,0,0
0.86407470703125,-0.1270467997405751,21.53759532499308,0,0
0.858642578125,-0.13254752191551958,21.544255853753334,0,0
0.853302001953125,-0.13790300830961677,21.550827723885412,0,0
0.8438720703125,-0.14310419154950418,21.557309664150583,0,0
0.839569091796875,-0.14814267114413973,21.56370040278246,0,0
0.8350830078125,-0.1530123723416159,21.569998667588415,0,0
0.830780029296875,-0.15771035188719135,21.57620318605256,0,0
0.826446533203125,-0.1622366007058271,21.582312685440204,0,0
0.8228759765625,-0.16659358540556898,21.588325892903818,0,0
0.81884765625,-0.1707857667955794,21.594241535590513,0,0
0.81524658203125,-0.17481907340392655,21.600058340750984,0,0
0.811309814453125,-0.17870044463429155,21.60577503584997,0,0
0.808349609375,-0.1824374765387952,21.61139034867814,0,0
0.80450439453125,-0.18603807870498498,21.616903007465478,0,0
0.8011474609375,-0.18951016151636077,21.62231174099611,0,0
0.798095703125,-0.19286144772610683,21.627615278724594,0,0
0.795013427734375,-0.1960993220197041,21.63281235089361,0,0
0.7918701171875,-0.19923062324513613,21.637901688653088,0,0
0.78900146484375,-0.20226145762645767,21.64288202418079,0,0
0.78594970703125,-0.20519708681853377,21.6477520908042,0,0
0.7833251953125,-0.20804185878346712,21.65251062312389,0,0
0.7806396484375,-0.21079913668930492,21.657156357138216,0,0
0.77801513671875,-0.21347119579312737,21.66168803036938,0,0
0.775177001953125,-0.2160591392433505,21.66610438199081,0,0
0.772735595703125,-0.2185629123066422,21.67040415295596,0,0
0.76983642578125,-0.2209814182116067,21.674586086128286,0,0
0.76763916015625,-0.2233127034500739,21.678648926412663,0,0
0.764984130859375,-0.22555417458529672,21.682591420887952,0,0
0.7623291015625,-0.22770285053583786,21.68641231894094,0,0
0.760467529296875,-0.2297556936751752,21.69011037240146,0,0
0.75823974609375,-0.23170992668837603,21.693684335678732,0,0
0.7564697265625,-0.23356321718871595,21.697132965898987,0,0
0.755035400390625,-0.23531374425270035,21.700455023044178,0,0
0.753143310546875,-0.23696016312796403,21.70364927009192,0,0
0.7513427734375,-0.23850156148210525,21.70671447315656,0,0
0.750152587890625,-0.23993753645037294,21.70964940163138,0,0
0.748565673828125,-0.24126831364470505,21.712452828331866,0,0
0.74774169921875,-0.24249478528707785,21.715123529640106,0,0
0.74627685546875,-0.2436184807470008,21.717660285650208,0,0
0.745269775390625,-0.2446415482036085,21.72006188031474,0,0
0.74542236328125,-0.24556672288670156,21.722327101592217,0,0
0.74334716796875,-0.2463971632884129,21.72445474159552,0,0
0.742950439453125,-0.24713633473220573,21.7264435967413,0,0
0.743072509765625,-0.2477880826048317,21.728292467900303,0,0
0.7427978515625,-0.2483565151623609,21.730000160548578,0,0
0.7403564453125,-0.24884570304579767,21.73156548491957,0,0
0.740478515625,-0.24925983136144447,21.732987256157053,0,0
0.740325927734375,-0.24960375118637587,21.734264294468876,0,0
0.740509033203125,-0.24988320428057317,21.735395425281485,0,0
0.7406005859375,-0.2501045551372706,21.736379479395225,0,0
0.7403564453125,-0.2502743909202718,21.737215293140302,0,0
0.740325927734375,-0.2503992356281497,21.73790170853352,0,0
0.74053955078125,-0.25048539650595936,21.73843757343559,0,0
0.740386962890625,-0.25053883061090276,21.738821741709145,0,0
0.7406005859375,-0.25056499250604114,21.73905307337726,0,0
0.740570068359375,-0.25056870650791996,21.73913043478261,0,1
0.7406005859375,-0.25055406873067465,21.738968480553737,0,0
0.74053955078125,-0.25052439394292575,21.738483801629002,0,0
0.740509033203125,-0.25048222982289614,21.73767819497427,0,0
0.74066162109375,-0.2504294095572299,21.736553485562656,0,0
0.740264892578125,-0.25036711680957724,21.735111525842477,0,0
0.740509033203125,-0.2502959971082556,21.733354195202324,0,0
0.740509033203125,-0.25021629796703393,21.731283399433384,0,0
0.740234375,-0.25012797734570175,21.72890107018934,0,0
0.740631103515625,-0.2500308139897168,21.726209164444008,0,0
0.7403564453125,-0.24992452620329755,21.723209663947053,0,0
0.740386962890625,-0.24980887847395983,21.719904574677894,0,0
0.740631103515625,-0.24968381240323814,21.716295926298127,0,0
0.74078369140625,-0.2495495449083034,21.712385771602683,0,0
0.740447998046875,-0.24940660387023184,21.708176185969897,0,0
0.74029541015625,-0.24925596026349736,21.70366926681078,0,0
0.740570068359375,-0.2490993126714987,21.698867133017668,0,0
0.740386962890625,-0.24893935595084016,21.69377192441253,0,0
0.74267578125,-0.24877979666991093,21.688385801195064,0,0
0.74285888671875,-0.2486248524598928,21.68271094339091,0,0
0.742767333984375,-0.24847839628727947,21.676749550300066,0,0
0.74285888671875,-0.24834340351648945,21.670503839945855,0,0
0.743072509765625,-0.24822189460787708,21.663976048524557,0,0
0.742889404296875,-0.24811501710731937,21.65716842985587,0,0
0.74273681640625,-0.24802314130219932,21.6500832548346,0,0
0.743011474609375,-0.2479460270927348,21.6427228108835,0,0
0.742767333984375,-0.2478829814402608,21.63508940140772,0,0
0.7431640625,-0.2478329356205932,21.627185345250812,0,0
0.74298095703125,-0.2477944610988817,21.619012976152735,0,0
0.74298095703125,-0.2477657662454085,21.61057464220977,0,0
0.742645263671875,-0.2477447575874492,21.601872705336774,0,0
0.74267578125,-0.24772920626915626,21.592909540731796,0,0
0.742767333984375,-0.24771693064300332,21.583687536343245,0,0
0.742645263671875,-0.24770589236745533,21.574209092339835,0,0
0.74285888671875,-0.24769421516571363,21.564476620583438,0,0
0.742889404296875,-0.24768016506157808,21.554492544105017,0,0
0.7425537109375,-0.24766212172056265,21.544259296583732,0,0
0.74261474609375,-0.24763862958612606,21.53377932182951,0,0
0.74285888671875,-0.24760851465670156,21.52305507326907,0,0
0.74285888671875,-0.24757091572892126,21.512089013435663,0,0
0.742919921875,-0.24752521775511654,21.500883613462623,0,0
0.74267578125,-0.24747102289374473,21.489441352580837,0,0
0.7430419921875,-0.2474082078938146,21.477764717620357,0,0
0.74261474609375,-0.24733700435837405,21.465856202516175,0,0
0.7430419921875,-0.2472580744698505,21.45371830781832,0,0
0.7430419921875,-0.24717256801190685,21.44135354020651,0,0
0.74298095703125,-0.24708212784599343,21.42876441200922,0,0
0.74273681640625,-0.24698892898180078,21.415953440727595,0,0
0.743316650390625,-0.24689580608847703,21.402923148564035,0,0
0.745452880859375,-0.24680615222115532,21.389676061955743,0,0
0.74542236328125,-0.24672320311429882,21.376214711113242,0,0
0.7454833984375,-0.24664902846352182,21.36254162956398,0,0
0.745269775390625,-0.24658395572941708,21.348659353701123,0,0
0.745452880859375,-0.2465265304481067,21.33457042233764,0,0
0.745361328125,-0.24647363021544558,21.320277376265697,0,0
0.74554443359375,-0.24642053335698125,21.305782757821508,0,0
0.745208740234375,-0.2463609685844786,21.29108911045572,0,0
0.745361328125,-0.2462872171745688,21.276198978309306,0,0
0.74542236328125,-0.24619025892541369,21.2611149057952,0,0
0.7452392578125,-0.24605990009701886,21.245839437185545,0,0
0.745269775390625,-0.245884923344847,21.230375116204797,0,0
0.74517822265625,-0.24565332604302903,21.214724485628604,0,0
0.7452392578125,-0.24535262326958607,21.198890086888582,0,0
0.74542236328125,-0.24497017425600556,21.182874459683013,0,0
0.74542236328125,-0.24449352121336831,21.166680141593552,0,0
0.747833251953125,-0.24391060890870592,21.150309667707884,0,0
0.7479248046875,-0.2432096032099906,21.133765570248485,0,0
0.748016357421875,-0.2423784943413345,21.117050378207473,0,0
0.749359130859375,-0.2414050808497538,21.100166616987547,0,0
0.75030517578125,-0.24027727810287858,21.0831168080491,0,0
0.7513427734375,-0.2389833209516328,21.06590346856348,0,0
0.752716064453125,-0.23751190173376313,21.048529111072483,0,0
0.754364013671875,-0.23585236885826347,21.030996243154004,0,0
0.755950927734375,-0.2339949100957752,21.013307367093955,0,0
0.7578125,-0.23193072593781947,20.995464979564414,0,0
0.75994873046875,-0.22965225434186703,20.977471571307998,0,0
0.762847900390625,-0.2271533747416328,20.959329626828502,0,0
0.765777587890625,-0.22442943352976485,20.94104162408781,0,0
0.768768310546875,-0.2214770709320966,20.92261003420901,0,0
0.771514892578125,-0.21829405118783263,20.904037321185818,0,0
0.77545166015625,-0.2148792531273984,20.885325941598218,0,0
0.778839111328125,-0.21123270771689384,20.866478344334336,0,0
0.78314208984375,-0.2073555403400066,20.84749697031853,0,0
0.787353515625,-0.20324982933877175,20.828384252245737,0,0
0.791534423828125,-0.1989184322631388,20.80914261432197,0,0
0.796295166015625,-0.19436485756133853,20.789774472011022,0,0
0.800872802734375,-0.1895932173877966,20.770282231787295,0,0
0.805694580078125,-0.18460823698043707,20.750668290894815,0,0
0.81072998046875,-0.17941534526618697,20.730935037112285,0,0
0.816192626953125,-0.17402082483629028,20.7110848485243,0,0
0.821746826171875,-0.16843191871541147,20.691120093298558,0,0
0.827606201171875,-0.16265685193874357,20.671043129469094,0,0
0.8336181640625,-0.15670479564719864,20.650856304725526,0,0
0.8404541015625,-0.15058574803316704,20.630561956208254,0,0
0.846466064453125,-0.14431027370517802,20.610162410309545,0,0
0.853240966796875,-0.1378891927624804,20.58965998248052,0,0
0.85980224609375,-0.13133335588542175,20.569056977043946,0,0
0.866607666015625,-0.12465348178695732,20.548355687012865,0,0
0.873809814453125,-0.11785998305183634,20.527558393914948,0,0
0.88079833984375,-0.11096273618520618,20.506667367622534,0,0
0.8880615234375,-0.10397079776710562,20.485684866188343,0,0
0.89520263671875,-0.09689213317050308,20.46461313568683,0,0
0.9022216796875,-0.08973341841248385,20.443454410061033,0,0
0.909759521484375,-0.08249993580753916,20.422210910974982,0,0
0.916961669921875,-0.07519551020977998,20.400884847671538,0,0
0.924163818359375,-0.06782245239425166,20.37947841683563,0,0
0.93145751953125,-0.06038158942907629,20.357993802462886,0,0
0.939056396484375,-0.052872392851291035,20.33643317573349,0,0
0.946136474609375,-0.04529312358057985,20.314798694891316,0,0
0.953704833984375,-0.037641016547668785,20.29309250512825,0,0
0.961151123046875,-0.029912549838267445,20.271316738473615,0,0
0.96856689453125,-0.02210375532111024,20.249473513688645,0,0
0.976226806640625,-0.01421056039047705,20.227564936165997,0,0
0.983978271484375,-0.006229160003366083,20.20559309783418,0,0
0.9915771484375,0.0018436182076931873,20.183560077066875,0,0
0.99932861328125,0.01000992267337139,20.161467938597074,0,0
1.00714111328125,0.018270407745104092,20.139318733435964,0,0
1.01519775390625,0.02662372220603007,20.117114498796532,0,0
1.023101806640625,0.03506601409663562,20.09485725802177,0,0
1.031219482421875,0.04359044127532692,20.072549020517464,0,0
1.03936767578125,0.05218665961367634,20.0501917816895,0,0
1.047607421875,0.060840307634276114,20.027787522885568,0,0
1.0643310546875,0.06953314364147539,20.005338211341282,0,0
1.072265625,0.07824506809860557,19.982845800130583,0,0
1.080780029296875,0.08695735252653174,19.960312228120397,0,0
1.0887451171875,0.09565457768067667,19.93773941992946,0,0
1.097442626953125,0.10432472152474839,19.91512928589128,0,0
1.105712890625,0.11295871314268482,19.892483722021115,0,0
1.11407470703125,0.1215500967769566,19.86980460998694,0,0
1.122314453125,0.13009473585847,19.847093817084346,0,0
1.130340576171875,0.13859047681535944,19.82435319621529,0,0
1.138671875,0.14703676266211296,19.801584585870593,0,0
1.146575927734375,0.15543423424508215,19.778789810116184,0,0
1.1551513671875,0.16378437336471585,19.755970678583,0,0
1.163177490234375,0.1720892449920931,19.733128986460464,0,0
1.171661376953125,0.18035136034003219,19.710266514493483,0,0
1.179443359375,0.18857359951555347,19.687385028982913,0,0
1.187530517578125,0.19675908850414175,19.664486281789397,0,0
1.195281982421875,0.20491097047350557,19.641572010340553,0,0
1.203399658203125,0.21303210932137245,19.618643937641416,0,0
1.21142578125,0.22112482505533967,19.59570377228807,0,0
1.219268798828125,0.22919071301236604,19.572753208484425,0,0
1.2269287109375,0.23723047408437398,19.549793926062087,0,0
1.235015869140625,0.24524367484187592,19.526827590503178,0,0
1.2430419921875,0.2532285216793483,19.503855852966176,0,0
1.2509765625,0.26118176857805564,19.48088035031458,0,0
1.259063720703125,0.26909873357501196,19.45790270514845,0,0
1.266876220703125,0.27697335489804364,19.434924525838642,0,0
1.27490234375,0.28479826486909254,19.411947406563826,0,0
1.2828369140625,0.29256489087807735,19.38897292735008,0,0
1.290740966796875,0.30026361470524093,19.366002654113093,0,0
1.298553466796875,0.3078839908576955,19.343038138702884,0,0
1.305999755859375,0.31541496873266023,19.320080918950993,0,0
1.313507080078125,0.3228450484579956,19.29713251872007,0,0
1.3209228515625,0.3301623626641411,19.274194447955804,0,0
1.327850341796875,0.337354727296027,19.25126820274116,0,0
1.335052490234375,0.3444096527310184,19.22835526535284,0,0
1.34161376953125,0.35131429785719204,19.205457104319926,0,0
1.348358154296875,0.3580553821811865,19.182575174484644,0,0
1.355072021484375,0.3646190897971368,19.15971091706522,0,0
1.361175537109375,0.3709910269235941,19.136865759720685,0,0
1.36724853515625,0.3771562018340295,19.114041116617752,0,0
1.372802734375,0.38309891920861355,19.09123838849948,0,0
1.3792724609375,0.388802639026878,19.0684589627559,0,0
1.384918212890625,0.3942500286843937,19.045704213496386,0,0
1.39013671875,0.3994232780532582,19.022975501623808,0,0
1.39532470703125,0.40430445817662325,19.000274174910366,0,0
1.4000244140625,0.40887579353734194,18.977601568075137,0,0
1.40423583984375,0.4131198981336469,18.954959002863166,0,0
1.408905029296875,0.4170200095790753,18.932347788126155,0,0
1.412506103515625,0.42056030280391726,18.909769219904668,0,0
1.4158935546875,0.4237263001934831,18.887224581511784,0,0
1.418731689453125,0.42650522508309446,18.8647151436182,0,0
1.421600341796875,0.428886255666371,18.84224216433867,0,0
1.423492431640625,0.43086078264908284,18.81980688931985,0,0
1.424560546875,0.4324226167868124,18.79741055182935,0,0
1.426666259765625,0.4335680375736571,18.775054372846082,0,0
1.427001953125,0.4342958474605827,18.75273956115182,0,0
1.426971435546875,0.43460750648217794,18.730467313423883,1,0
1.42694091796875,0.4345071046698254,18.708238814329007,0,0
1.426727294921875,0.43400119563519585,18.68605523661822,0,0
1.42425537109375,0.4330986508806679,18.663917741222846,0,0
1.423431396484375,0.4318103315982316,18.641827477351452,0,0
1.421844482421875,0.43014859792535215,18.6197855825878,0,0
1.41937255859375,0.42812703124017953,18.597793182989708,0,0
1.416839599609375,0.42576031227435485,18.575851393188856,0,0
1.414093017578125,0.4230639909560771,18.553961316491367,0,0
1.4107666015625,0.42005421081074473,18.532124044979312,0,0
1.407318115234375,0.4167474635050422,18.51034065961294,0,0
1.403228759765625,0.4131603048615407,18.488612230333686,0,0
1.3992919921875,0.4093090020805253,18.466939816167915,0,0
1.39532470703125,0.40520919361330193,18.445324465331367,0,0
1.390869140625,0.40087568898170406,18.423767215334237,0,0
1.386474609375,0.3963224109323069,18.402269093086904,0,0
1.38153076171875,0.39156238041129504,18.380831115006274,0,0
1.376861572265625,0.3866077027077516,18.359454287122684,0,0
1.371368408203125,0.3814695597310412,18.338139605187365,0,0
1.366302490234375,0.3761581871393506,18.316888054780396,0,0
1.3609619140625,0.37068285262009903,18.295700611419175,0,0
1.35528564453125,0.36505190284829037,18.274578240667367,0,0
1.349517822265625,0.3592728451314662,18.253521898244234,0,0
1.343475341796875,0.3533523692657964,18.232532530134456,0,0
1.337738037109375,0.34729632788911563,18.21161107269827,0,0
1.331695556640625,0.34110978124900665,18.190758452782024,0,0
1.325775146484375,0.33479717212545895,18.169975587829075,0,0
1.3193359375,0.3283625901832137,18.14926338599095,0,0
1.313323974609375,0.32181005134463375,18.12862274623887,0,0
1.30645751953125,0.3151437682486493,18.10805455847553,0,0
1.300201416015625,0.30836839708461594,18.08755970364713,0,0
1.293701171875,0.3014892891904919,18.067139053855634,0,0
1.28680419921875,0.29451281852571526,18.046793472471272,0,0
1.280303955078125,0.28744675032410805,18.02652381424523,0,0
1.273223876953125,0.2803005921153937,18.006330925422507,0,0
1.266387939453125,0.27308593272932447,17.98621564385494,0,0
1.25970458984375,0.26581678423407573,17.966178799114413,0,0
1.252532958984375,0.25850997341968357,17.946221212606133,0,0
1.23895263671875,0.2511850639395808,17.926343697682064,0,0
1.231842041015625,0.24386273035382516,17.90654705975445,0,0
1.225341796875,0.2365621234113091,17.8868320964094,0,0
1.2183837890625,0.22929933196945326,17.867199597520596,0,0
1.2110595703125,0.22208739003587502,17.847650345362997,0,0
1.204376220703125,0.21493664605754384,17.828185114726622,0,0
1.19732666015625,0.20785498819171944,17.808804673030348,0,0
1.190887451171875,0.20084808330196421,17.789509780435743,0,0
1.1839599609375,0.1939196855759282,17.7703011899609,0,0
1.177215576171875,0.18707194103741417,17.751179647594245,0,0
1.17071533203125,0.1803056119706185,17.73214589240838,0,0
1.164276123046875,0.17362026812388182,17.71320065667384,0,0
1.1580810546875,0.16701454796510581,17.69434466597289,0,0
1.15130615234375,0.1604864692365392,17.67557863931319,0,0
1.14495849609375,0.1540336506128071,17.656903289241523,0,0
1.138946533203125,0.1476534120207728,17.638319321957336,0,0
1.132354736328125,0.14134287913995813,17.61982743742632,0,0
1.12603759765625,0.13509908359608197,17.60142832949388,0,0
1.11993408203125,0.12891895041137946,17.583122685998504,0,0
1.11358642578125,0.12279922639944246,17.56491118888507,0,0
1.106964111328125,0.11673637389251379,17.546794514318076,0,0
1.100982666015625,0.11072633381712095,17.528773332794742,0,0
1.09490966796875,0.10476422681613473,17.51084830925802,0,0
1.0889892578125,0.09884416439407666,17.49302010320953,0,0
1.082977294921875,0.09295917420850397,17.47528936882234,0,0
1.07708740234375,0.08710114885824155,17.45765675505366,0,0
1.071624755859375,0.08126082210814654,17.440122905757413,0,0
1.0662841796875,0.07542789162276813,17.422688459796724,0,0
1.06072998046875,0.06959136496617534,17.405354051156216,0,0
1.0550537109375,0.06374001719858845,17.388120309054244,0,0
1.0499267578125,0.05786283067702487,17.37098785805501,0,0
1.044158935546875,0.05194945878324594,17.353957318180488,0,0
1.038360595703125,0.04599071854909566,17.337029305022313,0,0
1.03271484375,0.039978993295625515,17.320204429853483,0,0
1.02630615234375,0.033908509532152555,17.303483299739955,0,0
1.0206298828125,0.027775510067388078,17.286866517652136,0,0
1.014434814453125,0.021578372991605407,17.27035468257622,0,0
1.007904052734375,0.015317730769669219,17.25394838962542,0,0
1.00140380859375,0.008996490839788138,17.23764823015109,0,0
0.994842529296875,0.0026196794807821083,17.22145479185373,0,0
0.98828125,-0.0038057915912104306,17.20536865889384,0,0
0.9814453125,-0.010271361511413238,17.189390412002705,0,0
0.974456787109375,-0.016767112544070928,17.173520628593074,0,0
0.968109130859375,-0.023282143655839888,17.157759882869694,0,0
0.9615478515625,-0.029804885841965695,17.14210874593978,0,0
0.954925537109375,-0.036323243782757,17.126567785923367,0,0
0.948150634765625,-0.042824675159263206,17.1111375680636,0,0
0.941925048828125,-0.049296324326076404,17.095818654836894,0,0
0.935516357421875,-0.05572512930149284,17.080611606063044,0,0
0.929290771484375,-0.062097810103643375,17.06551697901526,0,0
0.923065185546875,-0.06840078368875027,17.05053532853012,0,0
0.91693115234375,-0.07462007172078734,17.03566720711746,0,0
0.91131591796875,-0.08074118580876953,17.020913165070215,0,0
0.905548095703125,-0.08674891618217641,17.006273750574206,0,0
0.895111083984375,-0.09262737421918392,16.9917495098179,0,0
0.88958740234375,-0.09836110616337797,16.9773409871021,0,0
0.884429931640625,-0.10393696353396491,16.96304872494965,0,0
0.879547119140625,-0.10934521519253437,16.948873264215102,0,0
0.8748779296875,-0.11457945805689934,16.934815144194374,0,0
0.869842529296875,-0.11963608298624379,16.920874902734393,0,0
0.865447998046875,-0.12451379694173836,16.907053076342795,0,0
0.86102294921875,-0.12921324131401696,16.8933502002976,0,0
0.85699462890625,-0.13373660434795495,16.879766808756912,0,0
0.85272216796875,-0.13808719161335736,16.866303434868698,0,0
0.848388671875,-0.14226906475873707,16.85296061088059,0,0
0.844879150390625,-0.14628683447488933,16.839738868249746,0,0
0.84063720703125,-0.15014553283305648,16.826638737752805,0,0
0.8375244140625,-0.1538504824386323,16.81366074959587,0,0
0.833251953125,-0.1574071909265845,16.800805433524673,0,0
0.830535888671875,-0.16082131028776694,16.788073318934778,0,0
0.827056884765625,-0.16409860218462188,16.775464934981944,0,0
0.823944091796875,-0.167244838838754,16.76298081069258,0,0
0.820892333984375,-0.17026571714704958,16.750621475074386,0,0
0.818267822265625,-0.17316682719700524,16.738387457227162,0,0
0.815399169921875,-0.1759535819294649,16.726279286453728,0,0
0.813018798828125,-0.1786310900857196,16.714297492371102,0,0
0.81072998046875,-0.18120399139059465,16.702442605021854,0,0
0.80792236328125,-0.1836762574593389,16.69071515498567,0,0
0.80572509765625,-0.18605106049581402,16.679115673491143,0,0
0.803619384765625,-0.18833074413306708,16.667644692527865,0,0
0.80133056640625,-0.19051677429762898,16.656302744958694,0,0
0.799530029296875,-0.1926096401146714,16.64509036463239,0,0
0.79559326171875,-0.19460889239724014,16.634008086496507,0,0
0.7939453125,-0.19651359227615417,16.62305644671059,0,0
0.792266845703125,-0.19832301660619933,16.612235982759717,0,0
0.79022216796875,-0.200037088602385,16.601547233568418,0,0
0.78955078125,-0.20165641715729224,16.59099073961491,0,0
0.78729248046875,-0.20318215886517535,16.580567043045743,0,0
0.7861328125,-0.20461588005125542,16.57027668779088,0,0
0.7845458984375,-0.2059595612926134,16.56012021967913,0,0
0.78363037109375,-0.2072156673986533,16.55009818655412,0,0
0.782196044921875,-0.20838714364651867,16.540211138390628,0,0
0.78271484375,-0.20947726929812102,16.53045962741148,0,0
0.779998779296875,-0.21048933343205706,16.520844208204938,0,0
0.77972412109375,-0.21142642160555541,16.511365437842546,0,0
0.779388427734375,-0.21229147627807313,16.502023875997644,0,0
0.7774658203125,-0.21308731060535113,16.492820085064338,0,0
0.777496337890625,-0.2138165765985292,16.48375463027712,0,0
0.7777099609375,-0.21448176635582075,16.474828079831113,0,0
0.77532958984375,-0.21508503597257897,16.46604100500291,0,0
0.775146484375,-0.215628170749191,16.457393980272112,0,0
0.774810791015625,-0.21611294198411513,16.448887583443547,0,0
0.77471923828125,-0.21654133980169307,16.440522395770163,0,0
0.77490234375,-0.2169153877316675,16.43229900207674,0,0
0.773284912109375,-0.21723684917948746,16.424217990884262,0,0
0.772491455078125,-0.21750729105304326,16.416279954535156,0,0
0.7724609375,-0.217728613828029,16.4084854893193,0,0
0.77215576171875,-0.21790358234483778,16.40083519560092,0,0
0.77264404296875,-0.21803598231418786,16.393329677946287,0,0
0.77252197265625,-0.2181304716286751,16.385969545252387,0,0
0.772247314453125,-0.2181923432773606,16.37875541087645,0,0
0.772430419921875,-0.21822739994017257,16.3716878927665,0,0
0.77252197265625,-0.21824192747386517,16.36476761359283,0,0
0.772491455078125,-0.21824262152394489,16.357995200880538,0,0
0.77264404296875,-0.2182364759035867,16.351371287143095,0,0
0.772705078125,-0.21823068654678024,16.344896510016966,0,0
0.77252197265625,-0.21823256978879943,16.338571512397397,0,0
0.772674560546875,-0.2182495230455026,16.332396942575297,0,0
0.772491455078125,-0.21828902381304072,16.326373454375297,0,0
0.7725830078125,-0.21835861943308832,16.320501707295094,0,0
0.7728271484375,-0.21846586455461348,16.314782366645925,0,0
0.77252197265625,-0.21861817012648005,16.309216103694418,0,0
0.772674560546875,-0.21882261226332003,16.3038035958057,0,0
0.7724609375,-0.21908575872672006,16.298545526587926,0,0
0.772674560546875,-0.21941345953219543,16.29344258603811,0,0
0.7724609375,-0.21981054207555747,16.288495470689487,0,0
0.772613525390625,-0.22028041607418267,16.283704883760237,0,0
0.770416259765625,-0.22082475678627284,16.27907153530384,0,0
0.769989013671875,-0.22144360721910503,16.274596142360867,0,0
0.76995849609375,-0.22213581276491687,16.270279429112442,0,0
0.769256591796875,-0.22289918348035886,16.26612212703529,0,0
0.7674560546875,-0.22373032342528087,16.262124975058516,0,0
0.76788330078125,-0.22462459016822311,16.258288719722028,0,0
0.765838623046875,-0.22557615903737813,16.254614115336818,0,0
0.764923095703125,-0.22657804946416263,16.25110192414698,0,0
0.7637939453125,-0.22762228881482288,16.24775291649362,0,0
0.76251220703125,-0.22870016008860233,16.24456787098069,0,0
0.76177978515625,-0.2298023487243425,16.24154757464274,0,0
0.760162353515625,-0.23091900078104627,16.23869282311471,0,0
0.7593994140625,-0.23203976949573973,16.23600442080376,0,0
0.757476806640625,-0.23315392107015243,16.233483181063225,0,0
0.757080078125,-0.23425050946842674,16.231129926368713,0,0
0.755035400390625,-0.23531855739749755,16.228945488496436,0,0
0.75482177734375,-0.23634721275710555,16.226930708703804,0,0
0.75274658203125,-0.2373259000536543,16.22508643791237,0,0
0.752777099609375,-0.23824447475167873,16.223413536893123,0,0
0.751312255859375,-0.2390933289916394,16.22191287645427,0,0
0.750274658203125,-0.23986345821453783,16.220585337631473,0,0
0.750091552734375,-0.2405465979021341,16.21943181188073,0,0
0.75018310546875,-0.24113527456399475,16.218453201273814,0,0
0.7486572265625,-0.24162259853248025,16.21765041869643,0,0
0.748016357421875,-0.2420021747376583,16.217024388049165,0,0
0.747894287109375,-0.24226840866847746,16.216576044451227,0,0
0.748199462890625,-0.24241681803711373,16.21630633444711,0,0
0.74798583984375,-0.24244401206315397,16.216216216216214,0,1
0.747772216796875,-0.24234755101866565,16.216304234699884,0,0
0.74786376953125,-0.24212599108825206,16.216567553683944,0,0
0.749908447265625,-0.24177896020591613,16.217005076887762,0,0
0.75030517578125,-0.24130682232846376,16.217615719067723,0,0
0.750274658203125,-0.2407100477218627,16.21839840578329,0,0
0.750274658203125,-0.2399889897770798,16.2193520731662,0,0
0.75250244140625,-0.23914417320437453,16.220475667692753,0,0
0.752777099609375,-0.23817644789760684,16.221768145959143,0,0
0.754119873046875,-0.237086818381524,16.22322847445972,0,0
0.7552490234375,-0.23587632405981931,16.224855629368086,0,0
0.7572021484375,-0.23454600585280347,16.22664859632106,0,0
0.75823974609375,-0.2330967622473668,16.228606370205334,0,0
0.760284423828125,-0.23152916225649778,16.230727954946804,0,0
0.762359619140625,-0.22984327852984623,16.23301236330251,0,0
0.7640380859375,-0.2280384447916022,16.23545861665512,0,0
0.766204833984375,-0.22611299289149175,16.238065744809873,0,0
0.76806640625,-0.22406410539882263,16.240832785793963,0,0
0.76995849609375,-0.2218878021133902,16.24375878565827,0,0
0.772491455078125,-0.21957904113234028,16.24684279828138,0,0
0.774505615234375,-0.21713186378824106,16.25008388517588,0,0
0.777191162109375,-0.21453953213016913,16.253481115296797,0,0
0.779693603515625,-0.2117946861608887,16.257033564852208,0,0
0.78265380859375,-0.2088895033738914,16.260740317115925,0,0
0.785614013671875,-0.2058158256542048,16.2646004622422,0,0
0.788665771484375,-0.202565271631239,16.268613097082405,0,0
0.79150390625,-0.1991294167764475,16.27277732500367,0,0
0.7950439453125,-0.19550012132722358,16.27709225570937,0,0
0.79840087890625,-0.1916699513798706,16.28155700506146,0,0
0.802459716796875,-0.1876325741173485,16.28617069490462,0,0
0.806549072265625,-0.18338306657581777,16.29093245289211,0,0
0.81085205078125,-0.17891813094547077,16.295841412313347,0,0
0.8154296875,-0.17423626492128566,16.300896711923127,0,0
0.820526123046875,-0.1693379064838043,16.30609749577247,0,0
0.8258056640625,-0.1642254747791192,16.31144291304106,0,0
0.831085205078125,-0.15890327912976232,16.316932117871165,0,0
0.836822509765625,-0.15337738691897912,16.322564269203106,0,0
0.8427734375,-0.14765549113279738,16.32833853061216,0,0
0.848846435546875,-0.14174672515745457,16.334254070146883,0,0
0.854949951171875,-0.13566143667936909,16.34031006016881,0,0
0.861602783203125,-0.12941097875366903,16.346505677193534,0,0
0.86798095703125,-0.12300749945865838,16.352840101733047,0,0
0.874267578125,-0.11646375134395173,16.359312518139415,0,0
0.880462646484375,-0.10979307294428306,16.365922114449653,0,0
0.88726806640625,-0.10300960003422943,16.37266808223184,0,0
0.89361572265625,-0.09612856708193321,16.379549616432403,0,0
0.9005126953125,-0.08916659684971563,16.38656591522457,0,0
0.90692138671875,-0.08214200460744676,16.393716179857915,0,0
0.92022705078125,-0.07507467035386492,16.400999614509022,0,0
0.927032470703125,-0.06798449657411848,16.40841542613319,0,0
0.933258056640625,-0.06088891737510358,16.415962824317194,0,0
0.939971923828125,-0.05380146697594143,16.42364102113304,0,0
0.9464111328125,-0.04673192608831948,16.4314492309927,0,0
0.9527587890625,-0.039686998027107984,16.439386670503804,0,0
0.95953369140625,-0.03267098849312443,16.447452558326276,0,0
0.966094970703125,-0.025686438006441215,16.45564611502986,0,0
0.972747802734375,-0.018734638482645345,16.463966562952525,0,0
0.979339599609375,-0.011816068093848088,16.472413126059745,0,0
0.9862060546875,-0.004930778015266819,16.4809850298046,0,0
0.992919921875,0.0019213139253181424,16.489681500988702,0,0
0.999603271484375,0.008740232733552664,16.498501767623903,0,0
1.0064697265625,0.015525809236770327,16.507445058794787,0,0
1.013336181640625,0.022277599224837547,16.516510604521898,0,0
1.0201416015625,0.028994900170555636,16.525697635625725,0,0
1.026641845703125,0.03567682046441458,16.535005383591365,0,0
1.033416748046875,0.04232230615441631,16.544433080433926,0,0
1.040313720703125,0.04893014666803276,16.553979958564547,0,0
1.04705810546875,0.05549907688968404,16.563645250657164,0,0
1.053619384765625,0.062027979011336776,16.573428189515813,0,0
1.05999755859375,0.06851605071444708,16.58332800794266,0,0
1.066558837890625,0.07496286081662694,16.593343938606587,0,0
1.072845458984375,0.081368338716008,16.60347521391237,0,0
1.079345703125,0.08773275965913561,16.613721065870475,0,0
1.08526611328125,0.09405671684823273,16.624080725967406,0,0
1.09185791015625,0.10034104598069883,16.634553425036607,0,0
1.097869873046875,0.10658673816602156,16.64513839312988,0,0
1.104644775390625,0.11279492700679183,16.655834859389408,0,0
1.110443115234375,0.11896697374159426,16.666642051920203,0,0
1.11669921875,0.12510455775180937,16.67755919766314,0,0
1.1226806640625,0.13120967261478533,16.688585522268436,0,0
1.128753662109375,0.13728455758277652,16.699720249969648,0,0
1.134552001953125,0.14333161467742386,16.710962603458132,0,0
1.141082763671875,0.1493533271814681,16.72231180375797,0,0
1.146697998046875,0.15535224520753999,16.73376707010137,0,0
1.152435302734375,0.1613309898705832,16.745327619804492,0,0
1.158447265625,0.16729212953844635,16.756992668143756,0,0
1.16387939453125,0.17323795499272,16.76876142823256,0,0
1.170196533203125,0.17917026039515085,16.78063311089842,0,0
1.176025390625,0.18509020311267338,16.792606924560573,0,0
1.18218994140625,0.19099830442798818,16.80468207510797,0,0
1.18768310546875,0.19689451915451583,16.816857765777666,0,0
1.19354248046875,0.2027782184765065,16.82913319703369,0,0
1.199737548828125,0.20864808611564678,16.84150756644624,0,0
1.2056884765625,0.2145021019433638,16.85398006857133,0,0
1.210906982421875,0.22033762604373267,16.86654989483083,0,0
1.21722412109375,0.22615138500157714,16.87921623339288,0,0
1.22271728515625,0.23193937271861342,16.891978269052746,0,0
1.228515625,0.23769681114599361,16.904835183114024,0,0
1.2342529296875,0.24341813484900526,16.91778615327026,0,0
1.239776611328125,0.24909695278641653,16.93083035348697,0,0
1.2454833984375,0.2547260077332911,16.943966953884036,0,0
1.250823974609375,0.2602971251677663,16.957195120618525,0,0
1.256561279296875,0.2658011581723643,16.970514015767858,0,0
1.261566162109375,0.2712279428407448,16.983922797213435,0,0
1.266876220703125,0.276566222884205,16.997420618524618,0,0
1.27239990234375,0.281803539874266,17.01100662884313,0,0
1.277435302734375,0.28692620765447857,17.024679972767867,0,0
1.282562255859375,0.2919194041110815,17.03843979024012,0,0
1.287811279296875,0.2967673075863959,17.052285216429198,0,0
1.292633056640625,0.30145330663874487,17.066215381618495,0,0
1.2972412109375,0.30596028778172607,17.08022941109197,0,0
1.302032470703125,0.31027092001742856,17.09432642502106,0,0
1.30621337890625,0.3143679489507866,17.108505538352023,0,0
1.310333251953125,0.3182345248897142,17.12276586069376,0,0
1.314117431640625,0.3218545071663074,17.13710649620605,0,0
1.317413330078125,0.32521270927254464,17.15152654348827,0,0
1.320343017578125,0.32829504873199017,17.166025095468598,0,0
1.3231201171875,0.3310885624940141,17.18060123929366,0,0
1.325836181640625,0.33358136385037374,17.195254056218715,0,0
1.328338623046875,0.3357626931317651,17.209982621498288,0,0
1.330047607421875,0.3376231012965156,17.224786004277384,0,0
1.3309326171875,0.33915457834454665,17.23966326748314,0,0
1.333251953125,0.340350498569084,17.2546134677171,0,0
1.333465576171875,0.3412056041609012,17.269635655147994,0,0
1.333984375,0.34171611711383487,17.284728873405054,0,0
1.335784912109375,0.3418798646982218,17.299892159471987,1,0
1.335784912109375,0.34169667540911564,17.31512454358146,0,0
1.333343505859375,0.34116897166517735,17.330425049110236,0,0
1.33319091796875,0.34030181080136807,17.345792692474912,0,0
1.331298828125,0.3391023485651656,17.36122648302831,0,0
1.330078125,0.3375793946946211,17.376725422956522,0,0
1.32794189453125,0.33574321501810533,17.392288507176612,0,0
1.325531005859375,0.3336053742947893,17.407914723235024,0,0
1.32293701171875,0.3311785146236499,17.423603051206708,0,0
1.319793701171875,0.3284760494181267,17.439352463594943,0,0
1.317138671875,0.3255118407144929,17.455161925231945,0,0
1.313690185546875,0.3222999699748169,17.471030393180232,0,0
1.30987548828125,0.31885459787440595,17.48695681663476,0,0
1.305999755859375,0.31518975546886036,17.502940136825895,0,0
1.30230712890625,0.3113190458733352,17.51897928692322,0,0
1.298004150390625,0.3072554227328224,17.53507319194018,0,0
1.293121337890625,0.3030110275980588,17.551220768639634,0,0
1.28912353515625,0.29859693001825616,17.567420925440274,0,0
1.284332275390625,0.2940228636300716,17.583672562324008,0,0
1.279541015625,0.28929710974472644,17.5999745707443,0,0
1.2747802734375,0.2844264442726068,17.616325833535452,0,0
1.2696533203125,0.2794160813134404,17.63272522482293,0,0
1.264617919921875,0.27426964646739027,17.64917160993472,0,0
1.259613037109375,0.26898919648498587,17.665663845313713,0,0
1.25494384765625,0.2635753742271809,17.682200778431238,0,0
1.24945068359375,0.25802778027253304,17.698781247701657,0,0
1.2442626953125,0.25234544999920194,17.715404082398138,0,0
1.238922119140625,0.24652730540840015,17.73206810256961,0,0
1.233062744140625,0.24057259972082334,17.748772118958914,0,0
1.227447509765625,0.23448134788626243,17.765514932922205,0,0
1.220947265625,0.2282546697555023,17.782295336349613,0,0
1.21490478515625,0.22189500616928048,17.799112111587228,0,0
1.2080078125,0.2154062037095801,17.815964031360412,0,0
1.201751708984375,0.2087935059346434,17.83284985869848,0,0
1.19525146484375,0.20206355582991398,17.849768346860806,0,0
1.18804931640625,0.19522448290033725,17.866718239264348,0,0
1.1810302734375,0.1882859482935215,17.883698269412655,0,0
1.173583984375,0.18125899919599564,17.900707160826407,0,0
1.16656494140625,0.17415579653058666,17.91774362697547,0,0
1.159515380859375,0.16698938117294698,17.934806371212574,0,0
1.15216064453125,0.15977357414476484,17.951894086708588,0,0
1.1448974609375,0.15252294766830898,17.96900545638947,0,0
1.137359619140625,0.14525274589496065,17.986139152874912,0,0
1.130218505859375,0.13797874039689462,18.003293838418745,0,0
1.122833251953125,0.1307170891553443,18.020468164851085,0,0
1.115814208984375,0.12348425575202632,18.037660773522354,0,0
1.10833740234375,0.11629697651516414,18.054870295249113,0,0
1.101104736328125,0.10917219454945223,18.072095350261836,0,0
1.094024658203125,0.10212690895423929,18.089334548154596,0,0
1.087005615234375,0.09517799911853614,18.106586487836772,0,0
1.079833984375,0.08834206804854955,18.123849757486774,0,0
1.073211669921875,0.08163525768457192,18.14112293450783,0,0
1.06646728515625,0.07507304650613869,18.158404585485915,0,0
1.06005859375,0.06867008814816422,18.175693266149818,0,0
1.05364990234375,0.062440077553932584,18.19298752133344,0,0
1.047515869140625,0.056395604769732405,18.21028588494032,0,0
1.0416259765625,0.05054799638039188,18.227586879910497,0,0
1.035919189453125,0.04490717326861468,18.244889018189667,0,0
1.030517578125,0.03948154573488556,18.262190800700775,0,0
1.0250244140625,0.03427792531914438,18.279490717318016,0,0
1.01995849609375,0.029301397988090692,18.296787246843333,0,0
1.014923095703125,0.024555130427208617,18.31407885698545,0,0
1.0106201171875,0.020040160861588753,18.33136400434148,0,0
1.006317138671875,0.01575527371355201,18.34864113438116,0,0
1.002716064453125,0.011697025544302214,18.365908681433762,0,0
0.997894287109375,0.00785984168162171,18.38316506867772,0,0
0.994964599609375,0.004235993810229516,18.400408708133078,0,0
0.991729736328125,0.000815524465934768,18.41763800065669,0,0
0.988189697265625,-0.0024136557696147337,18.434851335940337,0,0
0.985443115234375,-0.005465602885915258,18.452047092511776,0,0
0.982513427734375,-0.008356260411790571,18.469223637738715,0,0
0.980010986328125,-0.011103368180918421,18.486379327835856,0,0
0.977874755859375,-0.0137262717825897,18.50351250787498,0,0
0.975189208984375,-0.016245634817935256,18.52062151179818,0,0
0.973388671875,-0.018683115933025893,18.537704662434223,0,0
0.97161865234375,-0.021061005091800755,18.55476027151818,0,0
0.969757080078125,-0.023401694071931378,18.57178663971432,0,0
0.96734619140625,-0.02572704946092593,18.58878205664228,0,0
0.96533203125,-0.028057931937228366,18.60574480090668,0,0
0.963409423828125,-0.030413882655217418,18.622673140130107,0,0
0.961181640625,-0.03281279559441368,18.63956533098958,0,0
0.958709716796875,-0.03527055575249215,18.65641961925656,0,0
0.95611572265625,-0.03780079364117827,18.673234239840518,0,0
0.953338623046875,-0.04041481979285705,18.690007416836124,0,0
0.950714111328125,-0.04312167307317199,18.706737363574092,0,0
0.9481201171875,-0.045928164380011904,18.723422282675788,0,0
0.944671630859375,-0.04883886607672429,18.740060366111557,0,0
0.941680908203125,-0.05185616428693741,18.75664979526291,0,0
0.9384765625,-0.0549804344632087,18.773188740988537,0,0
0.93511962890625,-0.05821021844203024,18.789675363694275,0,0
0.931488037109375,-0.06154236785194313,18.806107813407003,0,0
0.928497314453125,-0.06497219845699369,18.822484229852556,0,0
0.9244384765625,-0.0684935995355699,18.838802742537716,0,0
0.920684814453125,-0.07209913317334474,18.85506147083624,0,0
0.9166259765625,-0.07578026711034364,18.87125852407911,0,0
0.912933349609375,-0.07952770835591307,18.887392001648934,0,0
0.90911865234375,-0.08333167372079338,18.90345999307856,0,0
0.905120849609375,-0.08718203698381614,18.919460578154013,0,0
0.901123046875,-0.09106843226884218,18.935391827021725,0,0
0.897064208984375,-0.09498039830218262,18.95125180030012,0,0
0.8931884765625,-0.09890754819188248,18.96703854919563,0,0
0.8895263671875,-0.10283967881726311,18.982750115623126,0,0
0.885223388671875,-0.10676678182744757,18.99838453233083,0,0
0.881622314453125,-0.11067904128549737,19.013939823029784,0,0
0.877410888671875,-0.11456688230730676,19.02941400252782,0,0
0.873443603515625,-0.11842106179438627,19.044805076868176,0,0
0.86981201171875,-0.1222328010548,19.060111043472716,0,0
0.86614990234375,-0.12599387988549535,19.075329891289787,0,0
0.862396240234375,-0.12969661807980024,19.09045960094684,0,0
0.859039306640625,-0.13333380889575414,19.105498144907706,0,0
0.85528564453125,-0.13689865713224128,19.120443487634663,0,0
0.852020263671875,-0.1403847283372757,19.135293585755313,0,0
0.84783935546875,-0.14378597207591343,19.1500463882342,0,0
0.844879150390625,-0.14709689064228185,19.16469983654935,0,0
0.841949462890625,-0.15031273470650588,19.179251864873635,0,0
0.838165283203125,-0.15342954971787925,19.193700400261005,0,0
0.835601806640625,-0.15644418790747797,19.208043362837692,0,0
0.832733154296875,-0.15935437711382033,19.222278665998257,0,0
0.82958984375,-0.16215872702504341,19.23640421660669,0,0
0.8270263671875,-0.16485673246357685,19.250417915202355,0,0
0.824462890625,-0.1674488505105505,19.26431765621103,0,0
0.82177734375,-0.1699365562040477,19.278101328160865,0,0
0.81964111328125,-0.1723223647122066,19.29176681390335,0,0
0.8175048828125,-0.17460982270435949,19.30531199083934,0,0
0.815399169921875,-0.17680340673125208,19.31873473115004,0,0
0.81353759765625,-0.17890835427642832,19.332032902033067,0,0
0.812255859375,-0.1809304340118293,19.34520436594352,0,0
0.809722900390625,-0.18287562235004648,19.358246980840054,0,0
0.80816650390625,-0.18474984430825522,19.371158600436047,0,0
0.80712890625,-0.1865588451739079,19.383937074455712,0,0
0.80462646484375,-0.18830799498736459,19.396580248895297,0,0
0.80322265625,-0.19000209697322762,19.40908596628926,0,0
0.8018798828125,-0.19164536485176317,19.42145206598147,0,0
0.799591064453125,-0.1932414267245794,19.43367638440135,0,0
0.7984619140625,-0.194793341374365,19.44575675534505,0,0
0.79693603515625,-0.19630367951892155,19.457691010261584,0,0
0.794891357421875,-0.19777457503381535,19.4694769785438,0,0
0.794189453125,-0.1992077839047913,19.48111248782441,0,0
0.7921142578125,-0.2006047572906974,19.492595364276806,0,0
0.791168212890625,-0.2019666694507795,19.503923432920768,0,0
0.789825439453125,-0.20329443515146356,19.515094517933015,0,0
0.788543701171875,-0.204588687770409,19.52610644296254,0,0
0.78729248046875,-0.20584972162267448,19.5369570314507,0,0
0.786041259765625,-0.20707747306789773,19.547644106956053,0,0
0.78466796875,-0.2082715492107347,19.55816549348386,0,0
0.78369140625,-0.2094312905221136,19.568519015820204,0,0
0.7823486328125,-0.21055583578475012,19.57870249987076,0,0
0.781585693359375,-0.21164415352408697,19.588713773004027,0,0
0.77978515625,-0.2126950750178312,19.598550664399102,0,0
0.779815673828125,-0.21370736417620248,19.60821100539784,0,0
0.7774658203125,-0.21467978221698364,19.61769262986146,0,0
0.777252197265625,-0.215611196240907,19.62699337453133,0,0
0.776519775390625,-0.21650073286582536,19.63611107939415,0,0
0.774810791015625,-0.21734782524952906,19.645043588051166,0,0
0.774810791015625,-0.218152245490996,19.653788748091586,0,0
0.774444580078125,-0.2189141366541229,19.662344411469967,0,0
0.7725830078125,-0.21963388063722497,19.670708434887576,0,0
0.77264404296875,-0.22031204576296573,19.67887868017762,0,0
0.772674560546875,-0.22094946388433814,19.686853014694243,0,0
0.77166748046875,-0.22154705581592565,19.69462931170524,0,0
0.76983642578125,-0.22210562777326512,19.702205450788366,0,0
0.770111083984375,-0.22262613473909576,19.709579318231143,0,0
0.769989013671875,-0.22311007199319635,19.716748807434122,0,0
0.7698974609375,-0.2235594072759682,19.72371181931742,0,0
0.769989013671875,-0.2239761430841058,19.7304662627305,0,0
0.7694091796875,-0.22436186327859262,19.737010054865,0,0
0.76776123046875,-0.22471753849059875,19.74334112167067,0,0
0.767669677734375,-0.2250438167225199,19.749457398274068,0,0
0.76763916015625,-0.22534154663441117,19.755356829400085,0,0
0.767913818359375,-0.22561196645573567,19.761037369796124,0,0
0.767364501953125,-0.225856484077309,19.766496984658783,0,0
0.767486572265625,-0.22607641411450488,19.77173365006295,0,0
0.767913818359375,-0.22627279628145874,19.776745353393164,0,0
0.76776123046875,-0.22644611870408016,19.781530093777114,0,0
0.76776123046875,-0.22659595713605613,19.78608588252117,0,0
0.76763916015625,-0.22672072639958693,19.79041074354775,0,0
0.767852783203125,-0.22681755668230133,19.794502713834422,0,0
0.767852783203125,-0.22688217171106675,19.79835984385463,0,0
0.767669677734375,-0.22690875665670923,19.801980198019802,0,1
0.767913818359375,-0.22688989642168444,19.805478730641937,0,0
0.76751708984375,-0.2268166051110062,19.80897165174742,0,0
0.767669677734375,-0.22667844408115395,19.812458920007185,0,0
0.7677001953125,-0.2264637275770818,19.81594049405037,0,0
0.767913818359375,-0.2261597458534348,19.819416332464467,0,0
0.767974853515625,-0.22575297810410033,19.822886393795567,0,0
0.76776123046875,-0.22522939402165104,19.826350636548547,0,0
0.768280029296875,-0.22457492985207198,19.829809019187312,0,0
0.770263671875,-0.2237759311505537,19.833261500134974,0,0
0.77008056640625,-0.22281924072642947,19.8367080377741,0,0
0.771881103515625,-0.22169210269157494,19.8401485904469,0,0
0.772552490234375,-0.2203822242636572,19.843583116455477,0,0
0.7745361328125,-0.2188779284197523,19.84701157406204,0,0
0.77545166015625,-0.2171682864065115,19.850433921489106,0,0
0.777618408203125,-0.21524330743880543,19.85385011691975,0,0
0.77947998046875,-0.2130941912628327,19.857260118497837,0,0
0.78167724609375,-0.21071356142005507,19.860663884328225,0,0
0.78375244140625,-0.20809571409298508,19.864061372477025,0,0
0.786407470703125,-0.20523697942463306,19.86745254097181,0,0
0.788909912109375,-0.20213617601209213,19.870837347801874,0,0
0.795379638671875,-0.19879484736925573,19.874215750918456,0,0
0.7987060546875,-0.1952167345579336,19.87758770823497,0,0
0.80206298828125,-0.19140669192970852,19.880953177627276,0,0
0.805633544921875,-0.18737009221074358,19.884312116933895,0,0
0.80975341796875,-0.1831130311386,19.887664483956257,0,0
0.814178466796875,-0.17864274394992252,19.891010236458968,0,0
0.819244384765625,-0.17396783124870782,19.894349332170044,0,0
0.8243408203125,-0.16909822572758249,19.89768172878117,0,0
0.829254150390625,-0.1640449851971043,19.90100738394792,0,0
0.83453369140625,-0.1588201147123382,19.90432625529008,0,0
0.840667724609375,-0.15343645747741017,19.90763830039184,0,0
0.846435546875,-0.14790744921812857,19.91094347680208,0,0
0.85198974609375,-0.14224670773278209,19.91424174203463,0,0
0.858184814453125,-0.13646769326021066,19.917533053568537,0,0
0.863800048828125,-0.1305835200309385,19.92081736884831,0,0
0.870147705078125,-0.12460683287550348,19.924094645284228,0,0
0.8760986328125,-0.11854970625022462,19.927364840252555,0,0
0.88262939453125,-0.11242352808975946,19.93062791109584,0,0
0.888641357421875,-0.10623884984020299,19.933883815123203,0,0
0.894683837890625,-0.1000052783106522,19.93713250961058,0,0
0.900726318359375,-0.09373152001436791,19.94037395180102,0,0
0.9073486328125,-0.0874255413334868,19.94360809890496,0,0
0.913116455078125,-0.08109469927128951,19.94683490810049,0,0
0.920166015625,-0.07474581010826897,19.950054336533668,0,0
0.926483154296875,-0.06838513102303452,19.953266341318763,0,0
0.932769775390625,-0.062018223813072815,19.956470879538585,0,0
0.939788818359375,-0.055649798389043936,19.959667908244736,0,0
0.946044921875,-0.049283541245545785,19.96285738445793,0,0
0.95220947265625,-0.0429219192348332,19.966039265168263,0,0
0.95904541015625,-0.036566086895464284,19.969213507335514,0,0
0.96490478515625,-0.030215878724968954,19.972380067889464,0,0
0.97113037109375,-0.02386984633132372,19.975538903730158,0,0
0.9776611328125,-0.017525404314446033,19.978689971728222,0,0
0.9842529296875,-0.011178956383607837,19.98183322872518,0,0
0.990142822265625,-0.004825883743792475,19.984968631533736,0,0
0.9964599609375,0.0015394291243455357,19.988096136938093,0,0
1.0023193359375,0.007923377825842223,19.991215701694255,0,0
1.00872802734375,0.014332795069165835,19.994327282530346,0,0
1.014678955078125,0.020774584009218076,19.99743083614692,0,0
1.02099609375,0.027255352709465906,20.000526319217258,0,0
1.02734375,0.03378104710385434,20.003613688387727,0,0
1.033447265625,0.040356598413586256,20.006692900278047,0,0
1.04052734375,0.04698560855416312,20.00976391148164,0,0
1.04730224609375,0.05367017559129979,20.012826678565972,0,0
1.053985595703125,0.06041092832084663,20.015881158072826,0,0
1.06103515625,0.06720713528270404,20.018927306518673,0,0
1.067626953125,0.07405676644033908,20.021965080394985,0,0
1.075347900390625,0.08095655375584589,20.02499443616856,0,0
1.08209228515625,0.08790215309804203,20.02801533028187,0,0
1.088897705078125,0.09488835853246273,20.031027719153382,0,0
1.096710205078125,0.10190922325657273,20.034031559177894,0,0
1.10345458984375,0.10895817501940015,20.037026806726885,0,0
1.1104736328125,0.11602818971873127,20.04001341814886,0,0
1.117950439453125,0.12311187567053722,20.042991349769665,0,0
1.124908447265625,0.13020151085336895,20.045960557892865,0,0
1.13226318359375,0.13728914660099742,20.04892099880006,0,0
1.139373779296875,0.14436672973755835,20.05187262875127,0,0
1.146392822265625,0.15142620447423114,20.054815403985252,0,0
1.153778076171875,0.15845959656003966,20.05774928071987,0,0
1.16058349609375,0.16545910045230156,20.060674215152453,0,0
1.167633056640625,0.17241716056300305,20.063590163460127,0,0
1.174591064453125,0.17932650101905467,20.066497081800225,0,0
1.1815185546875,0.1861801379281943,20.069394926310586,0,0
1.188201904296875,0.19297141013691296,20.07228365310996,0,0
1.195098876953125,0.19969399574858376,20.07516321829836,0,0
1.201568603515625,0.20634190865194796,20.078033577957427,0,0
1.208251953125,0.21290948490374959,20.08089468815081,0,0
1.214813232421875,0.21939136616076818,20.083746504924527,0,0
1.220733642578125,0.22578247787145678,20.086588984307337,0,0
1.227203369140625,0.23207793582773736,20.089422082311113,0,0
1.232940673828125,0.23827286237089743,20.092245754931234,0,0
1.239044189453125,0.24436217100903762,20.095059958146958,0,0
1.24493408203125,0.2503403532411432,20.097864647921785,0,0
1.25091552734375,0.2562013221203248,20.100659780203873,0,0
1.256500244140625,0.2619383469306989,20.10344531092639,0,0
1.262054443359375,0.2675440135795201,20.106221196007922,0,0
1.26751708984375,0.27301015283115865,20.10898739135286,0,0
1.2725830078125,0.2783277454593931,20.111743852851788,0,0
1.277862548828125,0.2834868143663103,20.114490536381865,0,0
1.282958984375,0.2884763398199903,20.11722739780725,0,0
1.288116455078125,0.29328428741424,20.11995439297946,0,0
1.293212890625,0.2978978073858013,20.122671477737807,0,0
1.297760009765625,0.30230358265195073,20.12537860790977,0,0
1.302398681640625,0.30648823059634545,20.128075739311416,0,0
1.306427001953125,0.31043867541593445,20.130762827747798,0,0
1.31036376953125,0.3141424672132715,20.133439829013362,0,0
1.31365966796875,0.31758801697864425,20.136106698892355,0,0
1.317169189453125,0.32076473204794886,20.138763393159252,0,0
1.320098876953125,0.32366311786544977,20.141409867579128,0,0
1.322906494140625,0.32627491306640566,20.14404607790813,0,0
1.3250732421875,0.328593225565567,20.14667197989385,0,0
1.32757568359375,0.3306126290284677,20.14928752927576,0,0
1.32891845703125,0.33232925272818614,20.151892681785633,0,0
1.3306884765625,0.33374085962293426,20.154487393147964,0,0
1.331329345703125,0.33484685784472845,20.1570716190804,0,0
1.331146240234375,0.3356481434909504,20.15964531529416,0,0
1.332061767578125,0.3361466756988728,20.16220843749446,0,0
1.33319091796875,0.33634508249814965,20.16476094138096,1,0
1.33160400390625,0.3362466492248586,20.167302782648182,0,0
1.330902099609375,0.335855281057956,20.169833916985954,0,0
1.330718994140625,0.335175051024208,20.17235430007984,0,0
1.330535888671875,0.33420985388541724,20.17486388761158,0,0
1.328826904296875,0.3329635856125865,20.177362635259534,0,0
1.327056884765625,0.33144042426303405,20.17985049869912,0,0
1.325164794921875,0.32964477411102727,20.18232743360326,0,0
1.323150634765625,0.32758101166131387,20.18479339564284,0,0
1.320556640625,0.3252532909044178,20.187248340487127,0,0
1.31805419921875,0.3226654077136448,20.189692223804247,0,0
1.31512451171875,0.31982067100017253,20.19212500126163,0,0
1.311981201171875,0.3167218015193142,20.19454662852646,0,0
1.30865478515625,0.31337085467295717,20.196957061266136,0,0
1.305267333984375,0.30976917339400234,20.199356255148714,0,0
1.30120849609375,0.305917398399363,20.2017441658434,0,0
1.29803466796875,0.30181554783990805,20.204120749020984,0,0
1.2933349609375,0.29746321544364984,20.206485960354303,0,0
1.2891845703125,0.29285984555565425,20.208839755518724,0,0
1.284881591796875,0.2880049913832763,20.211182090192597,0,0
1.28021240234375,0.2828986565405396,20.213512920057738,0,0
1.274993896484375,0.2775417672337735,20.215832200799888,0,0
1.269561767578125,0.2719365937903375,20.21813988810918,0,0
1.263824462890625,0.2660870144250389,20.220435937680637,0,0
1.257354736328125,0.25999863824278036,20.22272030521464,0,0
1.2515869140625,0.2536788075257721,20.224992946417387,0,0
1.24481201171875,0.24713657961932609,20.227253817001397,0,0
1.23822021484375,0.240382766223977,20.229502872685984,0,0
1.231048583984375,0.23342994855770802,20.231740069197738,0,0
1.223663330078125,0.22629238482574102,20.23396536227103,0,0
1.216400146484375,0.2189858157246456,20.23617870764846,0,0
1.208770751953125,0.2115272403191021,20.238380061081386,0,0
1.201202392578125,0.20393473294479095,20.24056937833041,0,0
1.193206787109375,0.1962272813558017,20.242746615165846,0,0
1.185150146484375,0.18842457716606667,20.244911727368237,0,0
1.177398681640625,0.18054674561213235,20.24706467072885,0,0
1.169097900390625,0.1726140875343148,20.24920540105017,0,0
1.16082763671875,0.16464683532723665,20.251333874146393,0,0
1.15277099609375,0.15666484010525134,20.253450045843962,0,0
1.1446533203125,0.14868723285700314,20.25555387198202,0,0
1.13653564453125,0.14073215071652817,20.257645308412958,0,0
1.128448486328125,0.1328165017350053,20.259724311002905,0,0
1.12042236328125,0.1249557175629703,20.261790835632233,0,0
1.112548828125,0.11716350188704372,20.263844838196093,0,0
1.1046142578125,0.1094515956292266,20.265886274604892,0,0
1.0966796875,0.10182953639086503,20.267915100784833,0,0
1.08905029296875,0.09430437377078493,20.26993127267843,0,0
1.0816650390625,0.08688038693017214,20.27193474624501,0,0
1.07470703125,0.07955893116821912,20.273925477461255,0,0
1.067596435546875,0.07233848855120555,20.275903422321715,0,0
1.060516357421875,0.0652148479599776,20.277868536839314,0,0
1.054046630859375,0.058181304261109186,20.279820777045906,0,0
1.04791259765625,0.05122895619617894,20.28176009899278,0,0
1.0416259765625,0.044347262695505964,20.2836864587512,0,0
1.03533935546875,0.037524796021850236,20.285599812412915,0,0
1.02923583984375,0.030750004006144575,20.28750011609073,0,0
1.023101806640625,0.024011933575910503,20.289387325918987,0,0
1.016357421875,0.017300911306381762,20.291261398054157,0,0
1.010162353515625,0.01060907594160055,20.293122288675335,0,0
1.0035400390625,0.003930736441959917,20.294969953984793,0,0
0.99664306640625,-0.002737386003008109,20.29680435020852,0,0
0.989593505859375,-0.009396105605190976,20.29862543359677,0,0
0.983184814453125,-0.016043946470465885,20.300433160424582,0,0
0.976318359375,-0.022677360286104016,20.30222748699236,0,0
0.969146728515625,-0.029290901786066754,20.3040083696264,0,0
0.9625244140625,-0.03587750234056269,20.305775764679417,0,0
0.95599365234375,-0.042428826871033685,20.30752962853115,0,0
0.949493408203125,-0.04893551653769746,20.309269917588868,0,0
0.94281005859375,-0.05538729911747643,20.310996588287924,0,0
0.935760498046875,-0.061773155549960684,20.31270959709234,0,0
0.9296875,-0.06808165690909165,20.314408900495334,0,0
0.922943115234375,-0.07430135645434724,20.31609445501989,0,0
0.916961669921875,-0.080421103524669,20.31776621721932,0,0
0.91046142578125,-0.08643031024574274,20.31942414367782,0,0
0.9049072265625,-0.09231920636171749,20.321068191011022,0,0
0.898956298828125,-0.09807902577933474,20.32269831586659,0,0
0.89324951171875,-0.10370210862604835,20.324314474924744,0,0
0.8878173828125,-0.10918199503647237,20.325916624898852,0,0
0.882781982421875,-0.11451350588342502,20.327504722536,0,0
0.87762451171875,-0.1196927154652847,20.329078724617535,0,0
0.872528076171875,-0.12471685202467611,20.330638587959683,0,0
0.86810302734375,-0.1295842244488038,20.332184269414082,0,0
0.863861083984375,-0.134294096704556,20.33371572586836,0,0
0.859222412109375,-0.13884641220743613,20.335232914246724,0,0
0.854827880859375,-0.14324151783495237,20.336735791510545,0,0
0.850738525390625,-0.1474800524235993,20.338224314658895,0,0
0.84674072265625,-0.1515629199638397,20.339698440729194,0,0
0.842742919921875,-0.1554912420582092,20.341158126797712,0,0
0.839569091796875,-0.159266284146228,20.34260332998021,0,0
0.8355712890625,-0.1628893316005428,20.344034007432516,0,0
0.832366943359375,-0.16636156008984251,20.345450116351078,0,0
0.828704833984375,-0.16968400835717795,20.34685161397359,0,0
0.825347900390625,-0.1728576748581075,20.34823845757955,0,0
0.82232666015625,-0.1758837071247259,20.34961060449087,0,0
0.8192138671875,-0.17876361606016755,20.35096801207245,0,0
0.81634521484375,-0.18149946761010224,20.35231063773278,0,0
0.81396484375,-0.18409405626459643,20.35363843892455,0,0
0.8114013671875,-0.1865510095827542,20.35495137314518,0,0
0.809356689453125,-0.18887479048340805,20.35624939793751,0,0
0.807403564453125,-0.19107061800397537,20.357532470890327,0,0
0.8052978515625,-0.19314431508725735,20.358800549638982,0,0
0.803741455078125,-0.19510212997991255,20.360053591865995,0,0
0.801910400390625,-0.19695056124264146,20.361291555301648,0,0
0.80010986328125,-0.19869619308145453,20.362514397724606,0,0
0.79852294921875,-0.20034560658492703,20.36372207696249,0,0
0.797210693359375,-0.20190535697892556,20.364914550892507,0,0
0.79510498046875,-0.2033819589980334,20.366091777442033,0,0
0.794586181640625,-0.20478190901089208,20.367253714589243,0,0
0.792388916015625,-0.2061117155475421,20.368400320363715,0,0
0.7918701171875,-0.2073779030424808,20.36953155284701,0,0
0.790008544921875,-0.20858703564911082,20.370647370173323,0,0
0.7900390625,-0.20974570770867484,20.371747730530057,0,0
0.787567138671875,-0.2108604497855392,20.372832592158474,0,0
0.78741455078125,-0.2119376975062913,20.373901913354274,0,0
0.787384033203125,-0.21298376766474175,20.374955652468223,0,0
0.784820556640625,-0.21400459942182,20.375993767906778,0,0
0.784759521484375,-0.21500554301067984,20.377016218132674,0,0
0.78466796875,-0.21599136025676913,20.378022961665593,0,0
0.782318115234375,-0.21696605478504385,20.379013957082723,0,0
0.782501220703125,-0.21793266335177275,20.379989163019413,0,0
0.78131103515625,-0.21889324323178,20.380948538169793,0,0
0.779510498046875,-0.2198488698956586,20.381892041287394,0,0
0.779876708984375,-0.2207996926200931,20.382819631185747,0,0
0.777618408203125,-0.2217450420252137,20.383731266739037,0,0
0.777374267578125,-0.22268349340086765,20.384626906882716,0,0
0.775787353515625,-0.22361301167626393,20.38550651061412,0,0
0.774871826171875,-0.22453117702858008,20.386370036993128,0,0
0.774566650390625,-0.22543537220539908,20.38721744514272,0,0
0.7725830078125,-0.22632287696955164,20.388048694249697,0,0
0.77264404296875,-0.22719095449232132,20.388863743565228,0,0
0.771942138671875,-0.22803692358265606,20.38966255240553,0,0
0.769744873046875,-0.22885813327937096,20.390445080152478,0,0
0.76995849609375,-0.22965208674152432,20.391211286254258,0,0
0.76995849609375,-0.23041663526195816,20.391961130225948,0,0
0.76788330078125,-0.23114984631449392,20.39269457165022,0,0
0.767547607421875,-0.23184988333516027,20.393411570177932,0,0
0.767669677734375,-0.23251518227029813,20.39411208552875,0,0
0.767486572265625,-0.23314440965323285,20.394796077491833,0,0
0.765045166015625,-0.23373615183012947,20.395463505926422,0,0
0.76519775390625,-0.23428899822215676,20.396114330762497,0,0
0.7652587890625,-0.23480196996976593,20.396748512001416,0,0
0.765045166015625,-0.2352745770741632,20.397366009716553,0,0
0.765228271484375,-0.2357064093967154,20.397966784053928,0,0
0.762786865234375,-0.23609680982984504,20.398550795232854,0,0
0.76251220703125,-0.23644512979340476,20.39911800354658,0,0
0.7626953125,-0.2367514304545031,20.39966836936292,0,0
0.76263427734375,-0.23701689740159415,20.40020185312491,0,0
0.762603759765625,-0.2372437169819201,20.40071841535144,0,0
0.762725830078125,-0.23743478897871764,20.401218016637895,0,0
0.762664794921875,-0.23759347653187873,20.40170061765681,0,0
0.7625732421875,-0.2377233951310663,20.4021661791585,0,0
0.76287841796875,-0.23782825322566253,20.402614661971718,0,0
0.762603759765625,-0.23791170872087022,20.403046027004276,0,0
0.7626953125,-0.23797724645931506,20.40346023524373,0,0
0.76263427734375,-0.23802812732826562,20.40385724775799,0,0
0.7626953125,-0.2380673753726822,20.40423702569598,0,0
0.7628173828125,-0.23809774440069817,20.404599530288287,0,0
0.762664794921875,-0.23812166511783928,20.404944722847798,0,0
0.763092041015625,-0.23814119014728266,20.405272564770367,0,0
0.762481689453125,-0.23815794785474198,20.405583017535445,0,0
0.76287841796875,-0.23817315503384784,20.405876042706733,0,0
0.762420654296875,-0.2381877092375776,20.406151601932834,0,0
0.76263427734375,-0.23820230437419243,20.406409656947904,0,0
0.7626953125,-0.23821751805304328,20.40665016957229,0,0
0.762664794921875,-0.23823383087877348,20.40687310171321,0,0
0.76275634765625,-0.23825159516214064,20.407078415365348,0,0
0.7628173828125,-0.23827100493903233,20.407266072611566,0,0
0.762939453125,-0.23829205330185713,20.407436035623512,0,0
0.762481689453125,-0.23831449743149036,20.407588266662295,0,0
0.762969970703125,-0.2383378974780598,20.40772272807912,0,0
0.76287841796875,-0.23836165887338961,20.40783938231594,0,0
0.762786865234375,-0.2383849919433937,20.407938191906137,0,0
0.7626953125,-0.2384068921217137,20.408019119475128,0,0
0.762664794921875,-0.23842621918949822,20.408082127741057,0,0
0.76263427734375,-0.23844180363797493,20.40812717951541,0,0
0.76251220703125,-0.23845253565768498,20.40815423770371,0,0
0.76263427734375,-0.23845744927325938,20.408163265306122,0,1
0.7628173828125,-0.23845577082005645,20.408024325811127,0,0
0.7628173828125,-0.23844688723010177,20.407608441818823,0,0
0.762847900390625,-0.23843028068847985,20.406917031809737,0,0
0.762603759765625,-0.23840552850328595,20.405951536280664,0,0
0.762939453125,-0.23837238702475455,20.40471341736056,0,0
0.76300048828125,-0.23833085967457077,20.40320415842405,0,0
0.762939453125,-0.23828118541359977,20.401425263702883,0,0
0.762939453125,-0.23822383876239484,20.39937825789537,0,0
0.7628173828125,-0.2381596230642422,20.397064685773994,0,0
0.7628173828125,-0.2380898288191457,20.394486111791398,0,0
0.765045166015625,-0.2380162416053998,20.39164411968484,0,0
0.765045166015625,-0.23794063367888663,20.388540312079304,0,0
0.7650146484375,-0.23786390257798332,20.385176310089445,0,0
0.76507568359375,-0.2377855403137816,20.381553752920468,0,0
0.765167236328125,-0.23770359077073694,20.377674297468122,0,0
0.765472412109375,-0.2376147226003666,20.373539617917977,0,0
0.76531982421875,-0.23751424211287128,20.369151405344102,0,0
0.76513671875,-0.23739614575081583,20.364511367307294,0,0
0.7652587890625,-0.23725331551781914,20.35962122745305,0,0
0.765167236328125,-0.2370777979231755,20.354482725109328,0,0
0.765167236328125,-0.2368610784851976,20.349097614884382,0,0
0.76531982421875,-0.2365943650424415,20.34346766626467,0,0
0.7650146484375,-0.23626890970667624,20.337594663213057,0,0
0.765289306640625,-0.2358764040629906,20.33148040376744,0,0
0.766876220703125,-0.23540932482947974,20.325126699639892,0,0
0.7677001953125,-0.23486088820566298,20.318535375816534,0,0
0.76788330078125,-0.2342246402586871,20.311708270158153,0,0
0.768280029296875,-0.23349422552622828,20.304647233001827,0,0
0.770263671875,-0.23266349480931037,20.297354126763572,0,0
0.770172119140625,-0.23172655865863093,20.289830825542186,0,0
0.7725830078125,-0.23067766622893893,20.282079214724423,0,0
0.773345947265625,-0.22951102620646827,20.274101190591615,0,0
0.775054931640625,-0.228220563555605,20.26589865992779,0,0
0.77685546875,-0.22679967438423373,20.257473539629505,0,0
0.77825927734375,-0.22524101424657883,20.24882775631748,0,0
0.779876708984375,-0.22353634662701863,20.239963245950047,0,0
0.7823486328125,-0.22167651093514734,20.230881953438672,0,0
0.784149169921875,-0.2196513787748175,20.221585832265557,0,0
0.786102294921875,-0.2174497708610952,20.21207684410345,0,0
0.788330078125,-0.21505953822423485,20.20235695843774,0,0
0.790191650390625,-0.2124678709260927,20.19242815219104,0,0
0.7926025390625,-0.20966178414130776,20.182292409350197,0,0
0.79522705078125,-0.20662873627333456,20.171951720595903,0,0
0.797882080078125,-0.2033572789410536,20.161408082935075,0,0
0.800689697265625,-0.19983772230100705,20.150663499335913,0,0
0.80364990234375,-0.19606290484275718,20.139719978365886,0,0
0.811126708984375,-0.1920287763769426,20.128579533832657,0,0
0.8153076171875,-0.18773405870297788,20.117244184427992,0,0
0.81988525390625,-0.18317908317220535,20.10571595337485,0,0
0.82470703125,-0.1783649145415136,20.09399686807757,0,0
0.829803466796875,-0.17329315954777244,20.082088959775394,0,0
0.835113525390625,-0.16796600407293794,20.06999426319924,0,0
0.840789794921875,-0.16238624004721558,20.057714816231925,0,0
0.846954345703125,-0.1565572543492571,20.045252659571812,0,0
0.8529052734375,-0.15048293996500697,20.032609836399985,0,0
0.85943603515625,-0.1441675802719075,20.019788392051037,0,0
0.8660888671875,-0.13761576589847538,20.00679037368741,0,0
0.872955322265625,-0.13083231423746586,19.99361782997755,0,0
0.87982177734375,-0.12382219547268877,19.980272810777688,0,0
0.88671875,-0.11659055749741637,19.96675736681753,0,0
0.89459228515625,-0.10914286648038962,19.953073549389664,0,0
0.9019775390625,-0.1014850267113046,19.93922341004301,0,0
0.90960693359375,-0.09362343867842636,19.925209000280034,0,0
0.91802978515625,-0.08556509972737263,19.91103237125809,0,0
0.926177978515625,-0.07731769380795805,19.89669557349468,0,0
0.934173583984375,-0.06888961613474398,19.88220065657675,0,0
0.9429931640625,-0.060290073792967185,19.867549668874172,0,0
0.95172119140625,-0.051529251954379206,19.852744657257205,0,0
0.96051025390625,-0.042618402127853075,19.837787666818194,0,0
0.969818115234375,-0.033569869608269715,19.822680740597388,0,0
0.979156494140625,-0.024397078469842043,19.807425919312962,0,0
0.988555908203125,-0.015114420676999057,19.792025241095274,0,0
0.998199462890625,-0.005737081411956085,19.776480741225306,0,0
1.0079345703125,0.0037191614184118454,19.760794451877434,0,0
1.017242431640625,0.013238151454108685,19.744968401866366,0,0
1.027252197265625,0.022803518183444935,19.72900461639847,0,0
1.037200927734375,0.03239882604371125,19.712905116827315,0,0
1.04656982421875,0.0420078003200762,19.69667192041356,0,0
1.056243896484375,0.0516145167490505,19.68030704008914,0,0
1.065887451171875,0.061203437094064894,19.663812484225772,0,0
1.075408935546875,0.07075938705003149,19.64719025640778,0,0
1.085357666015625,0.08026758392915212,19.630442355209258,0,0
1.094757080078125,0.08971374812871344,19.613570773975546,0,0
1.104095458984375,0.09908425424165844,19.596577500609047,0,0
1.113525390625,0.1083662154686039,19.57946451735934,0,0
1.12286376953125,0.11754751737112656,19.56223380061763,0,0
1.13189697265625,0.1266168868645721,19.544887320715496,0,0
1.1407470703125,0.13556395607781066,19.52742704172798,0,0
1.149566650390625,0.14437924328228033,19.509854921280894,0,0
1.158172607421875,0.15305407245053046,19.4921729103625,0,0
1.1666259765625,0.16158048172990183,19.474382953139376,0,0
1.1748046875,0.16995111325803722,19.456486986776607,0,0
1.183197021484375,0.17815907822545915,19.43848694126218,0,0
1.19091796875,0.18619783598445727,19.420384739235594,0,0
1.198760986328125,0.19406107758107607,19.402182295820722,0,0
1.20635986328125,0.20174257177767488,19.383881518462807,0,0
1.213714599609375,0.2092359997820799,19.365484306769666,0,0
1.221038818359375,0.21653480939435804,19.346992552357,0,0
1.2283935546875,0.22363211477510458,19.328408138697874,0,0
1.2353515625,0.23052070461698468,19.309732940976236,0,0
1.2418212890625,0.23719312366144601,19.290968825944553,0,0
1.24853515625,0.2436417061427978,19.272117651785475,0,0
1.255126953125,0.2498585972989486,19.25318126797753,0,0
1.261077880859375,0.25583589273801116,19.234161515164764,0,0
1.267120361328125,0.2615658522636411,19.215060225030417,0,0
1.272735595703125,0.26704108994895503,19.19587922017444,0,0
1.277801513671875,0.2722547309315227,19.176620313995002,0,0
1.282806396484375,0.27720049092028576,19.157285310573783,0,0
1.287872314453125,0.281872686398023,19.13787600456515,0,0
1.291961669921875,0.2862662854739043,19.1183941810891,0,0
1.295989990234375,0.2903769559334906,19.098841615628025,0,0
1.300628662109375,0.2942010480456417,19.079220073927118,0,0
1.303680419921875,0.29773566309378063,19.059531311898553,0,0
1.306884765625,0.30097878218874774,19.03977707552929,0,0
1.310089111328125,0.30392925122678593,19.01995910079249,0,0
1.312591552734375,0.30658669959642865,19.00007911356254,0,0
1.314849853515625,0.3089515058350563,18.9801388295336,0,0
1.316864013671875,0.31102471741736815,18.960139954141663,0,0
1.319000244140625,0.3128079358467779,18.940084182490093,0,0
1.320281982421875,0.3143032868265077,18.919973199278562,0,0
1.321197509765625,0.3155134167553556,18.899808678735408,0,0
1.322235107421875,0.31644136727987693,18.879592284553304,0,0
1.32373046875,0.31709045035366157,18.859325669828273,0,0
1.32373046875,0.31746436646851967,18.83901047700192,0,0
1.3236083984375,0.31756741373222,18.81864833780693,1,0
1.3236083984375,0.3174044730563441,18.798240873215704,0,0
1.32354736328125,0.3169808804929266,18.777789693392187,0,0
1.323516845703125,0.31630250689353556,18.757296397646726,0,0
1.32147216796875,0.3153760063939112,18.736762574394035,0,0
1.321502685546875,0.314208925384155,18.71618980111415,0,0
1.3194580078125,0.31280967279283617,18.695579644316354,0,0
1.317840576171875,0.31118751808947004,18.67493365950601,0,0
1.316253662109375,0.3093525340883071,18.654253391154302,0,0
1.314056396484375,0.3073154941339216,18.633540372670808,0,0
1.31182861328125,0.30508782350942176,18.612796126378857,0,0
1.308868408203125,0.3026814944128471,18.59202216349364,0,0
1.305999755859375,0.30010874184978903,18.571219984103024,0,0
1.303253173828125,0.29738164617653134,18.55039107715106,0,0
1.30023193359375,0.294511751075424,18.529536920424064,0,0
1.296875,0.2915097879071543,18.508658980539334,0,0
1.29345703125,0.2883853887081637,18.487758712936333,0,0
1.290283203125,0.28514673714372857,18.466837561870445,0,0
1.287384033203125,0.2818003154457616,18.44589696040908,0,0
1.283660888671875,0.2783508794857929,18.424938330430294,0,0
1.280426025390625,0.27480154955992653,18.403963082623687,0,0
1.27703857421875,0.2711538947977454,18.382972616493657,0,0
1.27337646484375,0.2674080686987939,18.36196832036492,0,0
1.270233154296875,0.26356303906359174,18.340951571390296,0,0
1.266143798828125,0.2596168909617954,18.31992373556063,0,0
1.262939453125,0.2555671734726393,18.298886167716905,0,0
1.25885009765625,0.2514112777984203,18.277840211564477,0,0
1.254547119140625,0.24714681212828987,18.256787199689338,0,0
1.250823974609375,0.24277187962263905,18.23572845357642,0,0
1.246337890625,0.23828530709921178,18.214665283629902,0,0
1.2415771484375,0.2336868852194902,18.193598989195436,0,0
1.237579345703125,0.22897752978338715,18.172530858584306,0,0
1.232452392578125,0.22415940945016924,18.15146216909942,0,0
1.227447509765625,0.21923607712632334,18.130394187063143,0,0
1.22259521484375,0.21421247679812683,18.10932816784692,0,0
1.217559814453125,0.20909487847218475,18.08826535590264,0,0
1.212066650390625,0.20389086075126228,18.06720698479569,0,0
1.20660400390625,0.1986092402403598,18.04615427723971,0,0
1.2015380859375,0.19325989111368888,18.025108445132954,0,0
1.1956787109375,0.18785357691273005,18.00407068959624,0,0
1.190185546875,0.1824018037647883,17.983042201012484,0,0
1.18450927734375,0.17691660061308384,17.962024159067717,0,0
1.17919921875,0.1714102816691507,17.941017732793608,0,0
1.173583984375,0.16589530265425706,17.920024080611423,0,0
1.168121337890625,0.16038419881134974,17.89904435037738,0,0
1.1624755859375,0.1548895239426948,17.878079679429423,0,0
1.157196044921875,0.1494237620043191,17.85713119463527,0,0
1.152069091796875,0.14399928076450302,17.836200012441807,0,0
1.147064208984375,0.13862842659480917,17.81528723892576,0,0
1.141693115234375,0.1333237430477003,17.79439396984556,0,0
1.136505126953125,0.12809815662719648,17.77352129069446,0,0
1.13214111328125,0.12296508232311311,17.752670276754774,0,0
1.12713623046875,0.1179386130333641,17.7318419931533,0,0
1.1221923828125,0.11303380587427492,17.711037494917804,0,0
1.11712646484375,0.10826681996377682,17.690257827034618,0,0
1.11260986328125,0.10365480756426701,17.669504024507237,0,0
1.10797119140625,0.09921570809457488,17.648777112415964,0,0
1.103485107421875,0.09496804352427492,17.62807810597853,0,0
1.098968505859375,0.09093064876419064,17.607408010611643,0,0
1.095306396484375,0.08712229976600663,17.58676782199347,0,0
1.09100341796875,0.08356132038449644,17.56615852612702,0,0
1.08770751953125,0.08026518542954482,17.545581099404387,0,0
1.083984375,0.07725006501865078,17.525036508671832,0,0
1.081207275390625,0.07453032256720557,17.504525711295656,0,0
1.07843017578125,0.07211802599449979,17.484049655228862,0,0
1.07568359375,0.07002248602485522,17.463609279078597,0,0
1.07354736328125,0.06824974021107931,17.443205512174274,0,0
1.072174072265625,0.06680199129719971,17.422839274636438,0,0
1.0704345703125,0.06567715376991667,17.4025114774463,0,0
1.070159912109375,0.0648685505788939,17.38222302251589,0,0
1.0703125,0.06436481579665584,17.361974802758883,0,0
1.070465087890625,0.0641501640618661,17.341767702162013,0,0
1.07025146484375,0.06420488247685821,17.321602595857033,0,0
1.070465087890625,0.06450564793821534,17.30148035019329,0,0
1.072540283203125,0.06502566748514726,17.281401822810786,0,0
1.0733642578125,0.06573507902673284,17.26136786271377,0,0
1.075347900390625,0.06660174577170166,17.24137931034483,0,0
1.077392578125,0.06759220901175494,17.221436997659417,0,0
1.078826904296875,0.0686727141728953,17.201541748200867,0,0
1.08013916015625,0.06981017859249924,17.18169437717579,0,0
1.082672119140625,0.07097293584978247,17.161895691529928,0,0
1.083740234375,0.07213143063084224,17.14214649002435,0,0
1.085296630859375,0.0732589409229459,17.122447563312036,0,0
1.0863037109375,0.07433210114480926,17.10279969401481,0,0
1.087554931640625,0.07533117919344276,17.0832036568006,0,0
1.08721923828125,0.07624015274496365,17.063660218461013,0,0
1.08892822265625,0.07704652392678232,17.04417013798919,0,0
1.0899658203125,0.07774111295543965,17.02473416665797,0,0
1.089935302734375,0.07831814460433252,17.00535304809828,0,0
1.0902099609375,0.07877535358037119,16.986027518377767,0,0
1.09014892578125,0.07911376016949695,16.966758306079726,0,0
1.090057373046875,0.07933724476870538,16.94754613238214,0,0
1.090118408203125,0.07945211945884662,16.928391711136992,0,0
1.090087890625,0.07946677750394981,16.909295748949724,0,0
1.09014892578125,0.07939148030594623,16.89025894525889,0,0
1.089935302734375,0.0792382678549515,16.871281992415927,0,0
1.0875244140625,0.07902075067766497,16.852365575765113,0,0
1.087677001953125,0.07875342337766116,16.833510373723602,0,0
1.087371826171875,0.07845072462862732,16.814717057861618,0,0
1.087371826171875,0.07812651449631695,16.79598629298272,0,0
1.08770751953125,0.07779410821911817,16.777318737204187,0,0
1.08514404296875,0.07746641256021244,16.758715042037437,0,0
1.085235595703125,0.07715561327425727,16.740175852468553,0,0
1.0849609375,0.07687244927787931,16.721701807038848,0,0
1.085235595703125,0.07662575107885475,16.703293537925475,0,0
1.0849609375,0.07642248703105216,16.684951671022073,0,0
1.084991455078125,0.0762679651459412,16.66667682601944,0,0
1.08477783203125,0.0761659515358199,16.648469616486214,0,0
1.085418701171875,0.07611873977645656,16.630330649949556,0,0
1.085174560546875,0.07612729172075447,16.612260527975856,0,0
1.085174560546875,0.07619140333578785,16.59425984625138,0,0
1.085357666015625,0.07630973451997697,16.57632919466295,0,0
1.0872802734375,0.07647986928606398,16.558469157378543,0,0
1.087738037109375,0.07669881306313381,16.540680312927897,0,0
1.08758544921875,0.076963798731734,16.52296323428304,0,0
1.0875244140625,0.07727273537663833,16.505318488938787,0,0
1.08770751953125,0.07762406491011083,16.48774663899318,0,0
1.0875244140625,0.07801635967623397,16.470248241227843,0,0
1.089202880859375,0.07844798972513475,16.452823847188295,0,0
1.089813232421875,0.07891713343159593,16.435474003264147,0,0
1.089935302734375,0.07942212882064284,16.418199250769284,0,0
1.089935302734375,0.07996167487239533,16.40100012602186,0,0
1.090179443359375,0.08053457222703368,16.3838771604243,0,0
1.0921630859375,0.08113934490854194,16.366830880543155,0,0
1.09228515625,0.08177423976307192,16.34986180818883,0,0
1.0926513671875,0.08243749379805607,16.332970460495282,0,0
1.09222412109375,0.08312728322222807,16.316157349999514,0,0
1.094329833984375,0.0838412744684219,16.299422984721044,0,0
1.09503173828125,0.08457637504573175,16.28276786824119,0,0
1.094879150390625,0.08532889041614478,16.266192499782274,0,0
1.095672607421875,0.08609454133711225,16.249697374286676,0,0
1.097442626953125,0.08686820485340072,16.233282982495783,0,0
1.097412109375,0.08764386302288915,16.216949811028805,0,0
1.09820556640625,0.08841472466585515,16.200698342461443,0,0
1.100250244140625,0.089173242329986,16.184529055404447,0,0
1.09967041015625,0.08991121926648013,16.168442424582025,0,0
1.100738525390625,0.09061994453332295,16.152438920910125,0,0
1.10223388671875,0.0912901379124664,16.136519011574567,0,0
1.102386474609375,0.09191200669463594,16.120683160109067,0,0
1.105010986328125,0.0924756210941971,16.104931826473074,0,0
1.1046142578125,0.09297150958637661,16.089265467129515,0,0
1.1046142578125,0.09339118824439974,16.073684535122375,0,0
1.104888916015625,0.09372719206559707,16.058189480154137,0,0
1.104888916015625,0.09397271625555556,16.042780748663105,0,0
1.104888916015625,0.0941212896246975,16.027458783900542,0,0
1.105010986328125,0.09416655296504527,16.012224026007733,0,0
1.105072021484375,0.09410212347859262,15.997076912092856,0,0
1.105010986328125,0.09392158969886244,15.982017876307735,0,0
1.10467529296875,0.09361858990227775,15.967047349924474,0,0
1.104644775390625,0.09318690629798165,15.952165761411921,0,0
1.102264404296875,0.09262045708147168,15.937373536512037,0,0
1.102294921875,0.09191296609785725,15.922671098316114,0,0
1.10247802734375,0.09105754380604345,15.908058867340863,0,0
1.102386474609375,0.09004686460402346,15.893537261604386,0,0
1.100128173828125,0.08887389129926015,15.879106696702006,0,0
1.100006103515625,0.08753239960029838,15.864767585882005,0,0
1.0985107421875,0.08601718879880116,15.850520340121216,0,0
1.097381591796875,0.08432439762136093,15.83636536820051,0,0
1.095123291015625,0.08245191003816135,15.822303076780177,0,0
1.093597412109375,0.080399599401489,15.80833387047517,0,0
1.091094970703125,0.07816942865949884,15.794458151930293,0,0
1.0885009765625,0.07576547936763427,15.780676321895236,0,0
1.08599853515625,0.0731938637988512,15.766988779299538,0,0
1.083038330078125,0.0704625542444056,15.75339592132746,0,0
1.080047607421875,0.067581209234336,15.739898143492752,0,0
1.076995849609375,0.06456098766036915,15.72649583971335,0,0
1.07354736328125,0.06141434663473719,15.713189402385975,0,0
1.070068359375,0.05815481034102757,15.699979222460668,0,0
1.0665283203125,0.05479667517263884,15.686865689515262,0,0
1.06304931640625,0.05135469734452465,15.673849191829776,0,0
1.059417724609375,0.04784383789528589,15.660930116460737,0,0
1.055755615234375,0.04427906640791461,15.648108849315477,0,0
1.0518798828125,0.04067516742969649,15.635385775226368,0,0
1.048095703125,0.037046500384993304,15.622761278024981,0,0
1.04461669921875,0.03340674155677962,15.610235740616275,0,0
1.040771484375,0.029768696480079817,15.597809545052698,0,0
1.037139892578125,0.026144182889961683,15.58548307260827,0,0
1.0333251953125,0.02254389866732892,15.57325670385268,0,0
1.029815673828125,0.01897725421151429,15.561130818725347,0,0
1.02642822265625,0.015452234367714673,15.549105796609464,0,0
1.02301025390625,0.011975356489259889,15.537182016406074,0,0
1.019622802734375,0.00855170837990639,15.525359856608144,0,0
1.01629638671875,0.00518499217349299,15.513639695374634,0,0
1.0128173828125,0.0018775292259528079,15.502021910604629,0,0
1.01019287109375,-0.0013697465410637336,15.490506880011473,0,0
1.006805419921875,-0.004557211683116409,15.479094981196953,0,0
1.003448486328125,-0.00768642816364274,15.467786591725531,0,0
1.000579833984375,-0.010760138600243718,15.456582089198639,0,0
0.99774169921875,-0.013782329874232974,15.445481851329015,0,0
0.9947509765625,-0.0167581908477569,15.434486256015148,0,0
0.99212646484375,-0.019693984593040545,15.423595681415776,0,0
0.989227294921875,-0.022596906728984317,15.412810506024476,0,0
0.98699951171875,-0.025474900022984262,15.402131108744365,0,0
0.9840087890625,-0.02833638759914566,15.39155786896294,0,0
0.98150634765625,-0.03118997980494656,15.381091166626948,0,0
0.978912353515625,-0.03404422295502539,15.370731382317478,0,0
0.97625732421875,-0.036907348519919225,15.360478897325143,0,0
0.973724365234375,-0.03978698367997776,15.350334093725424,0,0
0.970794677734375,-0.04268986435577412,15.34029735445416,0,0
0.968231201171875,-0.04562159254168639,15.330369063383227,0,0
0.96533203125,-0.048586430606599985,15.320549605396378,0,0
0.96221923828125,-0.0515871264719494,15.31083936646528,0,0
0.95892333984375,-0.054624851618821094,15.301238733725746,0,0
0.955841064453125,-0.05769930802610655,15.291748095554203,0,0
0.95281982421875,-0.06080889757126448,15.282367841644355,0,0
0.949249267578125,-0.06395084899707545,15.27309836308408,0,0
0.946502685546875,-0.06712133130258804,15.263940052432602,0,0
0.94305419921875,-0.07031554970280188,15.254893303797916,0,0
0.93951416015625,-0.07352781706658079,15.245958512914433,0,0
0.936309814453125,-0.07675171110169515,15.237136077220987,0,0
0.9329833984375,-0.07998030995723436,15.228426395939087,0,0
0.92913818359375,-0.08320641986006135,15.219829870151495,0,0
0.926025390625,-0.08642285931400932,15.211346902881104,0,0
0.923065185546875,-0.08962275979940512,15.20297789917019,0,0
0.919464111328125,-0.09279971532721752,15.194723266159984,0,0
0.916290283203125,-0.09594786148473927,15.186583413170608,0,0
0.913818359375,-0.09906198703744495,15.178558751781399,0,0
0.9105224609375,-0.10213751853667861,15.17064969591161,0,0
0.90740966796875,-0.10517038193280248,15.162856661901532,0,0
0.904632568359375,-0.10815695656977202,15.155180068594028,0,0
0.90167236328125,-0.11109410379751566,15.147620337416479,0,0
0.89892578125,-0.11397914464915039,15.140177892463225,0,0
0.89617919921875,-0.1168097995102316,15.132853160578437,0,0
0.893585205078125,-0.11958411137899207,15.12564657143948,0,0
0.89044189453125,-0.12230037844197214,15.118558557640768,0,0
0.887664794921875,-0.12495720552993839,15.111589554778138,0,0
0.88525390625,-0.12755368772082143,15.104740001533761,0,0
0.883148193359375,-0.13008951999198282,15.098010339761583,0,0
0.880523681640625,-0.13256489249452946,15.091401014573327,0,0
0.87847900390625,-0.13498029508976725,15.0849124744251,0,0
0.876068115234375,-0.13733636129678803,15.078545171204574,0,0
0.873687744140625,-0.13963376291361837,15.072299560318807,0,0
0.871246337890625,-0.1418732004089927,15.066176100782679,0,0
0.869293212890625,-0.14405549741726204,15.060175255307971,0,0
0.867218017578125,-0.1461816729743218,15.054297490393155,0,0
0.8651123046875,-0.14825291742542934,15.04854327641386,0,0
0.86322021484375,-0.1502705414479125,15.042913087714007,0,0
0.861297607421875,-0.15223594245833955,15.037407402697767,0,0
0.859405517578125,-0.15415056416411524,15.032026703922162,0,0
0.85748291015625,-0.15601586364742498,15.026771478190525,0,0
0.85577392578125,-0.15783331167739711,15.02164221664672,0,0
0.853607177734375,-0.15960442906027347,15.01663941487017,0,0
0.852508544921875,-0.16133084805110995,15.01176357297173,0,0
0.85113525390625,-0.1630142738594757,15.007015195690423,0,0
0.84857177734375,-0.16465631253067778,15.002394792491057,0,0
0.847869873046875,-0.16625840505014217,14.99790287766275,0,0
0.846435546875,-0.16782184545097398,14.993539970418347,0,0
0.84454345703125,-0.16934764204752406,14.989306594994883,0,0
0.84368896484375,-0.17083634590139116,14.98520328075489,0,0
0.8414306640625,-0.17228800522243237,14.98123056228882,0,0
0.84051513671875,-0.17370221102346964,14.977388979518443,0,0
0.8389892578125,-0.175078186014768,14.9736790778013,0,0
0.83709716796875,-0.17641486914265786,14.970101408036253,0,0
0.83660888671875,-0.1777110283298382,14.966656526770102,0,0
0.834686279296875,-0.17896535453074544,14.96334499630539,0,0
0.83380126953125,-0.1801764813669215,14.960167384809333,0,0
0.8321533203125,-0.18134305253708924,14.95712426642393,0,0
0.831634521484375,-0.182463842989353,14.95421622137734,0,0
0.830535888671875,-0.183537777994536,14.95144383609644,0,0
0.8291015625,-0.18456384925133565,14.94880770332072,0,0
0.829315185546875,-0.1855410434141253,14.946308422217442,0,0
0.8270263671875,-0.18646826168978428,14.943946598498167,0,0
0.82672119140625,-0.1873443025450645,14.941722844536642,0,0
0.82659912109375,-0.18816795215502005,14.939637779488093,0,0
0.8243408203125,-0.18893797654086078,14.937692029409948,0,0
0.82415771484375,-0.189653171716953,14.935886227384039,0,0
0.8240966796875,-0.1903126029699194,14.934221013640295,0,0
0.8236083984375,-0.19091559906535627,14.932697035682004,0,0
0.82183837890625,-0.1914615207338996,14.931314948412616,0,0
0.821685791015625,-0.19194985827085087,14.930075414264179,0,0
0.822052001953125,-0.1923805676380171,14.92897910332742,0,0
0.8218994140625,-0.1927540480686753,14.92802669348351,0,0
0.821990966796875,-0.19307070436613877,14.927218870537564,0,0
0.820159912109375,-0.19333060479722286,14.926556328353902,0,0
0.819122314453125,-0.193533729251202,14.926039768993107,0,0
0.81915283203125,-0.1936807954590633,14.925669902850952,0,0
0.819488525390625,-0.1937740095805946,14.925447448799206,0,0
0.819366455078125,-0.19381725076292025,14.92537313432836,0,1
0.819305419921875,-0.19381593241373354,14.925399123023038,0,0
0.821502685546875,-0.1937767659525274,14.925476902003817,0,0
0.821990966796875,-0.1937071138541983,14.92560619141572,0,0
0.822021484375,-0.19361393498943774,14.925786712454848,0,0
0.82177734375,-0.19350301111703624,14.926018187349088,0,0
0.821868896484375,-0.19337880829147744,14.92630033933908,0,0
0.8218994140625,-0.1932446547151512,14.926632892659272,0,0
0.822052001953125,-0.19310291264328314,14.927015572519142,0,0
0.821929931640625,-0.19295509658438842,14.927448105084578,0,0
0.821807861328125,-0.1928020234277479,14.927930217459407,0,0
0.82147216796875,-0.19264407877125592,14.928461637667075,0,0
0.8216552734375,-0.19248158857228556,14.929042094632443,0,0
0.82171630859375,-0.1923151670359679,14.929671318163773,0,0
0.821624755859375,-0.19214594823137496,14.93034903893481,0,0
0.82196044921875,-0.1919757501092762,14.931074988467056,0,0
0.821929931640625,-0.19180720551146968,14.931848899112108,0,0
0.8232421875,-0.1916437642451684,14.932670504034213,0,0
0.823974609375,-0.19148938089625067,14.933539537192907,0,0
0.824127197265625,-0.1913478874600344,14.934455733325793,0,0
0.8243408203125,-0.1912224099885801,14.935418827931464,0,0
0.824432373046875,-0.19111509510675875,14.936428557252547,0,0
0.82440185546875,-0.19102705466243147,14.937484658258896,0,0
0.824249267578125,-0.1909584168048943,14.938586868630857,0,0
0.824493408203125,-0.19090845012955157,14.939734926742725,0,0
0.824493408203125,-0.1908756670034277,14.940928571646285,0,0
0.824371337890625,-0.19085785654154797,14.942167543054486,0,0
0.82470703125,-0.1908521012887783,14.943451581325236,0,0
0.8231201171875,-0.1908548826720765,14.944780427445297,0,0
0.821990966796875,-0.19086256304007454,14.946153823014347,0,0
0.822052001953125,-0.19087236547568576,14.94757151022911,0,0
0.824310302734375,-0.19088316057033783,14.949033231867622,0,0
0.824188232421875,-0.19089524137315983,14.950538731273603,0,0
0.824310302734375,-0.19090941188703667,14.95208775234096,0,0
0.824127197265625,-0.1909263433116492,14.95368003949838,0,0
0.82427978515625,-0.190946431252086,14.955315337694051,0,0
0.82427978515625,-0.19096980283493895,14.956993392380468,0,0
0.824066162109375,-0.19099630472862247,14.958713949499383,0,0
0.82421875,-0.19102551521602673,14.960476755466827,0,0
0.82421875,-0.19105677135742385,14.962281557158262,0,0
0.82421875,-0.1910891501835552,14.964128101893817,0,0
0.82391357421875,-0.1911214457549991,14.966016137423662,0,0
0.826171875,-0.1911520635590231,14.967945411913426,0,0
0.826690673828125,-0.19117842866892643,14.96991567392979,0,0
0.826629638671875,-0.19119590449936164,14.971926672426116,0,0
0.826812744140625,-0.1911969138672594,14.973978156728212,0,0
0.8267822265625,-0.19117060980789738,14.976069876520187,0,0
0.826873779296875,-0.19110282382078136,14.978201581830405,0,0
0.824371337890625,-0.19097627962230282,14.980373023017522,0,0
0.824371337890625,-0.19077144394706191,14.98258395075664,0,0
0.82421875,-0.19046785946793232,14.98483411602555,0,0
0.824432373046875,-0.1900452368876447,14.987123270091038,0,0
0.82562255859375,-0.18948399723707063,14.989451164495353,0,0
0.826751708984375,-0.1887653621785666,14.991817551042697,0,0
0.826934814453125,-0.18787116119784766,14.99422218178584,0,0
0.826934814453125,-0.1867838295879322,14.996664809012824,0,0
0.828582763671875,-0.18548691498961992,14.99914518523375,0,0
0.8291015625,-0.18396577269640704,15.001663063167667,0,0
0.831512451171875,-0.18220808932919297,15.004218195729539,0,0
0.833221435546875,-0.18020418252480774,15.00681033601729,0,0
0.835418701171875,-0.17794711552256082,15.009439237298961,0,0
0.8380126953125,-0.1754327562991988,15.012104652999938,0,0
0.840789794921875,-0.17265984857843428,15.014806336690265,0,0
0.844757080078125,-0.16962996737233332,15.017544042072052,0,0
0.8477783203125,-0.16634725366435116,15.02031752296695,0,0
0.851715087890625,-0.16281804555058504,15.023126533303742,0,0
0.85565185546875,-0.15905058643178532,15.02597082710597,0,0
0.85992431640625,-0.15505478077284823,15.028850158479695,0,0
0.864715576171875,-0.1508418881040101,15.031764281601307,0,0
0.86944580078125,-0.14642411700339716,15.034712950705421,0,0
0.874114990234375,-0.1418141660085079,15.037695920072874,0,0
0.879058837890625,-0.13702485306671686,15.040712944018775,0,0
0.88427734375,-0.13206887864623731,15.043763776880652,0,0
0.8895263671875,-0.12695861907528327,15.046848173006683,0,0
0.894989013671875,-0.12170589454779712,15.049965886743992,0,0
0.900421142578125,-0.11632174550545601,15.053116672427029,0,0
0.905731201171875,-0.11081627451736774,15.056300284366042,0,0
0.91156005859375,-0.10519859329979755,15.05951647683561,0,0
0.91717529296875,-0.09947682651929632,15.062765004063253,0,0
0.923126220703125,-0.09365809771335007,15.06604562021814,0,0
0.928741455078125,-0.08774851725893304,15.069358079399857,0,0
0.9349365234375,-0.08175322083629323,15.072702135627251,0,0
0.940704345703125,-0.0756764441372418,15.076077542827361,0,0
0.94696044921875,-0.06952160923961127,15.07948405482442,0,0
0.952850341796875,-0.0632914355454706,15.082921425328923,0,0
0.959564208984375,-0.056988059478056484,15.086389407926802,0,0
0.965545654296875,-0.05061310468123459,15.089887756068633,0,0
0.971893310546875,-0.04416773639510597,15.093416223058949,0,0
0.97894287109375,-0.037652750281680934,15.096974562045629,0,0
0.98492431640625,-0.031068609792358252,15.100562526009341,0,0
0.991363525390625,-0.024415483392046813,15.104179867753071,0,0
0.99859619140625,-0.017693410775152983,15.107826339891734,0,0
1.00518798828125,-0.010902424319186713,15.111501694841845,0,0
1.011993408203125,-0.004042516068619238,15.115205684811285,0,0
1.0185546875,0.0028863424687110284,15.118938061789102,0,0
1.025421142578125,0.009884011624417446,15.122698577535441,0,0
1.032501220703125,0.016949926688577394,15.126486983571498,0,0
1.03948974609375,0.02408289673696918,15.130303031169577,0,0
1.047027587890625,0.03128100597869301,15.13414647134321,0,0
1.054046630859375,0.03854160795214405,15.138017054837347,0,0
1.0611572265625,0.04586133061990557,15.141914532118639,0,0
1.06842041015625,0.05323597254326044,15.145838653365766,0,0
1.0758056640625,0.06066031269083663,15.149789168459863,0,0
1.08306884765625,0.0681279419384872,15.15376582697501,0,0
1.09039306640625,0.0756311138927971,15.157768378168784,0,0
1.097503662109375,0.08316054344289382,15.16179657097291,0,0
1.10516357421875,0.09070514468255785,15.165850153983975,0,0
1.112152099609375,0.09825177017912896,15.16992887545419,0,0
1.11920166015625,0.10578492918427827,15.174032483282275,0,0
1.1331787109375,0.11328689301120656,15.178160725004373,0,0
1.1402587890625,0.12073924416099019,15.182313347785069,0,0
1.1473388671875,0.12812547590851353,15.186490098408457,0,0
1.1541748046875,0.13543261177727195,15.19069072326931,0,0
1.1612548828125,0.1426512973749457,15.194914968364296,0,0
1.16778564453125,0.14977538404872612,15.19916257928329,0,0
1.174346923828125,0.1568014835940035,15.203433301200747,0,0
1.180877685546875,0.16372844348392243,15.207726878867154,0,0
1.187408447265625,0.17055679149319777,15.212043056600569,0,0
1.193572998046875,0.17728822105524797,15.216381578278206,0,0
1.20037841796875,0.18392512280129797,15.220742187328128,0,0
1.2060546875,0.19047017075306058,15.225124626720993,0,0
1.21246337890625,0.19692591599314677,15.229528638961888,0,0
1.219207763671875,0.2032943926503579,15.233953966082238,0,0
1.225067138671875,0.20957690510121144,15.238400349631775,0,0
1.23101806640625,0.2157739490409574,15.242867530670612,0,0
1.2376708984375,0.22188507609278904,15.24735524976137,0,0
1.2435302734375,0.22790881561792753,15.251863246961396,0,0
1.249969482421875,0.2338427842883401,15.256391261815045,0,0
1.255950927734375,0.23968390287490898,15.260939033346062,0,0
1.261932373046875,0.245428660971033,15.26550630005001,0,0
1.2677001953125,0.2510733870014564,15.270092799886811,0,0
1.273468017578125,0.25661447681187255,15.274698270273342,0,0
1.279388427734375,0.2620486232590217,15.279322448076119,0,0
1.284454345703125,0.26737308686031463,15.28396506960406,0,0
1.28961181640625,0.2725858967939057,15.288625870601317,0,0
1.294830322265625,0.27768587562256175,15.293304586240223,0,0
1.299835205078125,0.28267259477001916,15.298000951114266,0,0
1.30474853515625,0.28754638297546165,15.302714699231196,0,0
1.309326171875,0.29230834494501,15.307445564006175,0,0
1.313995361328125,0.2969603191575053,15.31219327825503,0,0
1.318115234375,0.30150475996309567,15.316957574187594,0,0
1.3226318359375,0.3059445489548357,15.321738183401097,0,0
1.326934814453125,0.3102827924413015,15.326534836873687,0,0
1.330596923828125,0.3145226522700685,15.33134726495799,0,0
1.334686279296875,0.31866712025597516,15.336175197374788,0,0
1.3389892578125,0.3227187331004606,15.341018363206755,0,0
1.342620849609375,0.32667940040791976,15.345876490892312,0,0
1.346832275390625,0.3305503637680593,15.350749308219529,0,0
1.350311279296875,0.33433217999130915,15.355636542320134,0,0
1.35406494140625,0.338024690625581,15.360537919663628,0,0
1.357421875,0.34162694757386497,15.365453166051429,0,0
1.361083984375,0.34513709977513884,15.370382006611178,0,0
1.364166259765625,0.3485522879596549,15.375324165791081,0,0
1.36749267578125,0.35186853634013654,15.38027936735435,0,0
1.3709716796875,0.35508064725530813,15.385247334373748,0,0
1.374053955078125,0.3581821926399164,15.390227789226223,0,0
1.376983642578125,0.3611656017293391,15.39522045358761,0,0
1.37969970703125,0.3640222089643551,15.400225048427462,0,0
1.3828125,0.3667422368491222,15.40524129400392,0,0
1.385772705078125,0.36931486991181256,15.410268909858745,0,0
1.388336181640625,0.3717285223252728,15.415307614812388,0,0
1.39056396484375,0.3739711746974796,15.420357126959164,0,0
1.3929443359375,0.3760306198232327,15.425417163662546,0,0
1.39495849609375,0.3778946515342045,15.430487441550532,0,0
1.39739990234375,0.37955133364937216,15.43556767651111,0,0
1.399078369140625,0.38098942886028425,15.440657583687827,0,0
1.39996337890625,0.3821988798624162,15.445756877475455,0,0
1.401580810546875,0.38317112475039206,15.450865271515744,0,0
1.4024658203125,0.3838992942010892,15.455982478693288,0,0
1.402313232421875,0.384378425339908,15.461108211131489,0,0
1.402374267578125,0.38460549948145484,15.466242180188607,1,0
1.40240478515625,0.38457920481908486,15.471384096453932,0,0
1.402252197265625,0.38429970391170476,15.476533669744033,0,0
1.40228271484375,0.383768631386625,15.48169060909914,0,0
1.400238037109375,0.3829892146452933,15.486854622779601,0,0
1.39996337890625,0.38196622833908705,15.492025418262461,0,0
1.39801025390625,0.38070575611926777,15.497202702238136,0,0
1.396942138671875,0.3792149914810575,15.502386180607195,0,0
1.3948974609375,0.37750213250081976,15.507575558477251,0,0
1.3929443359375,0.3755762915852281,15.512770540159964,0,0
1.3905029296875,0.37344736059957834,15.517970829168137,0,0
1.388275146484375,0.371125814047192,15.523176128212926,0,0
1.3856201171875,0.3686225210321469,15.528386139201178,0,0
1.38299560546875,0.36594861779768173,15.533600563232845,0,0
1.3798828125,0.36311540544963006,15.538819100598547,0,0
1.376678466796875,0.36013420064583757,15.5440414507772,0,0
1.373748779296875,0.3570161284578755,15.54926731243383,0,0
1.370147705078125,0.35377194012725194,15.554496383417403,0,0
1.366912841796875,0.35041188166517623,15.559728360758857,0,0
1.363800048828125,0.34694560766109445,15.564962940669197,0,0
1.35968017578125,0.34338218067785603,15.570199818537738,0,0
1.35638427734375,0.33973007409909933,15.575438688930433,0,0
1.352447509765625,0.3359971038236907,15.58067924558834,0,0
1.348907470703125,0.33219038362620334,15.585921181426212,0,0
1.344818115234375,0.3283163405129505,15.591164188531188,0,0
1.34100341796875,0.324380724593463,15.596407958161612,0,0
1.337310791015625,0.32038861713903644,15.601652180745981,0,0
1.332855224609375,0.31634448230336587,15.606896545882014,0,0
1.328948974609375,0.3122521970708415,15.61214074233582,0,0
1.324615478515625,0.30811499252372776,15.617384458041222,0,0
1.32086181640625,0.3039353976075822,15.622627380099196,0,0
1.316802978515625,0.29971530466495844,15.627869194777416,0,0
1.3126220703125,0.29545616035139,15.633109587509956,0,0
1.307861328125,0.291159131091194,15.638348242897095,0,0
1.30340576171875,0.28682506323658286,15.64358484470526,0,0
1.29913330078125,0.2824542753667115,15.648819075867099,0,0
1.294647216796875,0.278046389552972,15.654050618481683,0,0
1.290191650390625,0.2736002768584167,15.659279153814836,0,0
1.285430908203125,0.26911401749329544,15.66450436229959,0,0
1.2811279296875,0.2645848156146191,15.669725923536808,0,0
1.27630615234375,0.2600089191407905,15.674943516295869,0,0
1.2718505859375,0.2553815823223818,15.680156818515577,0,0
1.26715087890625,0.25069705972974404,15.68536550730513,0,0
1.262420654296875,0.24594863279885842,15.690569258945263,0,0
1.25830078125,0.24112870533271238,15.695767748889526,0,0
1.253387451171875,0.23622904174857037,15.700960651765673,0,0
1.248809814453125,0.23124112684724416,15.706147641377239,0,0
1.2442626953125,0.22615654886142803,15.711328390705207,0,0
1.239013671875,0.22096740344509608,15.716502571909837,0,0
1.233856201171875,0.21566666370595655,15.721669856332648,0,0
1.228546142578125,0.21024840850296284,15.726829914498513,0,0
1.223480224609375,0.2047079873278331,15.731982416117924,0,0
1.218048095703125,0.19904227410106234,15.737127030089386,0,0
1.21209716796875,0.19324998508966323,15.742263424501964,0,0
1.206207275390625,0.18733188840353382,15.747391266637967,0,0
1.2001953125,0.18129084450299082,15.752510222975783,0,0
1.193695068359375,0.17513176321213286,15.757619959192862,0,0
1.1875,0.1688615035501338,15.762720140168854,0,0
1.181060791015625,0.16248873130304073,15.767810429988877,0,0
1.174346923828125,0.15602379259580978,15.772890491946953,0,0
1.16729736328125,0.14947854338207245,15.777959988549586,0,0
1.160919189453125,0.14286606150486691,15.783018581519494,0,0
1.1539306640625,0.13620035552709833,15.788065931799492,0,0
1.147003173828125,0.1294961534760188,15.793101699556537,0,0
1.139923095703125,0.12276866201607675,15.798125544185899,0,0
1.133544921875,0.11603327232305644,15.803137124315535,0,0
1.126373291015625,0.10930534791785304,15.808136097810568,0,0
1.11968994140625,0.10260009490300298,15.813122121777946,0,0
1.11279296875,0.09593239642222764,15.818094852571276,0,0
1.105987548828125,0.08931659820603842,15.823053945795772,0,0
1.0997314453125,0.08276631002063986,15.827999056313406,0,0
1.09283447265625,0.07629427704712369,15.832929838248182,0,0
1.086334228515625,0.06991227114204755,15.837845944991606,0,0
1.080047607421875,0.06363090963980927,15.842747029208288,0,0
1.0740966796875,0.05745948607598124,15.8476327428417,0,0
1.068023681640625,0.05140594182161444,15.852502737120147,0,0
1.06231689453125,0.04547694482915719,15.857356662562836,0,0
1.056427001953125,0.03967798833812084,15.86219416898615,0,0
1.050811767578125,0.034013462563483685,15.867014905510075,0,0
1.0452880859375,0.028486681200577818,15.8718185205648,0,0
1.040283203125,0.023099912070499648,15.876604661897453,0,0
1.03485107421875,0.017854478445112273,15.881372976579057,0,0
1.0299072265625,0.012750884774628365,15.886123111011596,0,0
1.02508544921875,0.007788901103571111,15.890854710935281,0,0
1.020416259765625,0.0029676576967561236,15.895567421435992,0,0
1.015838623046875,-0.0017142068637269747,15.900260886952859,0,0
1.011383056640625,-0.006258386774554758,15.904934751286033,0,0
1.006561279296875,-0.010666811011197624,15.909588657604626,0,0
1.00244140625,-0.014941672809731923,15.91422224845482,0,0
0.998199462890625,-0.019085540969050838,15.918835165768137,0,0
0.994171142578125,-0.023101436161783118,15.9234270508699,0,0
0.990234375,-0.026992864399644365,15.927997544487848,0,0
0.9864501953125,-0.030763851760063257,15.932546286760946,0,0
0.982879638671875,-0.03441896924558269,15.937072917248324,0,0
0.979461669921875,-0.037963313283621444,15.941577074938463,0,0
0.975738525390625,-0.04140245239709649,15.946058398258472,0,0
0.972412109375,-0.04474242291695732,15.950516525083605,0,0
0.9688720703125,-0.04798982174036803,15.954951092746922,0,0
0.966094970703125,-0.051151924879412794,15.95936173804913,0,0
0.962799072265625,-0.054236725641169825,15.963748097268596,0,0
0.959808349609375,-0.05725289728633452,15.968109806171555,0,0
0.957000732421875,-0.0602097618028066,15.97244650002247,0,0
0.953765869140625,-0.06311727728527569,15.97675781359459,0,0
0.951141357421875,-0.06598604191791005,15.981043381180674,0,0
0.948883056640625,-0.06882725937306844,15.98530283660388,0,0
0.945953369140625,-0.07165253008840436,15.989535813228871,0,0
0.943572998046875,-0.07447351940317584,15.993741943973053,0,0
0.94049072265625,-0.0773016786684738,15.997920861318027,0,0
0.938201904296875,-0.08014804947438545,16.002072197321198,0,0
0.935577392578125,-0.08302304907217126,16.00619558362757,0,0
0.933013916015625,-0.08593614472402018,16.010290651481725,0,0
0.930145263671875,-0.08889546697211378,16.01435703173997,0,0
0.9271240234375,-0.09190749739040507,16.018394354882673,0,0
0.9244384765625,-0.09497686984300657,16.022402251026776,0,0
0.921051025390625,-0.09810622115961748,16.02638034993848,0,0
0.917510986328125,-0.10129611800959389,16.03032828104612,0,0
0.91412353515625,-0.10454517772642749,16.034245673453213,0,0
0.91119384765625,-0.10785029551450168,16.038132155951683,0,0
0.907379150390625,-0.11120676496557949,16.041987357035275,0,0
0.903778076171875,-0.11460834533681316,16.045810904913147,0,0
0.900054931640625,-0.11804746546670909,16.049602427523624,0,0
0.896759033203125,-0.12151551653520307,16.053361552548147,0,0
0.892730712890625,-0.1250030870071222,16.05708790742541,0,0
0.889617919921875,-0.1285001448020377,16.06078111936565,0,0
0.885528564453125,-0.1319962070073868,16.064440815365135,0,0
0.88177490234375,-0.13548054278517066,16.068066622220837,0,0
0.87835693359375,-0.13894247150298988,16.071658166545237,0,0
0.87451171875,-0.14237167922843075,16.07521507478138,0,0
0.871429443359375,-0.1457584538398357,16.078736973218057,0,0
0.8677978515625,-0.1490938367266092,16.08222348800516,0,0
0.86456298828125,-0.1523697181831223,16.085674245169262,0,0
0.861541748046875,-0.15557890742072616,16.08908887062932,0,0
0.85797119140625,-0.15871517757981302,16.092466990212582,0,0
0.855072021484375,-0.1617733283647456,16.095808229670666,0,0
0.85223388671875,-0.16474928039366563,16.099112214695822,0,0
0.8492431640625,-0.16764010017646788,16.102378570937343,0,0
0.846405029296875,-0.17044396735659867,16.105606924018186,0,0
0.84368896484375,-0.1731601857389061,16.108796899551727,0,0
0.84100341796875,-0.17578922886191134,16.111948123158722,0,0
0.838714599609375,-0.17833275932879553,16.115060220484438,0,0
0.836395263671875,-0.1807935711761277,16.118132817215926,0,0
0.83404541015625,-0.18317544663160693,16.121165539099497,0,0
0.8319091796875,-0.18548299493599346,16.12415801195835,0,0
0.829925537109375,-0.1877215010645996,16.12710986171039,0,0
0.827911376953125,-0.1898967337426438,16.13002071438619,0,0
0.82635498046875,-0.19201467967870522,16.132890196147127,0,0
0.824493408203125,-0.19408119107549401,16.135717933303702,0,0
0.822296142578125,-0.19610161089681594,16.138503552334008,0,0
0.820404052734375,-0.19808054079055104,16.14124667990237,0,0
0.818603515625,-0.2000217755701685,16.143946942878163,0,0
0.81683349609375,-0.20192824637809362,16.146603968354743,0,0
0.8143310546875,-0.20380194994437487,16.149217383668624,0,0
0.812744140625,-0.20564400865922022,16.15178681641873,0,0
0.810699462890625,-0.20745484523015023,16.154311894485875,0,0
0.809173583984375,-0.20923430155448186,16.156792246052348,0,0
0.80694580078125,-0.21098168045424218,16.159227499621696,0,0
0.805633544921875,-0.21269580370126365,16.161617284038652,0,0
0.8038330078125,-0.21437506649978008,16.1639612285092,0,0
0.802032470703125,-0.21601743957695058,16.166258962620823,0,0
0.80010986328125,-0.21762052098853055,16.16851011636287,0,0
0.798736572265625,-0.2191817059497979,16.170714320147134,0,0
0.7969970703125,-0.220698358648843,16.172871204828482,0,0
0.79522705078125,-0.222167936272952,16.17498040172575,0,0
0.79437255859375,-0.22358811585189503,16.177041542642684,0,0
0.79217529296875,-0.22495688559408045,16.179054259889078,0,0
0.79168701171875,-0.2262725941140415,16.181018186302076,0,0
0.78973388671875,-0.22753398941401465,16.182932955267542,0,0
0.78924560546875,-0.22874021532201722,16.184798200741653,0,0
0.78717041015625,-0.22989079877454233,16.186613557272572,0,0
0.7872314453125,-0.23098566999435383,16.188378660022295,0,0
0.78558349609375,-0.2320251204298249,16.190093144788605,0,0
0.785003662109375,-0.23300966450757932,16.191756648027187,0,0
0.7841796875,-0.23393991228643618,16.193368806873863,0,0
0.7823486328125,-0.23481652792170726,16.19492925916694,0,0
0.7822265625,-0.2356403439252267,16.196437643469714,0,0
0.78240966796875,-0.23641245019392376,16.1978935990931,0,0
0.7799072265625,-0.23713400833935752,16.199296766118348,0,0
0.779693603515625,-0.2378061867884393,16.20064678541994,0,0
0.77960205078125,-0.23843044772714933,16.20194329868856,0,0
0.779693603515625,-0.2390085961366255,16.203185948454177,0,0
0.77825927734375,-0.23954240685678665,16.20437437810932,0,0
0.77752685546875,-0.24003342068271638,16.20550823193236,0,0
0.77740478515625,-0.2404831584624648,16.206587155110984,0,0
0.777496337890625,-0.24089331578488218,16.20761079376575,0,0
0.77734375,-0.24126559201304473,16.20857879497372,0,0
0.777252197265625,-0.24160130471203842,16.209490806792285,0,0
0.77569580078125,-0.24190114154106576,16.21034647828298,0,0
0.77484130859375,-0.24216537212515193,16.211145459535473,0,0
0.774871826171875,-0.2423944842977791,16.211887401691655,0,0
0.774749755859375,-0.24258972786898625,16.21257195696977,0,0
0.775146484375,-0.24275320848678622,16.2131987786887,0,0
0.774871826171875,-0.24288766644676404,16.21376752129228,0,0
0.775146484375,-0.2429961981828095,16.214277840373764,0,0
0.77532958984375,-0.24308201135241658,16.214729392700317,0,0
0.77484130859375,-0.24314820371025303,16.215121836237646,0,0
0.774993896484375,-0.2431976491225015,16.215454830174643,0,0
0.7750244140625,-0.2432330124048251,16.21572803494818,0,0
0.7750244140625,-0.24325674376656278,16.215941112267917,0,0
0.774932861328125,-0.24327102008826068,16.216093725141196,0,0
0.77490234375,-0.24327772591673186,16.216185537898056,0,0
0.774932861328125,-0.24327848301667734,16.216216216216214,0,1
0.774871826171875,-0.24327468059481802,16.21619973542403,0,0
0.77484130859375,-0.2432674996131765,16.216150406420482,0,0
0.774871826171875,-0.24325794767517744,16.21606839956142,0,0
0.774810791015625,-0.2432468961373587,16.215953885592285,0,0
0.774932861328125,-0.24323510446877383,16.21580703564127,0,0
0.77490234375,-0.24322322391239498,16.21562802121247,0,0
0.77471923828125,-0.24321180002374873,16.21541701417912,0,0
0.774993896484375,-0.24320130745757185,16.215174186776768,0,0
0.775054931640625,-0.24319216387267223,16.214899711596548,0,0
0.77484130859375,-0.24318467908055014,16.214593761578453,0,0
0.775054931640625,-0.24317902334349065,16.21425651000463,0,0
0.77490234375,-0.24317524642577182,16.213888130492705,0,0
0.775054931640625,-0.2431732879322607,16.213488796989147,0,0
0.774688720703125,-0.2431729902298283,16.21305868376263,0,0
0.77471923828125,-0.24317417546802333,16.212597965397467,0,0
0.775146484375,-0.24317674111585608,16.212106816787042,0,0
0.774993896484375,-0.24318063276099336,16.21158541312726,0,0
0.77471923828125,-0.24318573991740897,16.21103392991007,0,0
0.77496337890625,-0.24319189966401247,16.210452542916972,0,0
0.77508544921875,-0.24319895130702177,16.209841428212588,0,0
0.77496337890625,-0.2432066918073457,16.20920076213823,0,0
0.77490234375,-0.24321480744284293,16.20853072130554,0,0
0.775177001953125,-0.24322286868224563,16.207831482590123,0,0
0.775177001953125,-0.24323029985261954,16.20710322312523,0,0
0.77484130859375,-0.24323630598680748,16.20634612029548,0,0
0.774810791015625,-0.2432398966616324,16.20556035173058,0,0
0.7750244140625,-0.24324000998351536,16.204746095299125,0,0
0.77459716796875,-0.24323559863188055,16.203903529102398,0,0
0.77471923828125,-0.24322569491411344,16.2030328314682,0,0
0.77490234375,-0.24320950371064948,16.202134180944746,0,0
0.774658203125,-0.24318644221392877,16.201207756294558,0,0
0.775146484375,-0.243156115907848,16.2002537364884,0,0
0.775115966796875,-0.24311825432692036,16.199272300699278,0,0
0.774810791015625,-0.2430726254744049,16.198263628296434,0,0
0.775115966796875,-0.24301904105623967,16.197227898839387,0,0
0.7747802734375,-0.242957459623457,16.196165292072028,0,0
0.7750244140625,-0.2428880941785329,16.195075987916713,0,0
0.77496337890625,-0.24281150348052313,16.193960166468443,0,0
0.775054931640625,-0.24272865741361774,16.192818007989025,0,0
0.775115966796875,-0.24264097783296246,16.1916496929013,0,0
0.775054931640625,-0.24255038320837344,16.190455401783414,0,0
0.775177001953125,-0.24245935117189715,16.18923531536309,0,0
0.77508544921875,-0.2423709964880372,16.187989614511977,0,0
0.776641845703125,-0.24228904511697147,16.18671848024002,0,0
0.777801513671875,-0.24221739103141063,16.18542209368985,0,0
0.7777099609375,-0.24215916888742103,16.184100636131234,0,0
0.777740478515625,-0.2421158826053955,16.182754288955554,0,0
0.777587890625,-0.24208705551382767,16.181383233670335,0,0
0.777557373046875,-0.24207026239080165,16.179987651893782,0,0
0.77752685546875,-0.24206125240373866,16.17856772534939,0,0
0.777435302734375,-0.24205405845611055,16.17712363586056,0,0
0.777587890625,-0.2420410794818636,16.17565556534529,0,0
0.777679443359375,-0.242013115252759,16.17416369581087,0,0
0.777435302734375,-0.24195936496190767,16.172648209348615,0,0
0.777435302734375,-0.24186748939812436,16.1711092881287,0,0
0.777374267578125,-0.2417237904311493,16.16954711439493,0,0
0.777496337890625,-0.2415134400537447,16.167961870459646,0,0
0.77734375,-0.2412207200302563,16.16635373869861,0,0
0.777191162109375,-0.24082934382351748,16.164722901545954,0,0
0.7794189453125,-0.24032277389271628,16.16306954148917,0,0
0.779632568359375,-0.23968416578359938,16.161393841064125,0,0
0.779998779296875,-0.23889599538895873,16.15969598285013,0,0
0.779815673828125,-0.2379400327840258,16.15797614946505,0,0
0.781982421875,-0.23679784079453164,16.156234523560443,0,0
0.782562255859375,-0.23545124250241636,16.154471287816744,0,0
0.7833251953125,-0.2338825711303255,16.15268662493849,0,0
0.78466796875,-0.2320751149681737,16.150880717649606,0,0
0.78680419921875,-0.23001380902806629,16.149053748688683,0,0
0.788909912109375,-0.2276857769200221,16.14720590080434,0,0
0.7913818359375,-0.22508060955867587,16.145337356750627,0,0
0.794036865234375,-0.22219056605776513,16.143448299282436,0,0
0.797698974609375,-0.21901075420737956,16.141538911150974,0,0
0.8011474609375,-0.21553916945931118,16.139609375099294,0,0
0.80499267578125,-0.21177657310780512,16.137659873857835,0,0
0.80975341796875,-0.20772630578856155,16.135690590140015,0,0
0.814239501953125,-0.20339399950669007,16.133701706637886,0,0
0.819305419921875,-0.19878715317552592,16.131693406017792,0,0
0.8243408203125,-0.19391468915881427,16.12966587091611,0,0
0.829681396484375,-0.1887865742527493,16.127619283934994,0,0
0.835540771484375,-0.18341348645666478,16.1255538276382,0,0
0.84124755859375,-0.17780647106199088,16.12346968454691,0,0
0.84661865234375,-0.1719766380729131,16.12136703713564,0,0
0.8531494140625,-0.16593504349562394,16.119246067828165,0,0
0.85931396484375,-0.1596926755272653,16.11710695899348,0,0
0.865692138671875,-0.15326037989750174,16.114949892941834,0,0
0.872344970703125,-0.14664878431412132,16.112775051920764,0,0
0.87921142578125,-0.13986827986012612,16.11058261811122,0,0
0.886077880859375,-0.13292899431611355,16.10837277362368,0,0
0.893280029296875,-0.12584074961725242,16.10614570049436,0,0
0.900665283203125,-0.11861301195628746,16.103901580681406,0,0
0.907958984375,-0.11125480699760833,16.1016405960612,0,0
0.915283203125,-0.10377464606500361,16.099362928424636,0,0
0.922943115234375,-0.09618053698569237,16.097068759473494,0,0
0.930572509765625,-0.08848004433438075,16.094758270816826,0,0
0.9384765625,-0.08068032328810369,16.092431643967398,0,0
0.946197509765625,-0.07278812477956921,16.090089060338162,0,0
0.953826904296875,-0.06480984308005791,16.087730701238772,0,0
0.962493896484375,-0.05675162720339941,16.085356747872176,0,0
0.970001220703125,-0.048619447962803757,16.082967381331184,0,0
0.978363037109375,-0.0404191199628611,16.080562782595145,0,0
0.98638916015625,-0.03215639884429647,16.078143132526627,0,0
0.994659423828125,-0.023837128325650034,16.075708611868148,0,0
1.002960205078125,-0.015467368243057125,16.07325940123895,0,0
1.011260986328125,-0.007053507608802509,16.070795681131823,0,0
1.019500732421875,0.0013976198417718771,16.068317631909967,0,0
1.0279541015625,0.00987859371506973,16.065825433803873,0,0
1.036376953125,0.018381258611660276,16.06331926690829,0,0
1.045074462890625,0.02689663105131561,16.060799311179203,0,0
1.053619384765625,0.03541489902193787,16.058265746430855,0,0
1.0626220703125,0.04392552717023006,16.055718752332826,0,0
1.07086181640625,0.05241745172612998,16.05315850840713,0,0
1.079620361328125,0.06087927698311103,16.050585194025388,0,0
1.088104248046875,0.06929941310943191,16.047998988406018,0,0
1.0965576171875,0.07766620493926758,16.045400070611453,0,0
1.105010986328125,0.0859680766031708,16.042788619545455,0,0
1.113372802734375,0.09419367589997393,16.0401648139504,0,0
1.12152099609375,0.10233202271242231,16.03752883240467,0,0
1.129638671875,0.110372638163732,16.03488085332003,0,0
1.137908935546875,0.1183056558730349,16.032221054939097,0,0
1.1458740234375,0.12612198671264274,16.02954961533282,0,0
1.15350341796875,0.13381353698739412,16.026866712398,0,0
1.160888671875,0.14137335134850593,16.024172523854872,0,0
1.168487548828125,0.1487956145473824,16.021467227244703,0,0
1.175872802734375,0.15607562280954493,16.01875099992746,0,0
1.183441162109375,0.16320986393843698,16.016024019079488,0,0
1.1903076171875,0.170196216086928,16.01328646169125,0,0
1.19683837890625,0.17703411623431997,16.010538504565112,0,0
1.203338623046875,0.18372452278547358,16.007780324313142,0,0
1.2100830078125,0.1902697140612843,16.00501209735498,0,0
1.216064453125,0.1966731088546207,16.002233999915735,0,0
1.222503662109375,0.2029391387365769,15.999446208023906,0,0
1.228515625,0.20907312058046598,15.99664889750939,0,0
1.234344482421875,0.21508114487320318,15.993842244001478,0,0
1.240325927734375,0.220969964675328,15.991026422926918,0,0
1.24542236328125,0.22674683728395123,15.988201609508032,0,0
1.250885009765625,0.232419251784053,15.985367978760824,0,0
1.256683349609375,0.23799455966372066,15.982525705493194,0,0
1.26214599609375,0.24347971695920184,15.979674964303136,0,0
1.267364501953125,0.2488812187092369,15.976815929577006,0,0
1.27264404296875,0.254205051360462,15.973948775487818,0,0
1.277740478515625,0.2594565666863023,15.971073675993585,0,0
1.282958984375,0.2646403341913964,15.968190804835698,0,0
1.28826904296875,0.2697600434594459,15.965300335537341,0,0
1.293212890625,0.274818494532533,15.962402441401952,0,0
1.298583984375,0.2798176537180682,15.959497295511717,0,0
1.303314208984375,0.2847587371490278,15.956585070726108,0,0
1.308685302734375,0.28964231266342694,15.953665939680457,0,0
1.31365966796875,0.29446844784590587,15.950740074784559,0,0
1.318328857421875,0.2992369144953908,15.947807648221344,0,0
1.3232421875,0.30394735546519297,15.944868831945554,0,0
1.327880859375,0.3085993658302086,15.941923797682467,0,0
1.3323974609375,0.3131925409386828,15.938972716926685,0,0
1.337158203125,0.3177265030731485,15.93601576094092,0,0
1.3416748046875,0.3222009344483567,15.93305310075485,0,0
1.34576416015625,0.32661562828303503,15.930084907163991,0,0
1.35028076171875,0.3309704693629882,15.927111350728623,0,0
1.3546142578125,0.3352653535066696,15.92413260177275,0,0
1.358642578125,0.33950014650183513,15.92114883038309,0,0
1.36260986328125,0.34367463266048953,15.91816020640811,0,0
1.36663818359375,0.34778836221768694,15.915166899457098,0,0
1.370635986328125,0.35184045521162155,15.912169078899264,0,0
1.374237060546875,0.35582942672315515,15.90916691386289,0,0
1.37823486328125,0.35975299861002685,15.906160573234517,0,0
1.381927490234375,0.36360790234595786,15.903150225658148,0,0
1.38580322265625,0.36738974230977295,15.900136039534521,0,0
1.389495849609375,0.3710929375003917,15.89711818302038,0,0
1.393524169921875,0.3747107448285122,15.894096824027825,0,0
1.396759033203125,0.3782353705882049,15.891072130223664,0,0
1.400115966796875,0.38165806853694256,15.888044269028818,0,0
1.403533935546875,0.3849691243089454,15.88501340761775,0,0
1.406646728515625,0.38815780270319866,15.881979712917959,0,0
1.41009521484375,0.39121236981276936,15.878943351609454,0,0
1.4129638671875,0.39412021187517005,15.875904490124336,0,0
1.4156494140625,0.39686799393082123,15.872863294646349,0,0
1.418731689453125,0.3994417886479035,15.869819931110516,0,0
1.42144775390625,0.4018272591912161,15.86677456520277,0,0
1.42364501953125,0.4040099828377243,15.863727362359661,0,0
1.425933837890625,0.40597579261660466,15.860678487768057,0,0
1.427703857421875,0.4077110370722037,15.857628106364917,0,0
1.42919921875,0.4092027811512044,15.854576382837063,0,0
1.431365966796875,0.41043900493088503,15.851523481621026,0,0
1.4320068359375,0.4114089061520732,15.848469566902885,0,0
1.432342529296875,0.4121032061753997,15.845414802618182,0,0
1.434417724609375,0.4125143051390278,15.842359352451819,0,0
1.434478759765625,0.4126365884262823,15.83930337983806,1,0
1.434112548828125,0.41246700647774326,15.836247047960498,0,0
1.43170166015625,0.4120053067269576,15.83319051975209,0,0
1.43182373046875,0.4112535221187621,15.83013395789523,0,0
1.430877685546875,0.4102152850389715,15.827077524821833,0,0
1.42926025390625,0.408895606138151,15.824021382713477,0,0
1.427154541015625,0.407300879817933,15.820965693501565,0,0
1.425567626953125,0.40543868454712784,15.81791061886751,0,0
1.423248291015625,0.403317509859362,15.814856320242978,0,0
1.42095947265625,0.4009466203856591,15.811802958810144,0,0
1.41839599609375,0.39833600618525955,15.808750695501992,0,0
1.41558837890625,0.39549636290037254,15.805699691002635,0,0
1.412322998046875,0.3924390807386242,15.802650105747686,0,0
1.4085693359375,0.3891761429944232,15.799602099924643,0,0
1.405303955078125,0.3857198752472057,15.79655583347331,0,0
1.401336669921875,0.38208265917139117,15.793511466086267,0,0
1.397674560546875,0.37827672914308536,15.790469157209348,0,0
1.39361572265625,0.3743140419959505,15.787429066042167,0,0
1.389129638671875,0.37020616241769283,15.784391351538668,0,0
1.3848876953125,0.36596408854708135,15.7813561724077,0,0
1.3807373046875,0.3615980454493038,15.778323687113657,0,0
1.376251220703125,0.35711739560874806,15.775294053877097,0,0
1.3714599609375,0.3525306590328489,15.772267430675432,0,0
1.366729736328125,0.34784548142138527,15.769243975243645,0,0
1.3623046875,0.3430685425856516,15.766223845075007,0,0
1.35736083984375,0.33820554881612624,15.76320719742187,0,0
1.352630615234375,0.3332613308376982,15.760194189296454,0,0
1.347503662109375,0.3282399445996274,15.75718497747169,0,0
1.342620849609375,0.3231447346688286,15.754179718482062,0,0
1.337799072265625,0.31797841667253224,15.751178568624523,0,0
1.3321533203125,0.31274321325923965,15.7481816839594,0,0
1.326904296875,0.30744093062628297,15.745189220311357,0,0
1.32171630859375,0.3020729089712611,15.742201333270367,0,0
1.316619873046875,0.2966400156423241,15.739218178192736,0,0
1.311492919921875,0.2911428274213706,15.736239910202134,0,0
1.30560302734375,0.285581913832736,15.733266684190669,0,0
1.299896240234375,0.279958001343395,15.730298654819993,0,0
1.2938232421875,0.27427189660020673,15.727335976522424,0,0
1.288421630859375,0.26852427736885015,15.724378803502114,0,0
1.283111572265625,0.2627155990416575,15.721427289736228,0,0
1.277313232421875,0.25684627102969526,15.718481588976163,0,0
1.271514892578125,0.2509169744535499,15.715541854748805,0,0
1.265350341796875,0.24492888287985043,15.712608240357788,0,0
1.2593994140625,0.2388837208760323,15.709680898884812,0,0
1.2529296875,0.23278371573708082,15.70675998319096,0,0
1.247100830078125,0.22663149511939507,15.70384564591807,0,0
1.24078369140625,0.22043000792492837,15.700938039490124,0,0
1.234405517578125,0.21418250424241805,15.698037316114656,0,0
1.227691650390625,0.20789246385616553,15.695143627784207,0,0
1.22119140625,0.20156336945689463,15.692257126277788,0,0
1.21502685546875,0.19519841443254776,15.689377963162393,0,0
1.208251953125,0.18880030362189848,15.686506289794519,0,0
1.201904296875,0.18237113697558688,15.683642257321722,0,0
1.195587158203125,0.17591230720156897,15.680786016684213,0,0
1.188751220703125,0.16942444107065097,15.67793771861645,0,0
1.182952880859375,0.16290739655679448,15.675097513648804,0,0
1.176361083984375,0.15636035606260262,15.672265552109195,0,0
1.1700439453125,0.14978205206002454,15.669441984124811,0,0
1.163848876953125,0.14317103664831696,15.666626959623816,0,0
1.15771484375,0.13652599347001793,15.663820628337099,0,0
1.151123046875,0.12984614972102992,15.661023139800058,0,0
1.144744873046875,0.12313169069092664,15.658234643354385,0,0
1.137939453125,0.1163840672263296,15.655455288149914,0,0
1.131256103515625,0.10960618587652574,15.652685223146467,0,0
1.12457275390625,0.10280250902689592,15.64992459711573,0,0
1.117401123046875,0.09597909312939581,15.647173558643173,0,0
1.110504150390625,0.08914353225705358,15.644432256129985,0,0
1.1038818359375,0.08230481357278889,15.641700837795026,0,0
1.0968017578125,0.07547320813669997,15.638979451676821,0,0
1.089630126953125,0.06866018663098668,15.636268245635573,0,0
1.082305908203125,0.06187818174123396,15.63356736735521,0,0
1.075531005859375,0.055140163690422093,15.63087696434544,0,0
1.069000244140625,0.048459229371690365,15.628197183943854,0,0
1.062286376953125,0.04184839117973055,15.625528173318035,0,0
1.055267333984375,0.03532048219369302,15.622870079467715,0,0
1.04840087890625,0.02888793016596638,15.620223049226933,0,0
1.04205322265625,0.022562344654846356,15.617587229266244,0,0
1.036102294921875,0.0163541404896239,15.614962766094923,0,0
1.0294189453125,0.01027235559019285,15.612349806063238,0,0
1.023468017578125,0.004324512324071841,15.609748495364695,0,0
1.01763916015625,-0.001483610959051404,15.607158980038365,0,0
1.01202392578125,-0.007148172179458248,15.604581405971185,0,0
1.00628662109375,-0.012667345926443696,15.602015918900324,0,0
1.00115966796875,-0.01804137378073571,15.59946266441555,0,0
0.995941162109375,-0.023272588868902266,15.596921787961632,0,0
0.99053955078125,-0.028365396068750492,15.59439343484077,0,0
0.985870361328125,-0.03332628483198681,15.59187775021505,0,0
0.98138427734375,-0.03816383288190607,15.589374879108904,0,0
0.977081298828125,-0.042888526781293346,15.586884966411628,0,0
0.972991943359375,-0.047512366872064046,15.584408156879908,0,0
0.96844482421875,-0.05204838184563633,15.581944595140364,0,0
0.9644775390625,-0.0565101903240553,15.579494425692138,0,0
0.960235595703125,-0.06091164071414379,15.577057792909484,0,0
0.95623779296875,-0.06526646401916476,15.574634841044407,0,0
0.9525146484375,-0.06958788991914946,15.572225714229308,0,0
0.948516845703125,-0.07388818806634757,15.569830556479676,0,0
0.944122314453125,-0.0781781884495327,15.567449511696765,0,0
0.940155029296875,-0.08246694063951573,15.565082723670344,0,0
0.93609619140625,-0.08676150908356305,15.562730336081444,0,0
0.931427001953125,-0.09106679631608039,15.560392492505128,0,0
0.92730712890625,-0.09538544992070855,15.558069336413311,0,0
0.922576904296875,-0.09971791369280206,15.555761011177559,0,0
0.918060302734375,-0.10406257869421572,15.553467660071975,0,0
0.913238525390625,-0.10841603777381362,15.551189426276052,0,0
0.908905029296875,-0.11277343105754536,15.548926452877579,0,0
0.90460205078125,-0.11712875565830264,15.54667888287558,0,0
0.899688720703125,-0.12147506707363778,15.544446859183251,0,0
0.89508056640625,-0.12580470864763746,15.542230524630952,0,0
0.89080810546875,-0.13010966552755587,15.540030021969189,0,0
0.886322021484375,-0.13438189865121736,15.537845493871663,0,0
0.88201904296875,-0.13861356260878172,15.535677082938305,0,0
0.8775634765625,-0.14279719149022435,15.533524931698356,0,0
0.873809814453125,-0.1469258820422017,15.531389182613484,0,0
0.869659423828125,-0.15099338232396023,15.529269978080878,0,0
0.865478515625,-0.1549940824681697,15.527167460436432,0,0
0.861968994140625,-0.1589230152441946,15.525081771957908,0,0
0.85748291015625,-0.16277588679317848,15.523013054868132,0,0
0.8544921875,-0.16654910922625563,15.520961451338225,0,0
0.850433349609375,-0.17023979458068916,15.518927103490864,0,0
0.847412109375,-0.17384565523648518,15.516910153403543,0,0
0.84356689453125,-0.1773648578080582,15.514910743111884,0,0
0.84033203125,-0.1807959202114102,15.512929014612963,0,0
0.837432861328125,-0.1841376430189502,15.51096510986866,0,0
0.833526611328125,-0.18738901559510385,15.509019170809042,0,0
0.83087158203125,-0.1905491647623692,15.507091339335762,0,0
0.827789306640625,-0.19361737468403298,15.505181757325477,0,0
0.824859619140625,-0.19659304687430773,15.503290566633323,0,0
0.821929931640625,-0.19947561725024274,15.501417909096382,0,0
0.819061279296875,-0.20226454504394364,15.499563926537181,0,0
0.81640625,-0.20495936517367996,15.497728760767234,0,0
0.813751220703125,-0.2075597499133207,15.495912553590586,0,0
0.811431884765625,-0.21006554379851486,15.494115446807406,0,0
0.80889892578125,-0.21247675839470576,15.492337582217596,0,0
0.80712890625,-0.21479352029679902,15.490579101624398,0,0
0.804443359375,-0.21701596794672903,15.488840146838093,0,0
0.802276611328125,-0.21914419306370436,15.487120859679651,0,0
0.7998046875,-0.22117836104649333,15.485421381984457,0,0
0.7982177734375,-0.22311895295178066,15.483741855606063,0,0
0.796600341796875,-0.2249669072495023,15.482082422419909,0,0
0.794586181640625,-0.22672356699602528,15.480443224327164,0,0
0.79278564453125,-0.22839061135354521,15.478824403258503,0,0
0.791748046875,-0.22997009529552825,15.477226101177974,0,0
0.78955078125,-0.23146447923825036,15.47564846008685,0,0
0.788665771484375,-0.23287663466721445,15.474091622027528,0,0
0.787445068359375,-0.2342098592335423,15.472555729087468,0,0
0.786102294921875,-0.2354677999247434,15.471040923403123,0,0
0.784881591796875,-0.23665434207727182,15.469547347163926,0,0
0.783905029296875,-0.23777358999608586,15.468075142616282,0,0
0.782745361328125,-0.23882987994120128,15.466624452067624,0,0
0.78240966796875,-0.2398277294490159,15.465195417890431,0,0
0.7801513671875,-0.2407717589418421,15.46378818252636,0,0
0.78009033203125,-0.2416667603498929,15.46240288849032,0,0
0.780029296875,-0.2425178022681323,15.461039678374641,0,0
0.777740478515625,-0.24333008779445425,15.459698694853222,0,0
0.777679443359375,-0.2441088508835692,15.458380080685744,0,0
0.77740478515625,-0.24485948341311572,15.45708397872188,0,0
0.776702880859375,-0.24558746505520812,15.45581053190556,0,0
0.775115966796875,-0.24629811703942214,15.45455988327925,0,0
0.774993896484375,-0.24699662713585877,15.45333217598826,0,0
0.775177001953125,-0.24768817546674626,15.452127553285075,0,0
0.7747802734375,-0.24837766726180951,15.450946158533746,0,0
0.7728271484375,-0.24906925615904701,15.449788135214257,0,0
0.772613525390625,-0.24976626615092212,15.44865362692697,0,0
0.772796630859375,-0.2504714118010547,15.447542777397077,0,0
0.77154541015625,-0.25118673143247755,15.446455730479082,0,0
0.770294189453125,-0.25191336003653625,15.44539263016131,0,0
0.76971435546875,-0.25265163655534284,15.444353620570467,0,0
0.769500732421875,-0.25340137079956215,15.443338845976196,0,0
0.76751708984375,-0.2541619272328936,15.442348450795693,0,0
0.767852783203125,-0.2549322872785171,15.44138257959834,0,0
0.7672119140625,-0.25571111349396947,15.440441377110359,0,0
0.76531982421875,-0.25649665041124103,15.439524988219535,0,0
0.76519775390625,-0.257286734915556,15.438633557979903,0,0
0.76483154296875,-0.25807896832856764,15.437767231616554,0,0
0.762603759765625,-0.2588707494126843,15.436926154530374,0,0
0.762664794921875,-0.259659364623707,15.436110472302909,0,0
0.762603759765625,-0.2604421794429981,15.435320330701188,0,0
0.760223388671875,-0.2612165918955997,15.434555875682634,0,0
0.760223388671875,-0.26198001796801246,15.43381725339995,0,0
0.760101318359375,-0.26273008969732625,15.433104610206097,0,0
0.75823974609375,-0.26346466765753085,15.432418092659264,0,0
0.757720947265625,-0.26418180498875826,15.431757847527882,0,0
0.757965087890625,-0.2648799092883544,15.431124021795677,0,0
0.757598876953125,-0.26555766927807867,15.430516762666745,0,0
0.75518798828125,-0.2662137255983194,15.429936217570686,0,0
0.754913330078125,-0.26684676230774756,15.429382534167726,0,0
0.7550048828125,-0.26745599994777464,15.428855860353924,0,0
0.75518798828125,-0.26804129783699854,15.428356344266378,0,0
0.753997802734375,-0.26860270910124173,15.42788413428849,0,0
0.752777099609375,-0.26914016623872605,15.427439379055231,0,0
0.7529296875,-0.26965366243267425,15.427022227458496,0,0
0.752655029296875,-0.27014350005150267,15.426632828652433,0,0
0.752777099609375,-0.2706101615645423,15.426271332058851,0,0
0.752685546875,-0.2710538894260984,15.425937887372656,0,0
0.752777099609375,-0.2714741919269257,15.425632644567314,0,0
0.75048828125,-0.2718695107363529,15.425355753900343,0,0
0.750274658203125,-0.27223742743812285,15.425107365918866,0,0
0.750274658203125,-0.2725752941755589,15.424887631465193,0,0
0.75048828125,-0.27288058578899227,15.424696701682421,0,0
0.750244140625,-0.2731507205261208,15.42453472802011,0,0
0.750457763671875,-0.2733827081108536,15.424401862239947,0,0
0.75042724609375,-0.2735728479088934,15.424298256421494,0,0
0.750091552734375,-0.2737164862173238,15.424224062967962,0,0
0.750701904296875,-0.2738078537649924,15.424179434612014,0,0
0.750640869140625,-0.2738399052180117,15.424164524421593,0,1
0.750396728515625,-0.2738041248013813,15.424280585024993,0,0
0.7503662109375,-0.27369048693382897,15.424627755196564,0,0
0.7503662109375,-0.2734876482141535,15.425204532855588,0,0
0.750396728515625,-0.2731832341647915,15.426009436064506,0,0
0.750457763671875,-0.2727641605782841,15.42704100258529,0,0
0.75286865234375,-0.272216855297219,15.428297789442972,0,0
0.752838134765625,-0.2715270743407795,15.429778372496179,0,0
0.7530517578125,-0.27067952043569266,15.43148134601442,0,0
0.754852294921875,-0.26965783318753467,15.433405322262,0,0
0.754974365234375,-0.26844486674587664,15.435548931088304,0,0
0.75677490234375,-0.26702295262891135,15.437910819524346,0,0
0.7572021484375,-0.2653742539639641,15.440489651385331,0,0
0.75958251953125,-0.26348126537967653,15.443284106879128,0,0
0.761016845703125,-0.26132730988928166,15.446292882220442,0,0
0.763092041015625,-0.2588969702481429,15.449514689250533,0,0
0.765472412109375,-0.2561765577037608,15.452948255062323,0,0
0.768402099609375,-0.25315462379919557,15.456592321630769,0,0
0.77130126953125,-0.2498223934534133,15.46044564544827,0,0
0.775238037109375,-0.24617409756794953,15.464506997165055,0,0
0.77960205078125,-0.24220715318517666,15.468775161234339,0,0
0.784088134765625,-0.2379220791532931,15.473248935562157,0,0
0.789306640625,-0.23332219390548328,15.477927131161687,0,0
0.79425048828125,-0.22841322770705508,15.482808571811976,0,0
0.79998779296875,-0.22320293081070366,15.48789209372091,0,0
0.8056640625,-0.21770070826808458,15.493176545192325,0,0
0.81170654296875,-0.21191727321683926,15.498660786297089,0,0
0.81817626953125,-0.2058643152598104,15.504343688548111,0,0
0.82501220703125,-0.1995541425099267,15.510224134579067,0,0
0.831817626953125,-0.1929992411220644,15.516301017826805,0,0
0.8387451171875,-0.18621182315845392,15.52257324221727,0,0
0.845947265625,-0.17920348355309718,15.529039721854868,0,0
0.85296630859375,-0.1719849958589978,15.535699380715133,0,0
0.86029052734375,-0.16456624946215398,15.542551152340618,0,0
0.86798095703125,-0.1569563132912501,15.54959397953988,0,0
0.87530517578125,-0.1491635570823894,15.556826814089517,0,0
0.88336181640625,-0.14119581671979112,15.564248616439063,0,0
0.89166259765625,-0.13306057493879692,15.571858355418746,0,0
0.900054931640625,-0.12476502679941859,15.579655007949958,0,0
0.908172607421875,-0.11631603900885676,15.587637558758336,0,0
0.9163818359375,-0.10772020866469839,15.595805000089436,0,0
0.925140380859375,-0.09898411550822199,15.604156331426818,0,0
0.9337158203125,-0.090114633811172,15.612690559212544,0,0
0.9425048828125,-0.0811191971886093,15.621406696569938,0,0
0.95172119140625,-0.07200603693775794,15.630303763028579,0,0
0.960906982421875,-0.06278436153848141,15.639380784251419,0,0
0.970489501953125,-0.053464412292083256,15.648636791763952,0,0
0.97998046875,-0.044057404420102156,15.658070822685369,0,0
0.9896240234375,-0.03457539848419775,15.66768191946162,0,0
0.999481201171875,-0.025031136922055823,15.67746912960031,0,0
1.008880615234375,-0.015437868201294773,15.68743150540736,0,0
1.018402099609375,-0.005809237243069615,15.697568103725377,0,0
1.0284423828125,0.003840711914941869,15.707877985673628,0,0
1.037689208984375,0.013497521790828318,15.718360216389613,0,0
1.04736328125,0.023146312298657087,15.729013864772119,0,0
1.056671142578125,0.032771673380206395,15.739838003225726,0,0
1.066314697265625,0.0423574775372776,15.750831707406682,0,0
1.0750732421875,0.05188666084831685,15.761994055970122,0,0
1.084228515625,0.06134089220812289,15.773324130318525,0,0
1.09326171875,0.07070009980145167,15.784821014351401,0,0
1.1104736328125,0.07994260454136573,15.796483794216122,0,0
1.1190185546875,0.08904716382489221,15.808311558059867,0,0
1.127288818359375,0.09799620083023122,15.820303395782602,0,0
1.13531494140625,0.10677763922353627,15.832458398791069,0,0
1.143280029296875,0.11538473034863861,15.844775659753735,0,0
1.151611328125,0.12381523591441165,15.857254272356627,0,0
1.1595458984375,0.13207076456312455,15.869893331060041,0,0
1.167022705078125,0.14015628290282767,15.882691930856057,0,0
1.17437744140625,0.14807960697110734,15.895649167026832,0,0
1.18206787109375,0.15585078088795,15.908764134903619,0,0
1.18896484375,0.1634814627107976,15.922035929626462,0,0
1.196319580078125,0.1709843642276424,15.935463645904557,0,0
1.2037353515625,0.17837273240518028,15.949046377777215,0,0
1.21063232421875,0.18565995446474884,15.962783218375396,0,0
1.217681884765625,0.19285926052601374,15.976673259683785,0,0
1.22454833984375,0.19998339938391235,15.990715592303374,0,0
1.231414794921875,0.20704428394031865,16.0049093052145,0,0
1.2386474609375,0.21405268090038188,16.019253485540343,0,0
1.245513916015625,0.2210180179345535,16.033747218310808,0,0
1.25262451171875,0.22794831649214742,16.04838958622681,0,0
1.259552001953125,0.2348501845348623,16.063179669424876,0,0
1.266571044921875,0.24172883456519367,16.078116545242114,0,0
1.27349853515625,0.24858812354275456,16.09319928798144,0,0
1.280731201171875,0.25543062427109764,16.108426968677094,0,0
1.287139892578125,0.2622577257024907,16.12379865486041,0,0
1.294189453125,0.2690696745268494,16.139313410325798,0,0
1.30145263671875,0.2758655608096606,16.15497029489697,0,0
1.308197021484375,0.2826434136527188,16.170768364193297,0,0
1.3148193359375,0.2894003803513188,16.186706669396376,0,0
1.321746826171875,0.2961327950342846,16.202784257016745,0,0
1.3287353515625,0.302836176424058,16.219000168660724,0,0
1.3350830078125,0.3095052888997923,16.235353440797386,0,0
1.34173583984375,0.31613418095136364,16.251843104525634,0,0
1.34869384765625,0.32271613429866913,16.268468185341366,0,0
1.355438232421875,0.32924368806290427,16.285227702904745,0,0
1.362274169921875,0.3357088438649877,16.302120670807547,0,0
1.368377685546875,0.3421033280860727,16.31914609634054,0,0
1.374847412109375,0.3484187379010729,16.336302980260985,0,0
1.38092041015625,0.354646534998865,16.353590316560144,0,0
1.387115478515625,0.3607779767524932,16.371007092230876,0,0
1.393310546875,0.36680406584213504,16.388552287035253,0,0
1.399078369140625,0.3727155471490294,16.406224873272254,0,0
1.404815673828125,0.37850290803440034,16.4240238155455,0,0
1.4102783203125,0.3841563042586979,16.44194807053101,0,0
1.41595458984375,0.3896654276880538,16.459996586745074,0,0
1.42120361328125,0.39501940309570177,16.478168304312128,0,0
1.426239013671875,0.40020672668906065,16.496462154732694,0,0
1.431427001953125,0.4052151912334299,16.51487706065146,0,0
1.435943603515625,0.41003180036329556,16.53341193562534,0,0
1.44091796875,0.4146427051485344,16.552065683891694,0,0
1.445404052734375,0.4190332014148228,16.570837200136634,0,0
1.449737548828125,0.42318783398815857,16.58972536926342,0,0
1.453399658203125,0.4270905386047156,16.608729066161033,0,0
1.45758056640625,0.43072472568800707,16.627847155472836,0,0
1.4608154296875,0.4340733682190298,16.647078491365445,0,0
1.464263916015625,0.4371191656498648,16.66642191729776,0,0
1.467041015625,0.43984474452893535,16.6858762657902,0,0
1.4698486328125,0.4422328749414134,16.705440358194164,0,0
1.472503662109375,0.44426675933123927,16.725113004461758,0,0
1.47601318359375,0.4459305705727834,16.74489300291577,0,0
1.477020263671875,0.44721036935980657,16.764779140019964,0,0
1.478759765625,0.4480951051445095,16.78477019014972,0,0
1.478759765625,0.4485772793882972,16.804864915362998,0,0
1.47857666015625,0.44865318217371475,16.825062065171736,1,0
1.478851318359375,0.44832283112923543,16.845360376313653,0,0
1.476165771484375,0.44758975391242695,16.865758572524534,0,0
1.47564697265625,0.44646054428489157,16.88625536431101,0,0
1.473876953125,0.4449442412529023,16.906849448723868,0,0
1.4716796875,0.44305188957426417,16.927539509131993,0,0
1.469451904296875,0.44079629262130215,16.94832421499686,0,0
1.466217041015625,0.43819172196613804,16.969202221647777,0,0
1.4632568359375,0.4352535419136251,16.9901721700578,0,0
1.460174560546875,0.43199782866967407,17.01123268662044,0,0
1.455963134765625,0.42844108531334174,17.032382382927157,0,0
1.452239990234375,0.4245999863742577,17.053619855545783,0,0
1.447998046875,0.42049106700157063,17.074943685799802,0,0
1.44329833984375,0.4161304356241367,17.09635243954868,0,0
1.43841552734375,0.41153348662766426,17.1178446669692,0,0
1.433624267578125,0.4067145445423054,17.13941890233788,0,0
1.428619384765625,0.4016865476312817,17.161073663814612,0,0
1.4232177734375,0.39646085943949355,17.1828074532275,0,0
1.41796875,0.391047145570804,17.204618755858974,0,0
1.41259765625,0.38545329336358614,17.226506040233314,0,0
1.40740966796875,0.3796854724484715,17.24846775790558,0,0
1.40167236328125,0.37374839033771295,17.27050234325205,0,0
1.39556884765625,0.367645625608125,17.292608213262273,0,0
1.3897705078125,0.3613798794921576,17.31478376733273,0,0
1.383941650390625,0.3549532023351318,17.337027387062307,0,0
1.377655029296875,0.34836735952609893,17.359337436049522,0,0
1.370941162109375,0.3416242718831658,17.381712259691685,0,0
1.36474609375,0.33472636539979833,17.404150184986086,0,0
1.357940673828125,0.32767688622429314,17.426649520333182,0,0
1.350677490234375,0.32048025218378434,17.44920855534204,0,0
1.34326171875,0.31314228336123945,17.47182556063797,0,0
1.335662841796875,0.3056701964577021,17.49449878767258,0,0
1.328155517578125,0.2980724653020539,17.517226468536208,0,0
1.320556640625,0.29035869641796686,17.540006815772998,0,0
1.312713623046875,0.28253958047840155,17.56283802219854,0,0
1.3048095703125,0.2746268741496253,17.585718260720338,0,0
1.296356201171875,0.2666333153428647,17.608645684161075,0,0
1.287811279296875,0.2585723692604928,17.631618425084923,0,0
1.279541015625,0.2504577793756263,17.65463459562685,0,0
1.271331787109375,0.24230307481049812,17.677692287325197,0,0
1.262725830078125,0.23412118537577456,17.7007895709575,0,0
1.254638671875,0.22592412874431428,17.723924496379766,0,0
1.246337890625,0.21772273245811025,17.747095092369293,0,0
1.238555908203125,0.2095264705884061,17.77029936647112,0,0
1.229949951171875,0.2013434321918035,17.79353530484831,0,0
1.22210693359375,0.19318030558121418,17.816800872136092,0,0
1.213897705078125,0.18504232096831025,17.840094011300078,0,0
1.206085205078125,0.17693322790691618,17.86341264349863,0,0
1.199005126953125,0.16885542204134318,17.886754667949536,0,0
1.1910400390625,0.16081031877363763,17.910117961801074,0,0
1.18353271484375,0.15279888106971914,17.93350038000771,0,0
1.17620849609375,0.14482211142177084,17.956899755210454,0,0
1.169036865234375,0.1368815645624069,17.980313897622047,0,0
1.161529541015625,0.12897998979124642,18.003740594917176,0,0
1.15484619140625,0.12112204449792524,18.02717761212779,0,0
1.147491455078125,0.11331505981365997,18.05062269154366,0,0
1.133270263671875,0.10556931314541165,18.07407355261841,0,0
1.126190185546875,0.09789663440240058,18.097527891881086,0,0
1.1190185546875,0.09030784557048055,18.120983382853424,0,0
1.112091064453125,0.08281120404038378,18.144437675973023,0,0
1.1051025390625,0.07541239927502053,18.167888398522507,0,0
1.098114013671875,0.06811504319417025,18.191333154564862,0,0
1.091400146484375,0.06092110861397679,18.214769524885146,0,0
1.08453369140625,0.053831321507187696,18.23819506693863,0,0
1.077667236328125,0.04684550583904766,18.26160731480563,0,0
1.070892333984375,0.03996282671458843,18.285003779153108,0,0
1.064056396484375,0.03318190855674254,18.308381947203294,0,0
1.05755615234375,0.026500867676674866,18.331739282709393,0,0
1.051055908203125,0.019917324547206947,18.3550732259386,0,0
1.044891357421875,0.013428461758141372,18.3783811936626,0,0
1.038299560546875,0.00703113032967316,18.401660579155635,0,0
1.032257080078125,0.0007219322945143936,18.42490875220043,0,0
1.026397705078125,-0.005502719205319334,18.44812305910203,0,0
1.02001953125,-0.01164648555112302,18.47130082270978,0,0
1.013885498046875,-0.017713012034215228,18.49443934244758,0,0
1.0084228515625,-0.02370594797032921,18.517535894352633,0,0
1.0020751953125,-0.029628956986196747,18.540587731122784,0,0
0.996337890625,-0.035485699418369765,18.56359208217268,0,0
0.99041748046875,-0.041279907735383065,18.586546153698887,0,0
0.985107421875,-0.047015491173946516,18.609447128754145,0,0
0.97943115234375,-0.05269652590708809,18.632292167330917,0,0
0.973907470703125,-0.058327148867597475,18.655078406454432,0,0
0.96868896484375,-0.06391144402804323,18.677802960285305,0,0
0.9632568359375,-0.0694533096944926,18.700462920232034,0,0
0.9578857421875,-0.07495628638232944,18.723055355073438,0,0
0.95269775390625,-0.08042339805012594,18.745577311091196,0,0
0.947021484375,-0.08585703708441289,18.76802581221272,0,0
0.941986083984375,-0.09125890797603713,18.790397860164504,0,0
0.936981201171875,-0.09662997917281618,18.81269043463603,0,0
0.93145751953125,-0.10197035012607128,18.834900493454526,0,0
0.9261474609375,-0.10727912840605335,18.857024972770635,0,0
0.92095947265625,-0.11255444920483529,18.879060787255124,0,0
0.91558837890625,-0.11779356992046916,18.901004830306967,0,0
0.91064453125,-0.1229929506846735,18.922853974272705,0,0
0.905548095703125,-0.12814829427058455,18.94460507067741,0,0
0.89996337890625,-0.13325457226547485,18.966254950467366,0,0
0.894775390625,-0.13830617691958746,18.98780042426453,0,0
0.89007568359375,-0.14329721106366386,19.009238282633042,0,0
0.884979248046875,-0.1482217078882051,19.030565296357782,0,0
0.880157470703125,-0.15307372094590674,19.051778216735254,0,0
0.8753662109375,-0.15784741193280888,19.07287377587679,0,0
0.870635986328125,-0.162537170423459,19.09384868702432,0,0
0.8663330078125,-0.167137710702856,19.11469964487872,0,0
0.86181640625,-0.17164409974206138,19.13542332594094,0,0
0.857452392578125,-0.17605173166335714,19.156016388866036,0,0
0.85284423828125,-0.18035635030924307,19.176475474830088,0,0
0.848846435546875,-0.18455418000695398,19.196797207910294,0,0
0.844879150390625,-0.18864207358950055,19.216978195478184,0,0
0.84088134765625,-0.19261756789127837,19.237015028606137,0,0
0.837371826171875,-0.19647886397922354,19.256904282487238,0,0
0.833160400390625,-0.20022480571457438,19.276642516868638,0,0
0.830078125,-0.20385490667956438,19.29622627649836,0,0
0.8262939453125,-0.20736939944547034,19.315652091585783,0,0
0.823089599609375,-0.21076925524264456,19.334916478275726,0,0
0.820281982421875,-0.2140561668639971,19.354015939136282,0,0
0.8173828125,-0.21723242082239907,19.372946963660425,0,0
0.8140869140625,-0.22030066167130927,19.391706028781414,0,0
0.81134033203125,-0.22326374456488132,19.41028959940209,0,0
0.80877685546875,-0.22612471432109701,19.42869412893801,0,0
0.806182861328125,-0.22888673685012323,19.446916059874496,0,0
0.803924560546875,-0.23155292030450442,19.46495182433765,0,0
0.801116943359375,-0.2341261137817013,19.48279784467922,0,0
0.7987060546875,-0.23660880114808955,19.500450534075444,0,0
0.79632568359375,-0.2390031347123801,19.517906297139795,0,0
0.7939453125,-0.24131103053234676,19.535161530549583,0,0
0.792266845703125,-0.24353422685793402,19.55221262368647,0,0
0.789764404296875,-0.24567425998008532,19.569055959290765,0,0
0.787445068359375,-0.24773245794944565,19.585687914129526,0,0
0.78570556640625,-0.2497100960831259,19.60210485967836,0,0
0.784271240234375,-0.2516085664726836,19.61830316281688,0,0
0.782440185546875,-0.25342932947397734,19.634279186537736,0,0
0.78045654296875,-0.25517376634668326,19.650029290669146,0,0
0.7791748046875,-0.2568431617259289,19.665549832610772,0,0
0.77752685546875,-0.25843875967538654,19.680837168082938,0,0
0.776092529296875,-0.25996176409975374,19.695887651888953,0,0
0.77508544921875,-0.2614132979679712,19.71069763869049,0,0
0.773101806640625,-0.2627943564632234,19.725263483795846,0,0
0.7725830078125,-0.2641058006763204,19.73958154396096,0,0
0.770050048828125,-0.26534844304568417,19.75364817820295,0,0
0.77001953125,-0.26652323464645056,19.76745974862611,0,0
0.76837158203125,-0.2676314457756861,19.78101262126006,0,0
0.76776123046875,-0.268674703809241,19.794303166909952,0,0
0.7679443359375,-0.2696548684820875,19.807327762018456,0,0
0.765167236328125,-0.2705737999456063,19.820082789539292,0,0
0.76531982421875,-0.2714333232037932,19.832564639822184,0,0
0.765350341796875,-0.2722354118586173,19.84476971150882,0,0
0.763397216796875,-0.27298213984094094,19.85669441243971,0,0
0.762786865234375,-0.2736755947444592,19.868335160571576,0,0
0.762786865234375,-0.27431811715938087,19.87968838490506,0,0
0.762664794921875,-0.2749124301429749,19.89075052642237,0,0
0.762786865234375,-0.2754613209048646,19.901518039034638,0,0
0.760711669921875,-0.27596724357023905,19.911987390538638,0,0
0.759857177734375,-0.27643242381554456,19.92215506358252,0,0
0.760284423828125,-0.2768594757942224,19.93201755664019,0,0
0.7601318359375,-0.27725181866891985,19.941571384994095,0,0
0.760162353515625,-0.2776135217678198,19.950813081725883,0,0
0.760162353515625,-0.27794892313852015,19.959739198714676,0,0
0.76007080078125,-0.27826229557761645,19.968346307642523,0,0
0.76019287109375,-0.2785575582183138,19.97663100100658,0,0
0.760009765625,-0.278838011206808,19.98458989313773,0,0
0.7601318359375,-0.2791060964009934,19.99221962122505,0,0
0.7603759765625,-0.2793631580852436,19.9995168463458,0,0
0.759979248046875,-0.27960917189004186,20.006478254500454,0,0
0.758056640625,-0.27984267338291213,20.013100557652283,0,0
0.75738525390625,-0.28006129417990777,20.019380494771045,0,0
0.75799560546875,-0.2802627121799335,20.025314832880287,0,0
0.757843017578125,-0.2804452371507656,20.03090036810775,0,0
0.7576904296875,-0.2806078095449648,20.03613392673843,0,0
0.757720947265625,-0.2807498722754482,20.041012366269634,0,0
0.757598876953125,-0.28087135392167567,20.045532576467732,0,0
0.757659912109375,-0.2809726821063738,20.04969148042585,0,0
0.75799560546875,-0.28105475877499136,20.05348603562207,0,0
0.7578125,-0.2811188650605981,20.056913234977564,0,0
0.757904052734375,-0.2811665564214498,20.05997010791414,0,0
0.7578125,-0.28119964702512384,20.062653721410516,0,0
0.760101318359375,-0.28122010167217226,20.064961181056876,0,0
0.760223388671875,-0.28122943491266106,20.06688963210702,0,1
0.760040283203125,-0.2812277648058598,20.06862216193613,0,0
0.7598876953125,-0.2812132464533962,20.070343775360975,0,0
0.7603759765625,-0.28118207357377567,20.07205452423093,0,0
0.76043701171875,-0.28112858123066287,20.073754460469043,0,0
0.76007080078125,-0.28104526040577044,20.075443636071455,0,0
0.760101318359375,-0.28092290064500064,20.077122103106838,0,0
0.7598876953125,-0.28075094448036075,20.07878991371585,0,0
0.760223388671875,-0.2805179064678749,20.080447120110538,0,0
0.76019287109375,-0.2802117407034327,20.082093774573817,0,0
0.762176513671875,-0.27982003966436986,20.08372992945889,0,0
0.7628173828125,-0.2793298390937462,20.085355637188698,0,0
0.76251220703125,-0.2787271650350207,20.086970950255363,0,0
0.76263427734375,-0.2779969797438331,20.088575921219668,0,0
0.76483154296875,-0.2771236572075546,20.090170602710455,0,0
0.765350341796875,-0.27609131031864925,20.091755047424126,0,0
0.766387939453125,-0.27488376653648594,20.09332930812407,0,0
0.767791748046875,-0.2734846528755964,20.094893437640152,0,0
0.76947021484375,-0.2718776753476526,20.09644748886814,0,0
0.77044677734375,-0.2700469043901481,20.097991514769184,0,0
0.772491455078125,-0.2679771668987531,20.099525568369295,0,0
0.774810791015625,-0.2656545695823078,20.10104970275879,0,0
0.77783203125,-0.2630668810370088,20.10256397109176,0,0
0.78045654296875,-0.26020364228527365,20.104068426585567,0,0
0.783721923828125,-0.25705618403473435,20.105563122520312,0,0
0.7872314453125,-0.25361770657622373,20.10704811223828,0,0
0.79119873046875,-0.2498833664167883,20.108523449143465,0,0
0.795562744140625,-0.24585026822238162,20.109989186701025,0,0
0.800140380859375,-0.24151734511805031,20.111445378436777,0,0
0.804931640625,-0.23688517898666073,20.112892077936664,0,0
0.80987548828125,-0.23195585138737662,20.11432933884628,0,0
0.815277099609375,-0.22673287949539053,20.115757214870325,0,0
0.820953369140625,-0.22122119833294118,20.117175759772113,0,0
0.82708740234375,-0.21542710771887408,20.118585027373076,0,0
0.833282470703125,-0.2093581485931823,20.11998507155226,0,0
0.839508056640625,-0.20302297214473808,20.12137594624582,0,0
0.846466064453125,-0.19643128647900585,20.122757705446517,0,0
0.853759765625,-0.18959380915924995,20.124130403203246,0,0
0.861175537109375,-0.18252207297370676,20.125494093620528,0,0
0.868988037109375,-0.17522808635548742,20.126848830858012,0,0
0.876220703125,-0.16772398824437929,20.12819466913003,0,0
0.884368896484375,-0.16002183435040596,20.129531662705062,0,0
0.892486572265625,-0.1521334963873647,20.13085986590529,0,0
0.90106201171875,-0.1440705075947253,20.1321793331061,0,0
0.90948486328125,-0.1358437907171849,20.13349011873563,0,0
0.917999267578125,-0.12746337159632393,20.13479227727426,0,0
0.926483154296875,-0.11893820051892333,20.136085863254173,0,0
0.935272216796875,-0.11027611768791379,20.137370931258882,0,0
0.944000244140625,-0.10148390667750849,20.138647535922747,0,0
0.952667236328125,-0.09256740357167201,20.139915731930532,0,0
0.9620361328125,-0.08353166929468916,20.141175574016923,0,0
0.970977783203125,-0.07438115844261409,20.142427116966108,0,0
0.980255126953125,-0.06511984391043862,20.14367041561128,0,0
0.9896240234375,-0.055751359937521804,20.14490552483419,0,0
0.9990234375,-0.04627917434117415,20.14613249956475,0,0
1.008392333984375,-0.03670677370103134,20.147351394780507,0,0
1.01751708984375,-0.027037934225742778,20.148562265506257,0,0
1.02728271484375,-0.01727713481653538,20.14976516681359,0,0
1.03692626953125,-0.007430017782363671,20.150960153820428,0,0
1.046295166015625,0.0024961983206075317,20.152147281690624,0,0
1.056243896484375,0.01249228654778628,20.153326605633495,0,0
1.065704345703125,0.02254651538248878,20.154498180903428,0,0
1.075225830078125,0.03264410328977707,20.15566206279942,0,0
1.08502197265625,0.04276658500117772,20.15681830666466,0,0
1.103973388671875,0.05289182638248009,20.157966967886136,0,0
1.113800048828125,0.06299617639217572,20.159108101894162,0,0
1.123077392578125,0.07305804068480035,20.160241764162024,0,0
1.1324462890625,0.0830599843384704,20.161368010205493,0,0
1.141693115234375,0.0929886044960561,20.162486895582497,0,0
1.151458740234375,0.102833660617993,20.163598475892652,0,0
1.160797119140625,0.11258733715680494,20.164702806776862,0,0
1.17047119140625,0.12224369862776185,20.16579994391696,0,0
1.179901123046875,0.13179828427558174,20.16688994303525,0,0
1.18927001953125,0.14124779825938671,20.16797285989416,0,0
1.198760986328125,0.1505898674476129,20.169048750295808,0,0
1.207763671875,0.15982284642900976,20.170117670081645,0,0
1.217041015625,0.16894564127064768,20.17117967513205,0,0
1.2261962890625,0.177957547676342,20.17223482136593,0,0
1.23516845703125,0.18685815542498463,20.17328316474038,0,0
1.244171142578125,0.19564732248551858,20.17432476125026,0,0
1.252899169921875,0.20432517154959334,20.17535966692784,0,0
1.261199951171875,0.21289205450422471,20.176387937842417,0,0
1.270233154296875,0.22134844836261375,20.177409630099966,0,0
1.27850341796875,0.22969487362050256,20.178424799842738,0,0
1.28656005859375,0.23793188024651385,20.179433503248926,0,0
1.295135498046875,0.24605998458538564,20.180435796532286,0,0
1.3031005859375,0.2540795771918165,20.181431735941782,0,0
1.31109619140625,0.2619908923304935,20.18242137776123,0,0
1.31890869140625,0.26979396816852164,20.183404778308947,0,0
1.326629638671875,0.27748854511819776,20.184381993937404,0,0
1.334228515625,0.2850739390147507,20.18535308103286,0,0
1.341827392578125,0.2925489148589567,20.18631809601506,0,0
1.34906005859375,0.29991156914363076,20.187277095336842,0,0
1.35638427734375,0.3071591998135768,20.188230135483835,0,0
1.363861083984375,0.3142881779019442,20.189177272974103,0,0
1.37109375,0.3212939178129262,20.19011856435784,0,0
1.377899169921875,0.32817095522791845,20.191054066217003,0,0
1.385009765625,0.33491301263987283,20.191983835165033,0,0
1.39166259765625,0.3415130246937591,20.19290792784648,0,0
1.39788818359375,0.3479631489772425,20.19382640093673,0,0
1.404449462890625,0.35425470008300053,20.194739311141646,0,0
1.410308837890625,0.3603780074042236,20.195646715197306,0,0
1.416900634765625,0.3663222985537523,20.196548669869628,0,0
1.422454833984375,0.3720756817967718,20.197445231954124,0,0
1.428131103515625,0.37762518805377115,20.198336458275556,0,0
1.43365478515625,0.3829567704324804,20.199222405687642,0,0
1.438934326171875,0.38805528590475685,20.20010313107278,0,0
1.444183349609375,0.3929045556778178,20.20097869134171,0,0
1.449188232421875,0.3974875335723839,20.201849143433275,0,0
1.453765869140625,0.4017865716497674,20.20271454431408,0,0
1.457916259765625,0.40578370931866964,20.20357495097824,0,0
1.462432861328125,0.40946093557388935,20.20443042044709,0,0
1.4659423828125,0.41280050882407543,20.205281009768893,0,0
1.4696044921875,0.4157853731122942,20.206126776018586,0,0
1.472320556640625,0.4183995768508641,20.20696777629747,0,0
1.4754638671875,0.4206286562930303,20.207804067732997,0,0
1.47747802734375,0.42246004721936065,20.20863570747844,0,0
1.47894287109375,0.4238834930911702,20.20946275271266,0,0
1.48101806640625,0.42489135417959395,20.21028526063986,0,0
1.481048583984375,0.4254788745587351,20.211103288489298,0,0
1.4810791015625,0.4256443515446815,20.21191689351504,1,0
1.48089599609375,0.42538900782106515,20.212726132995705,0,0
1.481109619140625,0.4247167599456205,20.213531064234264,0,0
1.481109619140625,0.42363433561227193,20.214331744557708,0,0
1.477142333984375,0.4221516344413988,20.215128231316875,0,0
1.475494384765625,0.42028156489334584,20.21592058188619,0,0
1.472808837890625,0.41803915467057207,20.216708853663423,0,0
1.469696044921875,0.41544061406321375,20.217493104069465,0,0
1.46710205078125,0.41250268317387034,20.2182733905481,0,0
1.4632568359375,0.40924213627260897,20.219049770565757,0,0
1.459991455078125,0.40567538830107897,20.219822301611334,0,0
1.45574951171875,0.40181815047752906,20.220591041195924,0,0
1.4517822265625,0.39768510728704115,20.221356046852637,0,0
1.447418212890625,0.3932896380165538,20.222117376136367,0,0
1.4429931640625,0.38864362302995353,20.222875086623596,0,0
1.4383544921875,0.38375736490216455,20.223629235912178,0,0
1.433685302734375,0.37863962182563166,20.224379881621132,0,0
1.4288330078125,0.3732977659188916,20.22512708139045,0,0
1.423492431640625,0.36773804866303106,20.225870892880895,0,0
1.41796875,0.36196587050017975,20.226611373773814,0,0
1.412384033203125,0.3559859780047131,20.227348581770936,0,0
1.406463623046875,0.34980263168208886,20.2280825745942,0,0
1.400238037109375,0.34341978148828767,20.228813409985555,0,0
1.394439697265625,0.33684124445578134,20.229541145706783,0,0
1.387725830078125,0.3300709383827386,20.23026583953933,0,0
1.380767822265625,0.32311313217211757,20.230987549284123,0,0
1.3740234375,0.3159725616578062,20.2317063327614,0,0
1.366668701171875,0.3086544350743503,20.232422247810558,0,0
1.359527587890625,0.30116444318187385,20.233135352289942,0,0
1.35205078125,0.2935087905622854,20.233845704076753,0,0
1.34429931640625,0.28569423891446966,20.234553361066826,0,0
1.336578369140625,0.27772813430900145,20.235258381174514,0,0
1.328399658203125,0.2696183897443885,20.235960822332522,0,0
1.320404052734375,0.2613734302150526,20.236660742491765,0,0
1.312347412109375,0.25300214109175356,20.237358199621205,0,0
1.3038330078125,0.24451387137873418,20.23805325170773,0,0
1.295928955078125,0.23591848804699783,20.238745956756027,0,0
1.2869873046875,0.2272264632740888,20.2394363727884,0,0
1.278594970703125,0.21844895065504003,20.240124557844684,0,0
1.2698974609375,0.20959779892676683,20.2408105699821,0,0
1.261077880859375,0.20068554675865324,20.24149446727512,0,0
1.25286865234375,0.1917254618812258,20.24217630781536,0,0
1.24420166015625,0.18273169369931694,20.242856149711457,0,0
1.2354736328125,0.1737195526756643,20.24353405108895,0,0
1.22711181640625,0.16470580309723354,20.244210070090165,0,0
1.21868896484375,0.1557089591563725,20.244884264874127,0,0
1.21002197265625,0.1467496522300059,20.245556693616432,0,0
1.194183349609375,0.13785044040943603,20.24622741450914,0,0
1.18609619140625,0.12903390444070478,20.2468964857607,0,0
1.178314208984375,0.1203197192262672,20.24756396559585,0,0
1.17041015625,0.11172302803920578,20.24822991225551,0,0
1.162567138671875,0.10325459033969021,20.2488943839967,0,0
1.155242919921875,0.09492147321188756,20.249557439092456,0,0
1.147430419921875,0.0867277318214827,20.25021913583176,0,0
1.1402587890625,0.07867507980917017,20.250879532519427,0,0
1.1328125,0.0707635109019263,20.25153868747607,0,0
1.12530517578125,0.06299184963198066,20.25219665903801,0,0
1.118255615234375,0.055358183995360924,20.252853505557198,0,0
1.110748291015625,0.04786017334228987,20.253509285401158,0,0
1.1038818359375,0.040495269308870076,20.254164056952945,0,0
1.097015380859375,0.0332608929247493,20.254817878611043,0,0
1.090118408203125,0.02615463418136341,20.255470808789344,0,0
1.083282470703125,0.019174446952554693,20.256122905917092,0,0
1.0765380859375,0.012318748211208576,20.256774228438815,0,0
1.069793701171875,0.005586410034408747,20.25742483481431,0,0
1.063232421875,-0.0010233286344181192,20.258074783518566,0,0
1.057098388671875,-0.0075109810324601525,20.258724133041763,0,0
1.050567626953125,-0.013876892852762925,20.259372941889207,0,0
1.04443359375,-0.020121312495467905,20.260021268581312,0,0
1.0384521484375,-0.02624451443005743,20.260669171653557,0,0
1.032379150390625,-0.03224693856829007,20.261316709656498,0,0
1.026824951171875,-0.03812930619170992,20.2619639411557,0,0
1.0211181640625,-0.04389270245228293,20.26261092473174,0,0
1.015716552734375,-0.04953860839624024,20.263257718980213,0,0
1.010406494140625,-0.05506889705603289,20.263904382511683,0,0
1.0052490234375,-0.06048580095730198,20.264550973951682,0,0
1.000244140625,-0.06579183978692937,20.26519755194074,0,0
0.99530029296875,-0.07098971487386097,20.265844175134344,0,0
0.990234375,-0.07608220649243137,20.266490902202957,0,0
0.985504150390625,-0.08107212798945287,20.267137791832017,0,0
0.9808349609375,-0.08596232671332951,20.26778490272196,0,0
0.9761962890625,-0.09075566917077754,20.268432293588216,0,0
0.97149658203125,-0.09545502298847311,20.269080023161226,0,0
0.96759033203125,-0.10006325735214452,20.269728150186484,0,0
0.963226318359375,-0.1045831674055606,20.270376733424527,0,0
0.958526611328125,-0.1090173307871412,20.271025831650977,0,0
0.954254150390625,-0.11336811199150763,20.271675503656574,0,0
0.950592041015625,-0.11763782512198759,20.272325808247203,0,0
0.946502685546875,-0.12182878985098128,20.272976804243925,0,0
0.942535400390625,-0.12594322755636747,20.273628550483032,0,0
0.938507080078125,-0.1299831978325154,20.27428110581608,0,0
0.934783935546875,-0.13395065032966041,20.274934529109927,0,0
0.93145751953125,-0.13784746861543282,20.2755888792468,0,0
0.92791748046875,-0.1416753715219051,20.276244215124347,0,0
0.9241943359375,-0.14543571328356245,20.276900595655665,0,0
0.921234130859375,-0.14912931990914133,20.277558079769406,0,0
0.917633056640625,-0.15275634471351054,20.278216726409802,0,0
0.91400146484375,-0.15631612878774997,20.278876594536754,0,0
0.90863037109375,-0.15980735583441844,20.279537743125896,0,0
0.905426025390625,-0.16322879544582344,20.280200231168664,0,0
0.90240478515625,-0.16658030400546864,20.28086411767238,0,0
0.89971923828125,-0.16986337807435298,20.28152946166033,0,0
0.89715576171875,-0.17308107889515023,20.282196322171846,0,0
0.8944091796875,-0.176237645247375,20.28286475826241,0,0
0.8914794921875,-0.17933808133884963,20.283534829003717,0,0
0.888916015625,-0.18238786390232858,20.284206593483784,0,0
0.88604736328125,-0.1853927565512545,20.28488011080706,0,0
0.88348388671875,-0.18835865708207647,20.285555440094512,0,0
0.8807373046875,-0.19129146217505932,20.286232640483732,0,0
0.878204345703125,-0.19419694511901098,20.286911771129034,0,0
0.874969482421875,-0.19708067630501255,20.28759289120162,0,0
0.872772216796875,-0.1999480458574531,20.288276059889608,0,0
0.869964599609375,-0.20280431335880755,20.288961336398227,0,0
0.867462158203125,-0.20565456649409772,20.289648779949896,0,0
0.865081787109375,-0.20850360977302543,20.290338449784386,0,0
0.862701416015625,-0.21135579351548472,20.291030405158903,0,0
0.85980224609375,-0.21421478469382085,20.291724705348244,0,0
0.857025146484375,-0.2170834231235606,20.292421409644973,0,0
0.854644775390625,-0.21996372963533134,20.29312057735947,0,0
0.852142333984375,-0.22285689657618565,20.29382226782017,0,0
0.849517822265625,-0.22576313756322974,20.29452654037365,0,0
0.84686279296875,-0.22868149114941277,20.29523345438479,0,0
0.843719482421875,-0.23160971991152654,20.29594306923694,0,0
0.84088134765625,-0.23454438155527027,20.296655444332075,0,0
0.837890625,-0.23748104945305468,20.297370639090953,0,0
0.83502197265625,-0.240414576773071,20.298088712953263,0,0
0.832427978515625,-0.2433393176228862,20.298809725377822,0,0
0.829681396484375,-0.24624925149980212,20.29953373584273,0,0
0.826446533203125,-0.24913805386411242,20.30026080384554,0,0
0.824005126953125,-0.25199924962206044,20.300990988903454,0,0
0.82110595703125,-0.25482643385445153,20.301724350553485,0,0
0.818511962890625,-0.25761344163598593,20.302460948352664,0,0
0.8162841796875,-0.2603544444974177,20.303200841878205,0,0
0.813690185546875,-0.26304395329077757,20.30394409072772,0,0
0.8111572265625,-0.2656767594677861,20.304690754519406,0,0
0.808807373046875,-0.26824793764420773,20.30544089289223,0,0
0.806488037109375,-0.27075291339414564,20.30619456550616,0,0
0.80426025390625,-0.2731875154317682,20.306951832042362,0,0
0.802032470703125,-0.2755480061100859,20.30771275220339,0,0
0.799591064453125,-0.27783114750849064,20.30847738571343,0,0
0.79779052734375,-0.2800343415393151,20.309245792318503,0,0
0.79608154296875,-0.28215575188934006,20.310018031786687,0,0
0.794525146484375,-0.28419425797259623,20.310794163908334,0,0
0.79205322265625,-0.2861493115411348,20.311574248496314,0,0
0.790924072265625,-0.28802092087896036,20.312358345386244,0,0
0.78985595703125,-0.28980968585884004,20.313146514436713,0,0
0.78759765625,-0.29151666286546346,20.313938815529525,0,0
0.7869873046875,-0.2931432004510338,20.314735308569944,0,0
0.78497314453125,-0.29469089979322194,20.315536053486944,0,0
0.7845458984375,-0.29616158460316644,20.316341110233452,0,0
0.782196044921875,-0.2975572604406762,20.317150538786606,0,0
0.78216552734375,-0.2988801524616311,20.317964399148018,0,0
0.780426025390625,-0.3001327598810991,20.318782751344003,0,0
0.77996826171875,-0.3013178286892426,20.319605655425892,0,0
0.779754638671875,-0.30243822377201984,20.320433171470263,0,0
0.777374267578125,-0.30349673396665966,20.321265359579236,0,0
0.77728271484375,-0.30449606679825486,20.322102279880724,0,0
0.77734375,-0.30543902502338066,20.322943992528725,0,0
0.775848388671875,-0.3063284285621889,20.323790557703624,0,0
0.774993896484375,-0.30716693126695815,20.32464203561244,0,0
0.774932861328125,-0.30795713275196057,20.325498486489145,0,0
0.774871826171875,-0.3087016811964795,20.326359970594947,0,0
0.774627685546875,-0.3094030175818174,20.327226548218587,0,0
0.774658203125,-0.31006292518611367,20.328098279676638,0,0
0.772308349609375,-0.31068225165241165,20.32897522531383,0,0
0.77264404296875,-0.3112611256764023,20.32985744550332,0,0
0.7725830078125,-0.3117994503282276,20.33074500064703,0,0
0.772369384765625,-0.3122970633931728,20.33163795117597,0,0
0.7725830078125,-0.31275351427364,20.33253635755054,0,0
0.772613525390625,-0.31316776344554986,20.333440280260852,0,0
0.77264404296875,-0.3135378719382363,20.33434977982707,0,0
0.772613525390625,-0.3138607148838704,20.335264916799723,0,0
0.772796630859375,-0.3141317769579879,20.336185751760066,0,0
0.772430419921875,-0.3143450272249781,20.337112345320392,0,0
0.7724609375,-0.31449291787206096,20.33804475812438,0,0
0.77264404296875,-0.3145665140484287,20.338983050847457,0,1
0.77252197265625,-0.3145556541482709,20.339924839482364,0,0
0.772705078125,-0.31444912569880656,20.340867693262975,0,0
0.77288818359375,-0.31423491630359535,20.341811602747985,0,0
0.774200439453125,-0.31390044072573847,20.342756558492827,0,0
0.774810791015625,-0.31343254602930215,20.343702551049663,0,0
0.775054931640625,-0.3128173712982929,20.344649570967402,0,0
0.774871826171875,-0.31204048796539274,20.34559760879164,0,0
0.776885986328125,-0.31108747126213643,20.346546655064703,0,0
0.777587890625,-0.30994446064477155,20.3474967003256,0,0
0.780029296875,-0.30859836271802554,20.34844773511002,0,0
0.781524658203125,-0.30703679460816236,20.349399749950347,0,0
0.7830810546875,-0.3052479953874414,20.350352735375612,0,0
0.7850341796875,-0.30322094833734736,20.351306681911513,0,0
0.78753662109375,-0.30094573913979983,20.352261580080384,0,0
0.790435791015625,-0.29841387746688747,20.353217420401208,0,0
0.793426513671875,-0.2956184175326315,20.354174193389596,0,0
0.796539306640625,-0.29255397393540533,20.35513188955777,0,0
0.8006591796875,-0.2892167366923071,20.35609049941457,0,0
0.804595947265625,-0.2856044053323733,20.35705001346543,0,0
0.80889892578125,-0.2817159784891722,20.358010422212377,0,0
0.813385009765625,-0.27755151850555015,20.358971716154024,0,0
0.818389892578125,-0.27311196581848846,20.359933885785566,0,0
0.823150634765625,-0.2683989671696072,20.360896921598737,0,0
0.8284912109375,-0.26341474663267833,20.36186081408186,0,0
0.83404541015625,-0.2581620543091171,20.362825553719787,0,0
0.8402099609375,-0.2526441036560086,20.36379113099392,0,0
0.846221923828125,-0.2468644078160808,20.36475753638217,0,0
0.85235595703125,-0.2408265890189527,20.36572476035901,0,0
0.85882568359375,-0.23453430999024402,20.36669279339539,0,0
0.86541748046875,-0.22799135056980724,20.367661625958792,0,0
0.872222900390625,-0.22120176117511714,20.368631248513186,0,0
0.879730224609375,-0.21417003576324695,20.369601651519037,0,0
0.88690185546875,-0.20690123745494113,20.370572825433285,0,0
0.89453125,-0.1994010915715548,20.37154476070936,0,0
0.90252685546875,-0.1916761217345878,20.37251744779714,0,0
0.910980224609375,-0.18373376029824046,20.37349087714299,0,0
0.919189453125,-0.17558233162722475,20.374465039189705,0,0
0.927703857421875,-0.16723099502551225,20.375439924376526,0,0
0.936431884765625,-0.15868977416337376,20.376415523139144,0,0
0.9454345703125,-0.14996964147224556,20.377391825909687,0,0
0.954315185546875,-0.14108258606866256,20.378368823116674,0,0
0.963714599609375,-0.1320416814911431,20.37934650518507,0,0
0.973297119140625,-0.1228611387158964,20.380324862536245,0,0
0.98284912109375,-0.11355627173576947,20.381303885587965,0,0
0.992095947265625,-0.1041434316831594,20.3822835647544,0,0
1.00244140625,-0.0946400166261171,20.38326389044609,0,0
1.012481689453125,-0.08506443498814548,20.384244853069983,0,0
1.022552490234375,-0.07543586527096136,20.38522644302939,0,0
1.032684326171875,-0.06577391830424402,20.38620865072398,0,0
1.042633056640625,-0.05609835315783865,20.387191466549822,0,0
1.053192138671875,-0.04642882866738168,20.3881748808993,0,0
1.063323974609375,-0.036784583432930076,20.389158884161173,0,0
1.07354736328125,-0.027184008073830077,20.39014346672054,0,0
1.08380126953125,-0.017644183648352477,20.391128618958835,0,0
1.09368896484375,-0.008180431658580817,20.392114331253836,0,0
1.10333251953125,0.0011940842386176515,20.39310059397963,0,0
1.1129150390625,0.010468614923196118,20.394087397506638,0,0
1.12200927734375,0.019634910337560874,20.395074732201596,0,0
1.131744384765625,0.02868718998709799,20.39606258842755,0,0
1.14068603515625,0.03762211183496153,20.397050956543843,0,0
1.14947509765625,0.04643875797638376,20.398039826906132,0,0
1.158233642578125,0.05513850449784885,20.39902918986635,0,0
1.166748046875,0.06372474056548445,20.400019035772733,0,0
1.175506591796875,0.07220254750541047,20.401009354969805,0,0
1.183837890625,0.0805784190245431,20.402000137798343,0,0
1.192138671875,0.08886001048896341,20.402991374595423,0,0
1.200408935546875,0.09705585785878681,20.403983055694386,0,0
1.208526611328125,0.10517506250777112,20.40497517142483,0,0
1.216461181640625,0.11322696225266751,20.40596771211262,0,0
1.2247314453125,0.12122078323365318,20.40696066807987,0,0
1.232818603515625,0.1291653285440089,20.40795402964494,0,0
1.24127197265625,0.1370687936886105,20.408947787122457,0,0
1.2489013671875,0.14493869433163936,20.40994193082327,0,0
1.2569580078125,0.15278176466731688,20.410936451054468,0,0
1.264923095703125,0.16060374485339002,20.411931338119388,0,0
1.273040771484375,0.16840915938225018,20.412926582317578,0,0
1.280731201171875,0.17620116215474643,20.413922173944826,0,0
1.288848876953125,0.1839813818179275,20.41491810329314,0,0
1.296905517578125,0.1917497572176079,20.415914360650735,0,0
1.304901123046875,0.19950444347847388,20.416910936302056,0,0
1.313446044921875,0.20724182776994068,20.41790782052775,0,0
1.321258544921875,0.21495666146624423,20.41890500360467,0,0
1.329193115234375,0.2226422306466307,20.419902475805884,0,0
1.33721923828125,0.23029043179556527,20.42090022740065,0,0
1.34539794921875,0.23789180149077077,20.421898248654426,0,0
1.35345458984375,0.24543565313667093,20.422896529828872,0,0
1.36102294921875,0.25291030432398076,20.423895061181835,0,0
1.36895751953125,0.2603032543473258,20.424893832967342,0,0
1.376617431640625,0.2676012911629264,20.425892835435622,0,0
1.38409423828125,0.27479061072787014,20.426892058833076,0,0
1.3912353515625,0.28185692089687714,20.42789149340229,0,0
1.398712158203125,0.288785464095139,20.428891129382027,0,0
1.405975341796875,0.2955610463790829,20.429890957007228,0,0
1.412567138671875,0.30216815420324067,20.430890966509,0,0
1.41900634765625,0.30859102186775034,20.431891148114634,0,0
1.425872802734375,0.3148135473069581,20.43289149204758,0,0
1.432037353515625,0.3208192187796674,20.43389198852746,0,0
1.438385009765625,0.32659118123456676,20.434892627770047,0,0
1.444122314453125,0.33211237308859065,20.4358933999873,0,0
1.4495849609375,0.33736564386321566,20.436894295387326,0,0
1.455078125,0.3423338203561243,20.43789530417438,0,0
1.460174560546875,0.34699978037051415,20.438896416548907,0,0
1.464996337890625,0.35134661352344143,20.439897622707477,0,0
1.469757080078125,0.3553578663581135,20.44089891284283,0,0
1.473876953125,0.3590178616499616,20.441900277143855,0,0
1.47747802734375,0.36231204687252855,20.4429017057956,0,0
1.4808349609375,0.3652272597375008,20.44390318897925,0,0
1.483978271484375,0.3677519092044114,20.44490471687216,0,0
1.486297607421875,0.3698761668611315,20.445906279647815,0,0
1.48858642578125,0.37159216374971665,20.44690786747586,0,0
1.49029541015625,0.372894155985433,20.447909470522095,0,0
1.490966796875,0.37377864531482474,20.448911078948438,0,0
1.4918212890625,0.37424436092875496,20.449912682912988,0,0
1.493316650390625,0.374292195575467,20.450914272569968,1,0
1.492645263671875,0.3739253937101179,20.451915838069752,0,0
1.490814208984375,0.3731497623398294,20.452917369558865,0,0
1.49114990234375,0.3719734195815594,20.453918857179964,0,0
1.489013671875,0.37040636848546243,20.454920291071865,0,0
1.487518310546875,0.3684603157829347,20.45592166136952,0,0
1.4853515625,0.36614854651863143,20.456922958204032,0,0
1.48236083984375,0.36348569520223234,20.457924171702647,0,0
1.47967529296875,0.360487432429571,20.45892529198875,0,0
1.4764404296875,0.3571700959459686,20.459926309181885,0,0
1.4730224609375,0.35355038285910073,20.46092721339773,0,0
1.469329833984375,0.3496451299210499,20.461927994748127,0,0
1.46527099609375,0.34547112157674403,20.462928643341037,0,0
1.460845947265625,0.34104488344372935,20.463929149280595,0,0
1.456695556640625,0.3363824485970362,20.464929502667076,0,0
1.451690673828125,0.33149915046036943,20.465929693596905,0,0
1.44696044921875,0.3264094510723257,20.466929712162663,0,0
1.4417724609375,0.32112675502262333,20.467929548453075,0,0
1.4364013671875,0.3156632105352001,20.46892919255303,0,0
1.43133544921875,0.3100295255265508,20.469928634543553,0,0
1.425994873046875,0.304234875745722,20.47092786450186,0,0
1.42034912109375,0.29828696305719227,20.47192687250128,0,0
1.4146728515625,0.2921921307461406,20.472925648611344,0,0
1.40899658203125,0.28595546025891994,20.47392418289772,0,0
1.403045654296875,0.27958090071408676,20.474922465422242,0,0
1.397186279296875,0.2730714634369562,20.47592048624292,0,0
1.3907470703125,0.2664294420634143,20.47691823541391,0,0
1.38482666015625,0.2596566198043915,20.477915702985555,0,0
1.37872314453125,0.25275452427579204,20.478912879004376,0,0
1.37274169921875,0.24572485908188976,20.47990975351304,0,0
1.366241455078125,0.23857011587820642,20.480906316550424,0,0
1.353790283203125,0.23129377556086742,20.48190255815155,0,0
1.347259521484375,0.2238991112867095,20.48289846834765,0,0
1.3409423828125,0.21638710963283433,20.483894037166117,0,0
1.334014892578125,0.20875539307765464,20.484889254630556,0,0
1.3275146484375,0.20099856026932403,20.485884110760733,0,0
1.320831298828125,0.1931090236788796,20.486878595572627,0,0
1.3133544921875,0.18507791368053383,20.487872699078405,0,0
1.305877685546875,0.17689590743784336,20.488866411286438,0,0
1.298187255859375,0.16855383362289286,20.4898597222013,0,0
1.29058837890625,0.16004314885745388,20.490852621823752,0,0
1.282562255859375,0.15135644344788335,20.49184510015079,0,0
1.27398681640625,0.1424879532538947,20.49283714717561,0,0
1.26556396484375,0.13343394385487392,20.493828752887627,0,0
1.25689697265625,0.12419296593998344,20.494819907272472,0,0
1.24798583984375,0.11476610632320322,20.495810600312005,0,0
1.239166259765625,0.10515728339631242,20.49680082198431,0,0
1.230255126953125,0.09537360534208017,20.497790562263706,0,0
1.221038818359375,0.08542583545975524,20.49877981112075,0,0
1.21240234375,0.07532897521901571,20.499768558522245,0,0
1.202667236328125,0.06510296410587779,20.500756794431215,0,0
1.19384765625,0.05477344436555638,20.50174450880697,0,0
1.18463134765625,0.04437256452856979,20.50273169160503,0,0
1.16644287109375,0.03393922394131174,20.50371833277722,0,0
1.157379150390625,0.023517398393574116,20.504704422271594,0,0
1.13934326171875,0.013152475700404235,20.505689950032487,0,0
1.13037109375,0.002886948594083595,20.506674906000516,0,0
1.121673583984375,-0.007243189773729741,20.50765928011256,0,0
1.11309814453125,-0.017209998768342456,20.508643062301793,0,0
1.104461669921875,-0.02699309136069419,20.509626242497678,0,0
1.09619140625,-0.03657848681934649,20.51060881062596,0,0
1.087921142578125,-0.04595752593241441,20.511590756608697,0,0
1.079681396484375,-0.05512585048094911,20.512572070364246,0,0
1.071197509765625,-0.06408252182971244,20.51355274180729,0,0
1.0634765625,-0.07282935705256859,20.514532760848795,0,0
1.055694580078125,-0.08137038776557147,20.515512117396085,0,0
1.047882080078125,-0.08971131357773623,20.51649080135279,0,0
1.0406494140625,-0.09785898111365443,20.5174688026189,0,0
1.032989501953125,-0.10582093343131321,20.518446111090707,0,0
1.02581787109375,-0.11360503436629858,20.519422716660888,0,0
1.018585205078125,-0.12121919404944217,20.520398609218454,0,0
1.0113525390625,-0.1286711915580108,20.52137377864878,0,0
1.004791259765625,-0.1359685652681256,20.522348214833606,0,0
0.997467041015625,-0.14311853687747686,20.523321907651056,0,0
0.9910888671875,-0.15012798307515646,20.524294846975614,0,0
0.984344482421875,-0.15700347134980855,20.525267022678175,0,0
0.977996826171875,-0.1637512992268171,20.526238424626015,0,0
0.971405029296875,-0.1703775335133307,20.527209042682813,0,0
0.96563720703125,-0.17688807605562124,20.528178866708647,0,0
0.9593505859375,-0.18328868707083457,20.52914788656003,0,0
0.953277587890625,-0.18958496119843551,20.53011609208988,0,0
0.948028564453125,-0.19578231548641423,20.531083473147568,0,0
0.94207763671875,-0.20188590750758448,20.532050019578882,0,0
0.93682861328125,-0.20790043637845523,20.53301572122606,0,0
0.93115234375,-0.21382993267961387,20.533980567927802,0,0
0.92547607421875,-0.21967761880942652,20.534944549519267,0,0
0.9202880859375,-0.22544587179616601,20.53590765583208,0,0
0.9150390625,-0.23113622106184473,20.536869876694343,0,0
0.90966796875,-0.23674928493548963,20.53783120193065,0,0
0.904266357421875,-0.24228472397166342,20.53879162136209,0,0
0.898834228515625,-0.247741337989616,20.53975112480625,0,0
0.893798828125,-0.2531172932844528,20.540709702077233,0,0
0.888946533203125,-0.25841034641613214,20.541667342985658,0,0
0.884063720703125,-0.2636179476899435,20.542624037338673,0,0
0.878997802734375,-0.26873726996634884,20.543579774939968,0,0
0.87420654296875,-0.2737653046659815,20.544534545589773,0,0
0.869720458984375,-0.27869903717105393,20.545488339084883,0,0
0.86541748046875,-0.28353556123745405,20.54644114521865,0,0
0.860992431640625,-0.28827205598011746,20.547392953781006,0,0
0.85662841796875,-0.2929057177811322,20.54834375455846,0,0
0.852508544921875,-0.29743375316477555,20.549293537334126,0,0
0.8480224609375,-0.3018534451193456,20.5502422918877,0,0
0.844146728515625,-0.30616229145246726,20.55119000799551,0,0
0.840545654296875,-0.31035815653268656,20.552136675430496,0,0
0.836517333984375,-0.31443932282227544,20.553082283962237,0,0
0.8331298828125,-0.3184044787565607,20.554026823356953,0,0
0.82965087890625,-0.3222527224798617,20.554970283377504,0,0
0.82611083984375,-0.32598355566730525,20.555912653783423,0,0
0.8232421875,-0.32959686624978723,20.556853924330916,0,0
0.820159912109375,-0.3330928733612876,20.557794084772876,0,0
0.817047119140625,-0.3364720029238555,20.558733124858875,0,0
0.8140869140625,-0.3397348010009084,20.5596710343352,0,0
0.811309814453125,-0.3428819552558194,20.56060780294485,0,0
0.808380126953125,-0.34591436914540785,20.561543420427554,0,0
0.805755615234375,-0.34883327186321206,20.56247787651977,0,0
0.803497314453125,-0.3516403489602693,20.56341116095471,0,0
0.80133056640625,-0.35433778703475416,20.564343263462344,0,0
0.79913330078125,-0.3569281825198479,20.565274173769406,0,0
0.7972412109375,-0.35941439420062865,20.566203881599417,0,0
0.7945556640625,-0.3617994506477921,20.567132376672696,0,0
0.79290771484375,-0.3640866073391256,20.568059648706353,0,0
0.7911376953125,-0.36627949046943437,20.568985687414322,0,0
0.789825439453125,-0.36838210907545704,20.569910482507375,0,0
0.787445068359375,-0.37039872654676903,20.570834023693102,0,0
0.78631591796875,-0.37233381937578497,20.571756300675965,0,0
0.7845458984375,-0.3741921637114506,20.57267730315727,0,0
0.783050537109375,-0.3759789143071306,20.573597020835226,0,0
0.782318115234375,-0.3776996289257037,20.574515443404902,0,0
0.78021240234375,-0.3793602274083523,20.575432560558287,0,0
0.779937744140625,-0.38096692669984666,20.576348361984273,0,0
0.77813720703125,-0.38252618137587446,20.577262837368686,0,0
0.777435302734375,-0.38404459508650807,20.578175976394288,0,0
0.776519775390625,-0.3855288159519695,20.579087768740788,0,0
0.7752685546875,-0.38698539693636225,20.579998204084866,0,0
0.77496337890625,-0.3884206091073348,20.580907272100173,0,0
0.772979736328125,-0.38984026425750434,20.581814962457354,0,0
0.77294921875,-0.3912496127813059,20.58272126482407,0,0
0.771636962890625,-0.39265326916977256,20.583626168864974,0,0
0.770111083984375,-0.39405510668938865,20.584529664241774,0,0
0.769927978515625,-0.39545824127975937,20.585431740613206,0,0
0.7679443359375,-0.3968650864208964,20.58633238763507,0,0
0.767791748046875,-0.39827736805316266,20.58723159496024,0,0
0.766357421875,-0.399696108002748,20.588129352238678,0,0
0.76495361328125,-0.401121601221339,20.589025649117442,0,0
0.76416015625,-0.40255349498594295,20.5899204752407,0,0
0.7625732421875,-0.4039909717457291,20.59081382024975,0,0
0.76263427734375,-0.40543285332132467,20.59170567378304,0,0
0.760009765625,-0.4068775793025865,20.592596025476173,0,0
0.760101318359375,-0.4083232341781138,20.593484864961912,0,0
0.757965087890625,-0.40976769784807915,20.594372181870224,0,0
0.75762939453125,-0.4112087892877479,20.59525796582826,0,0
0.756256103515625,-0.4126443394309602,20.5961422064604,0,0
0.7552490234375,-0.4140722070486186,20.597024893388248,0,0
0.7545166015625,-0.4154902652151132,20.59790601623066,0,0
0.752777099609375,-0.4168964019496373,20.598785564603737,0,0
0.7529296875,-0.4182885375716365,20.59966352812088,0,0
0.75054931640625,-0.4196646225307468,20.600539896392764,0,0
0.75030517578125,-0.42102268196200937,20.60141465902738,0,0
0.749847412109375,-0.4223609024510155,20.602287805630038,0,0
0.747894287109375,-0.42367757410802925,20.60315932580339,0,0
0.7481689453125,-0.42497098365177605,20.604029209147434,0,0
0.747650146484375,-0.4262393018512375,20.60489744525956,0,0
0.74530029296875,-0.42748033790946766,20.605764023734512,0,0
0.74560546875,-0.428691475671726,20.606628934164466,0,0
0.745086669921875,-0.4298698035732683,20.607492166139,0,0
0.744384765625,-0.43101195831386957,20.60835370924514,0,0
0.742919921875,-0.4321138342166459,20.609213553067352,0,0
0.742828369140625,-0.43317059353292303,20.610071687187574,0,0
0.742828369140625,-0.43417676851911474,20.61092810118523,0,0
0.742889404296875,-0.4351260144465906,20.611782784637253,0,0
0.742828369140625,-0.4360105230920147,20.612635727118086,0,0
0.740325927734375,-0.4368205705719814,20.613486918199715,0,0
0.740509033203125,-0.4375447066166878,20.614336347451662,0,0
0.740264892578125,-0.4381703936816276,20.615184004441044,0,0
0.740234375,-0.4386843995001075,20.616029878732547,0,0
0.74053955078125,-0.43907279294782403,20.61687395988848,0,0
0.74041748046875,-0.43932083914196995,20.617716237468752,0,0
0.740509033203125,-0.43941297697595305,20.618556701030926,0,1
0.740875244140625,-0.43933295825892793,20.619398138702643,0,0
0.7430419921875,-0.43906396626673677,20.620243315480664,0,0
0.742950439453125,-0.4385884185371221,20.621092186216284,0,0
0.742950439453125,-0.4378877615242128,20.6219447057497,0,0
0.745025634765625,-0.4369427865494819,20.622800828909874,0,0
0.74542236328125,-0.4357342218726634,20.623660510514323,0,0
0.74761962890625,-0.43424319626967123,20.62452370536901,0,0
0.7490234375,-0.4324516641003022,20.62539036826816,0,0
0.750701904296875,-0.43034292247254985,20.626260453994117,0,0
0.753570556640625,-0.42790225648688807,20.62713391731717,0,0
0.756378173828125,-0.4251175871580537,20.62801071299543,0,0
0.760284423828125,-0.42197988947828624,20.62889079577466,0,0
0.763946533203125,-0.4184833551132642,20.62977412038813,0,0
0.7686767578125,-0.41462539884822935,20.630660641556496,0,0
0.773529052734375,-0.41040654303668,20.6315503139876,0,0
0.779052734375,-0.4058301516065295,20.63244309237639,0,0
0.784423828125,-0.4009020433920373,20.633338931404758,0,0
0.790283203125,-0.39563011854557556,20.634237785741373,0,0
0.796905517578125,-0.39002405594030887,20.6351396100416,0,0
0.803192138671875,-0.3840949910382415,20.636044358947306,0,0
0.810211181640625,-0.37785515905164,20.63695198708679,0,0
0.81689453125,-0.3713176141067096,20.637862449074593,0,0
0.82470703125,-0.36449604932345403,20.638775699511427,0,0
0.832000732421875,-0.357404629866899,20.639691692983995,0,0
0.840118408203125,-0.35005779804211234,20.64061038406491,0,0
0.8482666015625,-0.34247007278394925,20.641531727312554,0,0
0.8563232421875,-0.3346558541921638,20.642455677270945,0,0
0.865020751953125,-0.32662927553593846,20.643382188469662,0,0
0.873260498046875,-0.3184041405988127,20.644311215423667,0,0
0.88232421875,-0.3099939296493838,20.645242712633248,0,0
0.891510009765625,-0.3014118096935508,20.64617663458387,0,0
0.900543212890625,-0.2926705622670448,20.647112935746097,0,0
0.90960693359375,-0.2837824952148854,20.648051570575443,0,0
0.9190673828125,-0.2747594782814352,20.6489924935123,0,0
0.928619384765625,-0.2656130535311703,20.649935658981818,0,0
0.9378662109375,-0.25635452865636443,20.6508810213938,0,0
0.94732666015625,-0.24699513245584281,20.651828535142624,0,0
0.95733642578125,-0.23754627998466904,20.652778154607113,0,0
0.967437744140625,-0.228019776038134,20.653729834150464,0,0
0.977508544921875,-0.21842781291960964,20.654683528120135,0,0
0.987548828125,-0.20878285085492437,20.655639190847772,0,0
0.9974365234375,-0.19909754216960898,20.6565967766491,0,0
1.007904052734375,-0.18938473692959887,20.657556239823847,0,0
1.017852783203125,-0.17965748203170703,20.65851753465565,0,0
1.027679443359375,-0.16992900521288318,20.659480615411983,0,0
1.038055419921875,-0.1602127822820288,20.66044543634406,0,0
1.048248291015625,-0.1505226214607805,20.661411951686755,0,0
1.05853271484375,-0.1408726095638509,20.662380115658546,0,0
1.06842041015625,-0.13127695604188594,20.663349882461397,0,0
1.078704833984375,-0.12174985057985185,20.664321206280746,0,0
1.088653564453125,-0.11230532679166742,20.665294041285357,0,0
1.09814453125,-0.10295711317158003,20.66626834162731,0,0
1.10845947265625,-0.09371852327842702,20.667244061441906,0,0
1.1177978515625,-0.08460233490608246,20.668221154847604,0,0
1.1278076171875,-0.0756205743652659,20.669199575945978,0,0
1.136993408203125,-0.06678424361272647,20.670179278821593,0,0
1.146453857421875,-0.058103044972279694,20.67116021754203,0,0
1.155548095703125,-0.04958512299016671,20.67214234615777,0,0
1.164093017578125,-0.04123684902476807,20.67312561870214,0,0
1.17279052734375,-0.03306271234079641,20.674109989191297,0,0
1.181243896484375,-0.025065321799475515,20.675095411624127,0,0
1.189453125,-0.017245419410116786,20.676081839982242,0,0
1.197479248046875,-0.00960187981322505,20.677069228229886,0,0
1.20538330078125,-0.0021317380765763505,20.67805753031393,0,0
1.213104248046875,0.0051697643164748674,20.6790467001638,0,0
1.2200927734375,0.012309098212826552,20.680036691691452,0,0
1.2275390625,0.019294245118905873,20.681027458791323,0,0
1.23492431640625,0.026134424900901176,20.682018955340286,0,0
1.24176025390625,0.032839917180659345,20.68301113519765,0,0
1.248443603515625,0.03942193177326708,20.684003952205067,0,0
1.255096435546875,0.04589235913395201,20.68499736018656,0,0
1.26171875,0.05226341775123994,20.68599131294846,0,0
1.2681884765625,0.05854731283245579,20.686985764279374,0,0
1.2744140625,0.06475591545365272,20.687980667950185,0,0
1.28155517578125,0.07090046219265234,20.68897597771401,0,0
1.287506103515625,0.07699137351948485,20.689971647306184,0,0
1.293975830078125,0.08303815982777321,20.690967630444234,0,0
1.3004150390625,0.08904926857234641,20.691963880827878,0,0
1.30706787109375,0.09503193901543133,20.692960352138993,0,0
1.313323974609375,0.1009921892608236,20.693956998041614,0,0
1.319580078125,0.10693484725658475,20.69495377218191,0,0
1.32611083984375,0.11286351600528705,20.695950628188193,0,0
1.332366943359375,0.11878052196210348,20.696947519670896,0,0
1.3388671875,0.12468691305597768,20.697944400222557,0,0
1.34515380859375,0.13058248989436705,20.698941223417858,0,0
1.3514404296875,0.13646583692544653,20.69993794281359,0,0
1.357879638671875,0.14233433776351068,20.700934511948663,0,0
1.36474609375,0.14818424008460887,20.701930884344094,0,0
1.37078857421875,0.15401085955964905,20.70292701350306,0,0
1.377410888671875,0.1598088424524125,20.70392285291084,0,0
1.383453369140625,0.1655723573532612,20.704918356034888,0,0
1.3900146484375,0.17129523326717772,20.7059134763248,0,0
1.39599609375,0.17697110299394514,20.706908167212337,0,0
1.402191162109375,0.18259354053751542,20.707902382111477,0,0
1.40826416015625,0.18815616103981858,20.708896074418366,0,0
1.41424560546875,0.19365270201295284,20.709889197511412,0,0
1.4200439453125,0.19907710009583338,20.71088170475124,0,0
1.4256591796875,0.20442351594571007,20.711873549480778,0,0
1.431915283203125,0.20968631899650159,20.71286468502523,0,0
1.437164306640625,0.21486013702981832,20.713855064692147,0,0
1.4427490234375,0.21993994754270507,20.714844641771425,0,0
1.4481201171875,0.2249210849919015,20.715833369535364,0,0
1.4534912109375,0.2297991926714107,20.716821201238687,0,0
1.45855712890625,0.23457019781482422,20.717808090118574,0,0
1.463409423828125,0.23923026283309376,20.71879398939473,0,0
1.4686279296875,0.24377567443837866,20.719778852269382,0,0
1.473236083984375,0.24820274161047484,20.720762631927364,0,0
1.478118896484375,0.25250774586183367,20.72174528153614,0,0
1.48248291015625,0.25668689598977634,20.722726754245844,0,0
1.487274169921875,0.2607362736811173,20.723707003189375,0,0
1.49176025390625,0.26465183842549084,20.724685981482377,0,0
1.49554443359375,0.26842950096399215,20.72566364222336,0,0
1.49981689453125,0.2720651355370388,20.726639938493722,0,0
1.50390625,0.2755545152923876,20.727614823357825,0,0
1.507415771484375,0.2788933057772576,20.728588249863016,0,0
1.51165771484375,0.2820771261444499,20.72956017103976,0,0
1.51470947265625,0.2851016420871783,20.730530539901636,0,0
1.517913818359375,0.28796264081579154,20.73149930944544,0,0
1.5211181640625,0.2906559837361379,20.73246643265125,0,0
1.523773193359375,0.2931774807213458,20.73343186248249,0,0
1.52655029296875,0.2955227664473531,20.734395551886017,0,0
1.529327392578125,0.2976871841726688,20.73535745379218,0,0
1.531494140625,0.29966572579593276,20.736317521114895,0,0
1.533782958984375,0.30145301116930134,20.737275706751763,0,0
1.535888671875,0.3030432489609246,20.7382319635841,0,0
1.5379638671875,0.3044302425478512,20.739186244477057,0,0
1.53936767578125,0.30560748200740423,20.74013850227969,0,0
1.54010009765625,0.3065681699475616,20.74108868982507,0,0
1.542449951171875,0.30730509552526153,20.74203675993033,0,0
1.54248046875,0.30781057465565287,20.742982665396813,0,0
1.544281005859375,0.3080765722421347,20.74392635901012,0,0
1.545074462890625,0.30809494921992897,20.74486779354025,1,0
1.54510498046875,0.30785785923178094,20.745806921741657,0,0
1.545013427734375,0.3073581076606166,20.746743696353374,0,0
1.5452880859375,0.3065892946144998,20.747678070099127,0,0
1.5445556640625,0.3055459458807204,20.748609995687417,0,0
1.542938232421875,0.30422366644332133,20.74953942581165,0,0
1.542633056640625,0.3026191017766867,20.75046631315023,0,0
1.540283203125,0.3007297988218299,20.751390610366684,0,0
1.53887939453125,0.29855410998005727,20.752312270109776,0,0
1.537017822265625,0.2960910932506884,20.753231245013595,0,0
1.534454345703125,0.29334047454459644,20.754147487697736,0,0
1.53192138671875,0.2903026688628021,20.75506095076736,0,0
1.52911376953125,0.28697875130758416,20.755971586813352,0,0
1.526031494140625,0.2833704367267138,20.756879348412426,0,0
1.5224609375,0.27948011459081645,20.757784188127285,0,0
1.519073486328125,0.2753108868579782,20.7586860585067,0,0
1.5146484375,0.2708665967526226,20.759584912085707,0,0
1.510955810546875,0.26615184922357,20.760480701385674,0,0
1.5067138671875,0.2611720890214868,20.7613733789145,0,0
1.502044677734375,0.2559338354108823,20.762262897166693,0,0
1.496856689453125,0.25044495928852106,20.763149208623574,0,0
1.49188232421875,0.24471482558652122,20.76403226575338,0,0
1.486114501953125,0.23875433439599117,20.764912021011398,0,0
1.480804443359375,0.23257595196691122,20.76578842684016,0,0
1.474151611328125,0.2261937184631196,20.766661435669555,0,0
1.46820068359375,0.21962314695622037,20.767530999916996,0,0
1.4617919921875,0.21288101311437918,20.768397071987565,0,0
1.45489501953125,0.20598514063074136,20.769259604274176,0,0
1.448272705078125,0.19895416752793266,20.770118549157747,0,0
1.441741943359375,0.19180727955576468,20.770973859007334,0,0
1.4344482421875,0.18456401671139325,20.77182548618031,0,0
1.42742919921875,0.17724409636228033,20.772673383022532,0,0
1.42034912109375,0.16986713449671767,20.7735175018685,0,0
1.412811279296875,0.1624523083939527,20.77435779504154,0,0
1.406036376953125,0.1550180065784905,20.775194214853958,0,0
1.398834228515625,0.14758151931706304,20.776026713607234,0,0
1.3919677734375,0.14015885334236294,20.776855243592177,0,0
1.38482666015625,0.1327646347437722,20.777679757089132,0,0
1.377960205078125,0.12541201741851365,20.77850020636813,0,0
1.37109375,0.11811258897964949,20.77931654368909,0,0
1.364227294921875,0.11087629738834932,20.78012872130201,0,0
1.35736083984375,0.10371138012390135,20.780936691447128,0,0
1.35076904296875,0.0966242637184008,20.78174040635514,0,0
1.344329833984375,0.08961947648509891,20.782539818247383,0,0
1.3382568359375,0.08269966949295156,20.783334879336017,0,0
1.331451416015625,0.07586574942582561,20.784125541824242,0,0
1.326080322265625,0.06911703323770121,20.784911757906485,0,0
1.319976806640625,0.0624514708875719,20.785693479768597,0,0
1.31396484375,0.055866009185103954,20.786470659588066,0,0
1.308074951171875,0.04935694100292157,20.787243249534228,0,0
1.302276611328125,0.04292013317438796,20.788011201768438,0,0
1.296142578125,0.03655119376919287,20.788774468444334,0,0
1.29022216796875,0.030245553597577038,20.789533001708012,0,0
1.2847900390625,0.0239984532983068,20.790286753698258,0,0
1.279022216796875,0.01780497814897175,20.791035676546738,0,0
1.273468017578125,0.01166019629160113,20.79177972237826,0,0
1.267974853515625,0.005559312485487369,20.792518843310948,0,0
1.26239013671875,-0.0005021935982255782,20.793252991456512,0,0
1.2568359375,-0.00652844148609974,20.793982118920436,0,0
1.251495361328125,-0.012523054148194157,20.79470617780222,0,0
1.245941162109375,-0.018489067236434092,20.79542512019561,0,0
1.240509033203125,-0.024428834690914794,20.796138898188836,0,0
1.234954833984375,-0.03034397289971135,20.796847463864836,0,0
1.2296142578125,-0.036235352141499026,20.79755076930149,0,0
1.22406005859375,-0.042103106070588224,20.798248766571888,0,0
1.218414306640625,-0.04794667410827355,20.79894140774452,0,0
1.213043212890625,-0.053764921990359295,20.799628644883565,0,0
1.20794677734375,-0.05955627929340251,20.800310430049127,0,0
1.20208740234375,-0.06531880379513558,20.800986715297455,0,0
1.196533203125,-0.07105028592865288,20.80165745268123,0,0
1.191314697265625,-0.07674851146973487,20.802322594249794,0,0
1.18603515625,-0.08241153629850032,20.802982092049415,0,0
1.18060302734375,-0.08803784526335826,20.803635898123538,0,0
1.17578125,-0.09362645619886932,20.80428396451305,0,0
1.170684814453125,-0.09917696603933886,20.804926243256524,0,0
1.16552734375,-0.10468950362474941,20.805562686390513,0,0
1.160614013671875,-0.11016467862280768,20.806193245949796,0,0
1.155792236328125,-0.11560355843791797,20.80681787396762,0,0
1.15057373046875,-0.12100762006567613,20.80743652247605,0,0
1.145751953125,-0.12637872357244842,20.808049143506132,0,0
1.1412353515625,-0.13171911689131843,20.808655689088265,0,0
1.1361083984375,-0.13703136721772874,20.809256111252424,0,0
1.131622314453125,-0.14231823700771362,20.80985036202845,0,0
1.126708984375,-0.14758258612422026,20.810438393446336,0,0
1.122222900390625,-0.15282727206330315,20.8110201575365,0,0
1.1177978515625,-0.15805499047843535,20.811595606330094,0,0
1.11260986328125,-0.16326806671550292,20.812164691859255,0,0
1.107757568359375,-0.16846834831544055,20.812727366157436,0,0
1.10296630859375,-0.17365730304155752,20.81328358125966,0,0
1.098358154296875,-0.1788361741872214,20.81383328920285,0,0
1.093414306640625,-0.1840060497577915,20.814376442026084,0,0
1.088714599609375,-0.18916790075586143,20.814912991770942,0,0
1.084320068359375,-0.19432262585932988,20.815442890481762,0,0
1.079437255859375,-0.1994710283231287,20.81596609020598,0,0
1.07470703125,-0.2046137514172971,20.8164825429944,0,0
1.069854736328125,-0.20975129459110034,20.816992200901534,0,0
1.065032958984375,-0.21488412547894287,20.817495015985898,0,0
1.0601806640625,-0.22001283671404498,20.81799094031032,0,0
1.0555419921875,-0.22513831236065113,20.81847992594225,0,0
1.05072021484375,-0.2302618617660246,20.8189619249541,0,0
1.046234130859375,-0.23538529659882537,20.819436889423525,0,0
1.04144287109375,-0.24051095154915036,20.819904771433784,0,0
1.0367431640625,-0.24564167605778253,20.82036552307404,0,0
1.03192138671875,-0.2507808535054985,20.820819096439678,0,0
1.027587890625,-0.255932437559087,20.821265443632658,0,0
1.023101806640625,-0.2611008922100486,20.821704516761816,0,0
1.018585205078125,-0.2662909740201945,20.822136267943215,0,0
1.014373779296875,-0.27150741108084253,20.82256064930047,0,0
1.009490966796875,-0.27675453770360364,20.82297761296509,0,0
1.00537109375,-0.2820359258092455,20.823387111076805,0,0
1.00048828125,-0.28735402258194687,20.823789095783923,0,0
0.995849609375,-0.2927097957408473,20.824183519243647,0,0
0.990875244140625,-0.2981024551401805,20.82457033362245,0,0
0.98590087890625,-0.3035292959032941,20.8249494910964,0,0
0.98077392578125,-0.3089856485543233,20.825320943851516,0,0
0.97601318359375,-0.31446489398044947,20.82568464408412,0,0
0.97021484375,-0.31995851004596926,20.82604054400117,0,0
0.965179443359375,-0.32545623049662087,20.826388595820664,0,0
0.95965576171875,-0.3309463668549194,20.82672875177194,0,0
0.95458984375,-0.3364161816550061,20.827060964096084,0,0
0.94927978515625,-0.34185222340806176,20.82738518504624,0,0
0.944305419921875,-0.3472406193116161,20.827701366888036,0,0
0.939056396484375,-0.35256733863555834,20.828009461899885,0,0
0.933929443359375,-0.3578184744657074,20.828309422373408,0,0
0.928924560546875,-0.3629805938972484,20.82860120061377,0,0
0.92413330078125,-0.3680411267191048,20.828884748940062,0,0
0.919281005859375,-0.37298872779199976,20.82916001968568,0,0
0.914581298828125,-0.3778136225148539,20.829426965198685,0,0
0.9102783203125,-0.3825079615763777,20.829685537842217,0,0
0.906524658203125,-0.38706609087180355,20.82993568999482,0,0
0.90234375,-0.3914846199200609,20.83017737405088,0,0
0.899078369140625,-0.3957623294896439,20.83041054242098,0,0
0.89501953125,-0.39990002294902355,20.83063514753229,0,0
0.89227294921875,-0.4039003551139453,20.83085114182896,0,0
0.889007568359375,-0.40776758348076714,20.831058477772498,0,0
0.886383056640625,-0.4115071665343524,20.83125710784219,0,0
0.883544921875,-0.4151252416592968,20.831446984535475,0,0
0.88104248046875,-0.4186280619246316,20.83162806036834,0,0
0.878448486328125,-0.42202142705691303,20.83180028787573,0,0
0.8759765625,-0.4253101369641721,20.831963619611937,0,0
0.87359619140625,-0.4284974920941395,20.83211800815102,0,0
0.871063232421875,-0.43158485458110385,20.83226340608719,0,0
0.869110107421875,-0.43457126753138003,20.832399766035234,0,0
0.8662109375,-0.43745312966567323,20.832527040630918,0,0
0.863800048828125,-0.44022402306245734,20.832645182531397,0,0
0.86151123046875,-0.4428747807913289,20.832754144415624,0,0
0.859161376953125,-0.44539368349314906,20.832853878984782,0,0
0.856903076171875,-0.4477666882540353,20.83294433896267,0,0
0.854827880859375,-0.44997773498223875,20.833025477096168,0,0
0.85284423828125,-0.45200913933430115,20.83309724615561,0,0
0.85137939453125,-0.45384201280106073,20.833159598935232,0,0
0.8489990234375,-0.45545671163152734,20.833212488253615,0,0
0.84881591796875,-0.4568333608927661,20.833255866954065,0,0
0.8465576171875,-0.4579523867872397,20.833289687905083,0,0
0.84637451171875,-0.4587950475295068,20.833313904000786,0,0
0.846527099609375,-0.4593439663912533,20.833328468161323,0,0
0.846405029296875,-0.4595834372545113,20.833333333333336,0,1
0.846466064453125,-0.4594995293728802,20.8331510398874,0,0
0.8487548828125,-0.45908020336456873,20.832604873760772,0,0
0.849456787109375,-0.45831523614315184,20.83169593470265,0,0
0.8515625,-0.4571958783175172,20.8304253600681,0,0
0.85394287109375,-0.45571451234007315,20.82879432443086,0,0
0.8570556640625,-0.45386427278169933,20.82680403918773,0,0
0.85986328125,-0.4516384772914414,20.82445575215477,0,0
0.862884521484375,-0.44903005803257967,20.821750747155484,0,0
0.86669921875,-0.4460312173236013,20.818690343601258,0,0
0.8699951171875,-0.4426332850769614,20.815275896064254,0,0
0.874176025390625,-0.43882673768481717,20.811508793842936,0,0
0.878387451171875,-0.4346014091559158,20.80739046052055,0,0
0.88250732421875,-0.42994688932334,20.802922353516706,0,0
0.887176513671875,-0.4248531701922954,20.798105963632267,0,0
0.892578125,-0.41931155095497286,20.792942814587903,0,0
0.898193359375,-0.4133156082850292,20.787434462556398,0,0
0.905029296875,-0.4068620549842168,20.781582495689012,0,0
0.911865234375,-0.3999514124102106,20.77538853363613,0,0
0.919891357421875,-0.3925884644603984,20.768854227062416,0,0
0.928253173828125,-0.3847824843066051,20.76198125715673,0,0
0.937255859375,-0.3765472160992456,20.754771335137008,0,0
0.946624755859375,-0.3679006484243781,20.747226201750347,0,0
0.95654296875,-0.3588646616661151,20.739347626768588,0,0
0.967315673828125,-0.3494645470259067,20.731137408479533,0,0
0.97784423828125,-0.3397283405804471,20.722597373174153,0,0
0.989013671875,-0.32968603519594475,20.713729374629878,0,0
1.000457763671875,-0.31936878940245306,20.704535293590347,0,0
1.01165771484375,-0.3088081566383981,20.69501703724176,0,0
1.023468017578125,-0.29803537276093334,20.685176538686093,0,0
1.035064697265625,-0.28708074818099716,20.675015756411423,0,0
1.046722412109375,-0.2759731541226065,20.664536673759578,0,0
1.05908203125,-0.26473959105599526,20.65374129839132,0,0
1.070526123046875,-0.25340479467432014,20.642631661749377,0,0
1.082550048828125,-0.24199091205501666,20.63120981851942,0,0
1.094024658203125,-0.230517369678139,20.619477846089346,0,0
1.10589599609375,-0.21900093908878493,20.607437844006988,0,0
1.117706298828125,-0.20745590846318535,20.595091933436553,0,0
1.129150390625,-0.19589430080132753,20.58244225661393,0,0
1.140228271484375,-0.18432621892858425,20.56949097630116,0,0
1.152130126953125,-0.1727604157609962,20.556240275240267,0,0
1.163604736328125,-0.1612049394309965,20.542692355606615,0,0
1.1746826171875,-0.14966770198519386,20.528849438462064,0,0
1.186309814453125,-0.13815708558352463,20.51471376320812,0,0
1.198028564453125,-0.12668259770927964,20.500287587039256,0,0
1.20928955078125,-0.11525540174363236,20.485573184396646,0,0
1.22076416015625,-0.10388874411641481,20.4705728464225,0,0
1.232452392578125,-0.09259837499437919,20.455288880415168,0,0
1.244354248046875,-0.08140284294535016,20.439723609285306,0,0
1.256072998046875,-0.07032351407110693,20.423879371013143,0,0
1.267974853515625,-0.059384334358934504,20.407758518107176,0,0
1.2794189453125,-0.048611426540594416,20.391363417064444,0,0
1.290618896484375,-0.03803262381651873,20.374696447832477,0,0
1.302154541015625,-0.027677010784431466,20.35776000327327,0,0
1.31292724609375,-0.017574416879054977,20.340556488629264,0,0
1.32366943359375,-0.00775482676808939,20.32308832099167,0,0
1.3338623046875,0.0017522032521187503,20.305357928771187,0,0
1.34368896484375,0.010918059069990965,20.28736775117141,0,0
1.35369873046875,0.01971554660212721,20.269120237664897,0,0
1.362701416015625,0.02811942339632495,20.25061784747228,0,0
1.3712158203125,0.03610696028637356,20.231863049044396,0,0
1.379608154296875,0.04365838855663326,20.212858319547667,0,0
1.387542724609375,0.05075726074853876,20.193606144352884,0,0
1.394683837890625,0.05739085242858202,20.17410901652752,0,0
1.40106201171875,0.06355052320161464,20.154369436331674,0,0
1.4073486328125,0.06923188716233378,20.134389910717875,0,0
1.412628173828125,0.07443482310803431,20.11417295283479,0,0
1.417388916015625,0.07916337754964431,20.093721081534994,0,0
1.421783447265625,0.0834255108597296,20.07303682088696,0,0
1.42547607421875,0.08723269841513323,20.05212269969131,0,0
1.4285888671875,0.0905994330536358,20.03098125100155,0,0
1.43133544921875,0.09354260066261824,20.009615011649295,0,0
1.433563232421875,0.0960807316433227,19.98802652177417,0,0
1.435577392578125,0.09823319453842749,19.966218324358447,0,0
1.436981201171875,0.10001937809899492,19.944192964766557,0,0
1.439117431640625,0.10145792987047647,19.921952990289498,0,0
1.439483642578125,0.1025661465112408,19.89950094969438,0,0
1.4412841796875,0.10335949308186748,19.876839392778987,0,0
1.442138671875,0.10385126165594882,19.853970869931644,0,0
1.441925048828125,0.10405242009118404,19.83089793169634,0,0
1.441986083984375,0.10397140325168319,19.807623128343238,0,0
1.44195556640625,0.10361368162314155,19.784149009444608,0,0
1.44171142578125,0.10298136722378909,19.76047812345635,0,0
1.44195556640625,0.10207309510027879,19.736613017304993,0,0
1.4420166015625,0.10088427388174193,19.71255623598043,0,0
1.4420166015625,0.09940776549282435,19.688310322134335,0,0
1.442047119140625,0.09763494057609418,19.66387781568431,0,0
1.4398193359375,0.09555687820994574,19.639261253423868,0,0
1.439178466796875,0.09316534778921895,19.614463168638288,0,0
1.43707275390625,0.09045351251394956,19.58948609072634,0,0
1.4351806640625,0.08741662184114529,19.56433254482799,0,0
1.433258056640625,0.08405279238971147,19.539005051458055,0,0
1.430145263671875,0.0803638487884491,19.513506126145895,0,0
1.426361083984375,0.07635608077044143,19.48783827908113,0,0
1.42279052734375,0.0720406661605223,19.46200401476548,0,0
1.418212890625,0.06743379197457433,19.43600583167061,0,0
1.413177490234375,0.06255660109474426,19.409846221902203,0,0
1.408294677734375,0.05743491117299493,19.383527670870084,0,0
1.40264892578125,0.052098742805120085,19.357052656964534,0,0
1.3970947265625,0.0465817641389141,19.330423651238757,0,0
1.391387939453125,0.040920667770951186,19.30364311709751,0,0
1.38525390625,0.03515450301108719,19.27671350999194,0,0
1.379974365234375,0.029324012712138553,19.24963727712054,0,0
1.3734130859375,0.023471021030133016,19.222416857136338,0,0
1.36810302734375,0.017637850266863542,19.195054679860256,0,0
1.362152099609375,0.011866739012591526,19.167553166000594,0,0
1.3565673828125,0.006199315183974485,19.13991472687873,0,0
1.3515625,0.0006761410550781555,19.112141764160945,0,0
1.346099853515625,-0.004663656658608045,19.08423666959637,0,0
1.341156005859375,-0.00978270084717442,19.0562018247611,0,0
1.33697509765625,-0.014645683974619572,19.028039600808373,0,0
1.33233642578125,-0.0192196124664889,18.999752358224836,0,0
1.328887939453125,-0.023473935030003362,18.97134244659289,0,0
1.324737548828125,-0.027380644071389876,18.942812204359058,0,0
1.32208251953125,-0.030914395545951434,18.91416395860836,0,0
1.319183349609375,-0.03405260067139544,18.88540002484467,0,0
1.316925048828125,-0.03677543072473517,18.856522706777035,0,0
1.31500244140625,-0.0390657846860598,18.827534296111875,0,0
1.31402587890625,-0.040909248085137476,18.79843707235109,0,0
1.312286376953125,-0.042294011242628146,18.769233302596007,0,0
1.311492919921875,-0.04321089873069843,18.739925241357124,0,0
1.311614990234375,-0.04365362199817811,18.710515130369636,0,0
1.311492919921875,-0.04361906043301643,18.68100519841462,0,0
1.31304931640625,-0.043107411309280516,18.65139766114601,0,0
1.31414794921875,-0.0421221982352389,18.621694720923088,0,0
1.316162109375,-0.04067016060602177,18.591898566648634,0,0
1.31817626953125,-0.03876114768835892,18.562011373612602,0,0
1.321197509765625,-0.03640808700850269,18.53203530334125,0,0
1.324798583984375,-0.033626906049550834,18.501972503451757,0,0
1.328643798828125,-0.030436264504886443,18.4718251075122,0,0
1.332672119140625,-0.02685714258928687,18.441595234906856,0,0
1.33746337890625,-0.022912441926474236,18.411284990706797,0,0
1.3424072265625,-0.018626606982885152,18.380896465545714,0,0
1.347869873046875,-0.014025179296176055,18.35043173550089,0,0
1.353302001953125,-0.00913429301860258,18.31989286197929,0,0
1.35919189453125,-0.003980185194941255,18.289281891608706,0,0
1.365081787109375,0.0014112384375592202,18.258600856133892,0,0
1.37091064453125,0.007014753013222352,18.22785177231763,0,0
1.377288818359375,0.012806036544290744,18.19703664184668,0,0
1.383636474609375,0.018761805266480303,18.1661574512425,0,0
1.39007568359375,0.02485994794090232,18.13521617177677,0,0
1.39691162109375,0.03107966379103208,18.10421475939156,0,0
1.403533935546875,0.037401602785859245,18.073155154624146,0,0
1.410552978515625,0.04380802590017538,18.042039282536365,0,0
1.417816162109375,0.05028300574266592,18.010869052648466,0,0
1.4246826171875,0.056812708667006356,17.979646358877428,0,0
1.43157958984375,0.06338568549260146,17.94837307947957,0,0
1.43878173828125,0.06999304761202213,17.917051076997524,0,0
1.44586181640625,0.0766285803675151,17.885682198211434,0,0
1.453460693359375,0.08328892695693357,17.854268274094284,0,0
1.46044921875,0.0899738793592274,17.82281111977137,0,0
1.467315673828125,0.0966866587426505,17.791312534483776,0,0
1.474273681640625,0.10343400032438227,17.759774301555858,0,0
1.481353759765625,0.11022603402381045,17.728198188366573,0,0
1.48828125,0.11707609894675336,17.696585946324696,0,0
1.49481201171875,0.12400049380067008,17.6649393108478,0,0
1.5015869140625,0.13101802506502883,17.63326000134489,0,0
1.508392333984375,0.1381493211048659,17.601549721202737,0,0
1.514984130859375,0.14541600335429017,17.56981015777575,0,0
1.52178955078125,0.1528397287969954,17.53804298237932,0,0
1.528961181640625,0.16044109439420826,17.50624985028669,0,0
1.536346435546875,0.16823851744344764,17.47443240072909,0,0
1.543701171875,0.1762471844192871,17.442592256899253,0,0
1.552001953125,0.1844780585022574,17.410731025958135,0,0
1.560516357421875,0.19293702394543513,17.378850299044796,0,0
1.569366455078125,0.20162430016934885,17.346951651289455,0,0
1.578643798828125,0.21053410890312882,17.315036641829483,0,0
1.588226318359375,0.2196545222299619,17.283106813828475,0,0
1.598602294921875,0.22896752166986875,17.251163694498175,0,0
1.60906982421875,0.23844935753439261,17.219208795123276,0,0
1.61956787109375,0.24807120398545424,17.187243611088988,0,0
1.630767822265625,0.25779999051787644,17.15526962191136,0,0
1.641357421875,0.2675993439514168,17.123288291270207,0,0
1.65283203125,0.277430627585959,17.091301067044725,0,0
1.663726806640625,0.28725406328030817,17.059309381351543,0,0
1.673858642578125,0.2970298563615836,17.027314650585314,0,0
1.68438720703125,0.30671909206084347,16.9953182754617,0,0
1.69464111328125,0.31628433682309093,16.963321641062706,0,0
1.70458984375,0.32569014181226613,16.931326116884335,0,0
1.714080810546875,0.33490350326867285,16.899333056886437,0,0
1.723358154296875,0.3438941659000447,16.86734379954475,0,0
1.7325439453125,0.3526347623322655,16.83535966790509,0,0
1.741607666015625,0.3611009200283576,16.80338196963956,0,0
1.75006103515625,0.3692714386787804,16.771411997104764,0,0
1.75811767578125,0.37712847787555737,16.739451027402,0,0
1.7659912109375,0.3846576409614507,16.70750032243933,0,0
1.7735595703125,0.3918479784181432,16.675561128995454,0,0
1.78094482421875,0.39869202364058165,16.643634678785418,0,0
1.787628173828125,0.40518589685755085,16.611722188528017,0,0
1.7938232421875,0.4113293810711516,16.57982486001488,0,0
1.799652099609375,0.4171258423558306,16.54794388018118,0,0
1.80548095703125,0.4225820086764283,16.516080421177904,0,0
1.81109619140625,0.4277077769195822,16.484235640445654,0,0
1.8160400390625,0.43251615907718177,16.45241068078992,0,0
1.820220947265625,0.4370232352180604,16.42060667045775,0,0
1.82464599609375,0.44124790427020494,16.388824723215805,0,0
1.828643798828125,0.44521147105236336,16.357065938429734,0,0
1.83203125,0.4489372235205075,16.32533140114483,0,0
1.83502197265625,0.4524499304643651,16.29362218216787,0,0
1.8380126953125,0.4557751194399763,16.261939338150206,0,0
1.8406982421875,0.4589381939943531,16.230283911671926,0,0
1.84283447265625,0.4619634806884992,16.198656931327122,0,0
1.845550537109375,0.4648731874796437,16.16705941181023,0,0
1.847991943359375,0.4676863499376635,16.135492354003322,0,0
1.850555419921875,0.4704179263175784,16.1039567450644,0,0
1.8533935546875,0.47307808745074387,16.07245355851658,0,0
1.856658935546875,0.47567174943765633,16.040983754338157,0,0
1.85968017578125,0.47819845678059986,16.009548279053497,0,0
1.86407470703125,0.4806526741861744,15.978148065824737,0,0
1.868499755859375,0.4830246256229442,15.946784034544224,0,0
1.873382568359375,0.48530185099391965,15.91545709192768,0,0
1.87481689453125,0.4874711550300682,15.884168131608023,0,0
1.8743896484375,0.48951982122681353,15.852918034229864,0,0
1.875579833984375,0.49143511472293805,15.82170766754455,0,0
1.879638671875,0.493202798999751,15.790537886505852,0,0
1.887054443359375,0.49480683565784667,15.759409533366107,0,0
1.89208984375,0.4962317197881519,15.728323437772893,0,0
1.8919677734375,0.49746639520441843,15.697280416866189,0,0
1.89166259765625,0.49850696923390814,15.666281275375903,0,0
1.89129638671875,0.49935680673704236,15.635326805719869,0,0
1.890960693359375,0.5000250210601933,15.604417788102136,0,0
1.890869140625,0.5005247377749653,15.573554990611663,0,0
1.890960693359375,0.5008716332691967,15.542739169321257,0,0
1.890777587890625,0.5010828165381602,15.511971068386812,0,0
1.890533447265625,0.5011759613314153,15.481251420146798,1,0
1.890594482421875,0.5011685546420596,15.45058094522195,0,0
1.8907470703125,0.5010772904576615,15.419960352615135,0,0
1.8907470703125,0.500917701243589,15.389390339811415,0,0
1.89080810546875,0.5007039809660931,15.358871592878199,0,0
1.890960693359375,0.5004489019082927,15.328404786565528,0,0
1.89080810546875,0.5001637948911808,15.297990584406435,0,0
1.890838623046875,0.49985855491508513,15.267629638817352,0,0
1.89080810546875,0.499541633608274,15.237322591198561,0,0
1.891021728515625,0.49922005904838646,15.207070072034652,0,0
1.8909912109375,0.49889953427576383,15.176872700994931,0,0
1.891204833984375,0.498584596695193,15.146731087033862,0,0
1.891357421875,0.4982788083034661,15.116645828491345,0,0
1.89117431640625,0.49798495481397387,15.086617513193023,0,0
1.8914794921875,0.49770520100972887,15.056646718550398,0,0
1.891326904296875,0.49744119625736655,15.026734011660873,0,0
1.891510009765625,0.4971941682709185,14.99687994940761,0,0
1.8912353515625,0.49696498238279396,14.967085078559283,0,0
1.891326904296875,0.49675412369192556,14.937349935869582,0,0
1.89141845703125,0.496561630712767,14.90767504817656,0,0
1.8914794921875,0.49638705984462467,14.878060932501754,0,0
1.891204833984375,0.4962294716149735,14.848508096149041,0,0
1.891387939453125,0.4960873459082296,14.819017036803306,0,0
1.891265869140625,0.4959584343894349,14.789588242628755,0,0
1.891265869140625,0.4958396184188487,14.760222192367028,0,0
1.8912353515625,0.49572676418540584,14.730919355434938,0,0
1.891357421875,0.4956145701132026,14.701680192021946,0,0
1.891204833984375,0.49549643698922724,14.67250515318729,0,0
1.891204833984375,0.4953643402154877,14.643394680956748,0,0
1.891204833984375,0.495208680580002,14.614349208419092,0,0
1.89129638671875,0.4950181623008367,14.585369159822129,0,0
1.890838623046875,0.4947797170196008,14.556454950668364,0,0
1.89013671875,0.4944783462995074,14.527606987810291,0,0
1.890533447265625,0.4940968190279243,14.498825669545255,0,0
1.89154052734375,0.49361555908438687,14.470111385709892,0,0
1.89166259765625,0.49301313133098035,14.441464517774177,0,0
1.891510009765625,0.49226715206177113,14.412885438934973,0,0
1.8914794921875,0.4913551435965894,14.384374514209165,0,0
1.89141845703125,0.4902552547807351,14.355932100526342,0,0
1.891387939453125,0.48894707935352605,14.327558546820983,0,0
1.891387939453125,0.4874127097459512,14.29925419412417,0,0
1.891448974609375,0.4856380612460469,14.271019375654829,0,0
1.891357421875,0.4836144840159296,14.242854416910452,0,0
1.890869140625,0.4813406112571328,14.214759635757334,0,0
1.877716064453125,0.47882337357121796,14.186735342520265,0,0
1.84906005859375,0.4760741339466276,14.15878184007177,0,0
1.826507568359375,0.47309513043280255,14.13089942392072,0,0
1.862884521484375,0.4698616932842331,14.10308838230052,0,0
1.888214111328125,0.46631874293255987,14.075348996256658,0,0
1.887176513671875,0.4623994670958347,14.047681539733782,0,0
1.88494873046875,0.4580495438128243,14.020086279662197,0,0
1.874664306640625,0.453240117617005,13.992563476043772,0,0
1.86480712890625,0.4479696167381248,13.965113382037343,0,0
1.85455322265625,0.44226020842804964,13.937736244043517,0,0
1.84552001953125,0.4361524070639942,13.910432301788898,0,0
1.836517333984375,0.42969986941482524,13.883201788409737,0,0
1.827484130859375,0.4229650955445576,13.85604493053503,0,0
1.81903076171875,0.4160158997090706,13.828961948368983,0,0
1.81072998046875,0.4089224754116566,13.801953055772945,0,0
1.802947998046875,0.4017550482780635,13.775018460346683,0,0
1.788787841796875,0.39458162078944437,13.748158363509114,0,0
1.782196044921875,0.38746479569063996,13.721372960578437,0,0
1.77618408203125,0.3804582369572145,13.694662440851612,0,0
1.7701416015625,0.3736047852748119,13.668026987683305,0,0
1.7647705078125,0.3669365588462935,13.641466778564176,0,0
1.759521484375,0.36047583804264194,13.614981985198584,0,0
1.754791259765625,0.3542361691198181,13.588572773581683,0,0
1.750244140625,0.348223668465111,13.56223930407588,0,0
1.745513916015625,0.34243844581789473,13.535981731486723,0,0
1.740936279296875,0.33687597780225387,13.509800205138152,0,0
1.736785888671875,0.3315283137058383,13.483694868947113,0,0
1.732391357421875,0.32638516315540533,13.457665861497615,0,0
1.728485107421875,0.321434922066493,13.431713316114097,0,0
1.72393798828125,0.31666558692364255,13.405837360934255,0,0
1.719818115234375,0.31206545925349305,13.380038118981192,0,0
1.716156005859375,0.307623636616693,13.354315708234974,0,0
1.711669921875,0.3033304119564736,13.328670241703584,0,0
1.707977294921875,0.2991775794965914,13.303101827493215,0,0
1.703887939453125,0.2951585668066746,13.277610568878007,0,0
1.70013427734375,0.29126844572494237,13.25219656436911,0,0
1.6964111328125,0.28750388006610533,13.226859907783162,0,0
1.69281005859375,0.2838630252750331,13.201600688310162,0,0
1.68896484375,0.28034537748552046,13.176418990580695,0,0
1.685699462890625,0.2769515313755865,13.151314894732575,0,0
1.682098388671875,0.2736828663608625,13.126288476476851,0,0
1.67938232421875,0.27054124560353976,13.101339807163232,0,0
1.676300048828125,0.2675288067833121,13.076468953844866,0,0
1.673309326171875,0.2646478384713303,13.051675979342567,0,0
1.67034912109375,0.2619006078457462,13.026960942308355,0,0
1.667694091796875,0.25928906237980975,13.00232389728847,0,0
1.66558837890625,0.2568145198128287,12.977764894785741,0,0
1.662994384765625,0.25447747934842396,12.953283981321366,0,0
1.661163330078125,0.2522775234635048,12.928881199496084,0,0
1.659210205078125,0.25021324626386965,12.904556588050779,0,0
1.657958984375,0.2482822751363749,12.880310181926447,0,0
1.655975341796875,0.24648142602664044,12.856142012323598,0,0
1.65472412109375,0.24480687403070372,12.832052106761079,0,0
1.6533203125,0.24325425151660493,12.80804048913428,0,0
1.652252197265625,0.24181873954162664,12.784107179772773,0,0
1.650665283203125,0.24049517345710014,12.760252195497383,0,0
1.65093994140625,0.23927815448740022,12.736475549676637,0,0
1.64849853515625,0.23816223916504817,12.712777252282688,0,0
1.6483154296875,0.23714206450165193,12.689157309946621,0,0
1.64849853515625,0.2362123558270081,12.665615726013225,0,0
1.6461181640625,0.235368078725667,12.64215250059518,0,0
1.645904541015625,0.2346045154907831,12.618767630626662,0,0
1.646026611328125,0.2339170418977007,12.595461109916439,0,0
1.646148681640625,0.23330114117459458,12.572232929200338,0,0
1.64398193359375,0.2327527631292372,12.549083076193215,0,0
1.643646240234375,0.23226831319080798,12.526011535640354,0,0
1.643402099609375,0.2318441145655409,12.5030182893683,0,0
1.643402099609375,0.23147597789179974,12.480103316335185,0,0
1.643463134765625,0.2311591960371685,12.457266592680469,0,0
1.643341064453125,0.2308887527342104,12.434508091774171,0,0
1.6434326171875,0.23065954056656457,12.411827784265558,0,0
1.643646240234375,0.2304665526668926,12.389225638131308,0,0
1.643310546875,0.2303050673265009,12.366701618723125,0,0
1.64324951171875,0.23017075125468545,12.344255688814858,0,0
1.6434326171875,0.2300596321750059,12.321887808649079,0,0
1.64373779296875,0.22996808948018627,12.299597935983153,0,0
1.64349365234375,0.2298929633620093,12.277386026134787,0,0
1.643310546875,0.22983162929783502,12.25525203202708,0,0
1.643341064453125,0.22978189571285496,12.233195904233073,0,0
1.6435546875,0.2297418352844788,12.211217591019752,0,0
1.64349365234375,0.2297097101316005,12.189317038391627,0,0
1.643646240234375,0.2296839706427136,12.16749419013374,0,0
1.64361572265625,0.22966324349159584,12.145748987854253,0,0
1.643585205078125,0.22964628567885656,12.124081371026481,0,0
1.643585205078125,0.22963189726769292,12.1024912770305,0,0
1.643402099609375,0.22961878772619984,12.080978641194234,0,0
1.6431884765625,0.22960538404352807,12.059543396834098,0,0
1.643218994140625,0.22958957589996715,12.038185475295142,0,0
1.643341064453125,0.22956847794991825,12.016904805990746,0,0
1.643341064453125,0.22953830353125773,11.995701316441851,0,0
1.64361572265625,0.2294943445163768,11.974574932315708,0,0
1.643798828125,0.22943103228844147,11.95352557746421,0,0
1.643402099609375,0.22934204202453407,11.932553173961736,0,0
1.643524169921875,0.22922032139088588,11.911657642142558,0,0
1.64349365234375,0.22905803063267766,11.89083890063782,0,0
1.64361572265625,0.2288465438509,11.87009686641205,0,0
1.6436767578125,0.2285765868732032,11.849431454799253,0,0
1.643798828125,0.22823848518884443,11.828842579538575,0,0
1.64361572265625,0.2278224867575145,11.808330152809527,0,0
1.64337158203125,0.22731909287822252,11.787894085266768,0,0
1.6414794921875,0.2267192187936047,11.76753428607453,0,0
1.641571044921875,0.22601400135385155,11.747250662940543,0,0
1.641326904296875,0.22519451110544678,11.727043122149611,0,0
1.64056396484375,0.22425184479393845,11.70691156859675,0,0
1.638671875,0.22317743562090064,11.686855905819929,0,0
1.638519287109375,0.22196311961211018,11.666876036032397,0,0
1.6361083984375,0.2206010250718083,11.646971860154641,0,0
1.6356201171875,0.21908350243294455,11.627143277845928,0,0
1.633758544921875,0.21740312689583893,11.607390187535444,0,0
1.63201904296875,0.2155528034886552,11.587712486453093,0,0
1.630401611328125,0.21352590341601563,11.568110070659868,0,0
1.62841796875,0.21131640106315877,11.548582835077868,0,0
1.625885009765625,0.20891906016338813,11.529130673519937,0,0
1.6236572265625,0.20632957786393313,11.509753478718931,0,0
1.621307373046875,0.2035446879690812,11.490451142356612,0,0
1.618408203125,0.20056236027264082,11.471223555092196,0,0
1.61566162109375,0.19738207424419926,11.45207060659051,0,0
1.61236572265625,0.19400507076623844,11.43299218554984,0,0
1.608734130859375,0.19043454308449717,11.41398817972939,0,0
1.6053466796875,0.1866757353166842,11.3950584759764,0,0
1.60125732421875,0.18273598539571126,11.376202960252924,0,0
1.59722900390625,0.17862475159034946,11.357421517662278,0,0
1.59283447265625,0.17435357503698265,11.338714032475135,0,0
1.58807373046875,0.1699359420333535,11.320080388155285,0,0
1.583770751953125,0.16538706002625442,11.30152046738508,0,0
1.5791015625,0.16072364568647368,11.28303415209054,0,0
1.573944091796875,0.15596378949011708,11.264621323466159,0,0
1.569000244140625,0.15112677019091236,11.246281861999346,0,0
1.563812255859375,0.1462327343396161,11.22801564749459,0,0
1.558929443359375,0.14130233943456075,11.209822559097324,0,0
1.55389404296875,0.13635646291191375,11.19170247531742,0,0
1.548583984375,0.13141596907499803,11.173655274052445,0,0
1.543701171875,0.12650145048133984,11.155680832610583,0,0
1.538665771484375,0.12163293554317592,11.137779027733254,0,0
1.5338134765625,0.11682963422227796,11.119949735617471,0,0
1.529083251953125,0.11210973505589655,11.102192831937849,0,0
1.524200439453125,0.10749022203416939,11.084508191868393,0,0
1.519622802734375,0.10298667190334146,11.066895690103948,0,0
1.515777587890625,0.0986130645590467,11.049355200881402,0,0
1.511627197265625,0.09438175697182594,11.03188659800059,0,0
1.50726318359375,0.09030360855700803,11.01448975484493,0,0
1.503448486328125,0.0863880242326282,10.9971645444018,0,0
1.499603271484375,0.08264284967547633,10.979910839282617,0,0
1.496551513671875,0.07907428773184305,10.962728511742696,0,0
1.493133544921875,0.07568696119864751,10.945617433700793,0,0
1.489898681640625,0.07248406199519203,10.92857747675845,0,0
1.48712158203125,0.06946744867886392,10.911608512219019,0,0
1.48431396484375,0.06663769502801942,10.894710411106498,0,0
1.482025146484375,0.06399418296350451,10.877883044184067,0,0
1.4796142578125,0.06153525933945314,10.861126281972412,0,0
1.477630615234375,0.05925842727249042,10.844439994767786,0,0
1.4754638671875,0.057160532427906696,10.827824052659837,0,0
1.4736328125,0.055237898873892494,10.811278325549212,0,0
1.4718017578125,0.05348639054517243,10.7948026831649,0,0
1.47076416015625,0.051901452624733724,10.778396995081362,0,0
1.46875,0.050478201424999425,10.76206113073544,0,0
1.468902587890625,0.04921156794654638,10.74579495944302,0,0
1.46636962890625,0.04809649597183849,10.729598350415491,0,0
1.466400146484375,0.047128081754105766,10.71347117277598,0,0
1.466156005859375,0.04630164954500213,10.697413295575364,0,0
1.463836669921875,0.045612923443732356,10.681424587808072,0,0
1.463958740234375,0.045058034221289456,10.665504918427693,0,0
1.464019775390625,0.04463326601643086,10.649654156362342,0,0
1.4638671875,0.044335062913086976,10.633872170529852,0,0
1.4639892578125,0.04416038407445058,10.618158829852756,0,0
1.46405029296875,0.04410705311745414,10.60251400327305,0,0
1.464080810546875,0.04417399274288744,10.58693755976679,0,0
1.463836669921875,0.04436132147458541,10.571429368358483,0,0
1.463897705078125,0.044670233805109844,10.55598929813526,0,0
1.463958740234375,0.045102689007004315,10.54061721826091,0,0
1.46368408203125,0.04566098097025503,10.525312997989689,0,0
1.46539306640625,0.04634727908250044,10.510076506679955,0,0
1.466217041015625,0.04716341885648645,10.494907613807635,0,0
1.46624755859375,0.04811100636508969,10.479806188979495,0,0
1.4677734375,0.04919141498101243,10.464772101946245,0,0
1.468536376953125,0.05040554498589983,10.449805222615467,0,0
1.4703369140625,0.05175364342083558,10.434905421064379,0,0
1.47125244140625,0.053235256500464095,10.420072567552412,0,0
1.4737548828125,0.05484922790069913,10.405306532533647,0,0
1.4749755859375,0.056593775342710706,10.39060718666907,0,0
1.476531982421875,0.05846657830935145,10.375974400838667,0,0
1.478485107421875,0.060464676094653974,10.361408046153365,0,0
1.48101806640625,0.06258426351336074,10.346907993966816,0,0
1.48291015625,0.06482064800654666,10.33247411588704,0,0
1.485443115234375,0.06716832499636952,10.31810628378787,0,0
1.48779296875,0.06962101064169393,10.303804369820313,0,0
1.490264892578125,0.07217163847485497,10.28956824642372,0,0
1.492767333984375,0.07481233427047204,10.275397786336804,0,0
1.495819091796875,0.07753437538930019,10.261292862608563,0,0
1.4989013671875,0.08032824887756757,10.24725334860901,0,0
1.502044677734375,0.08318389372058799,10.2332791180398,0,0
1.504608154296875,0.08609101493649873,10.219370044944696,0,0
1.50799560546875,0.08903929160094745,10.20552600371993,0,0
1.51092529296875,0.0920184973221668,10.191746869124394,0,0
1.51416015625,0.09501865900240022,10.178032516289736,0,0
1.517181396484375,0.09803025197518947,10.164382820730326,0,0
1.519866943359375,0.10104434266582063,10.150797658353056,0,0
1.5233154296875,0.10405263508454321,10.13727690546707,0,0
1.526275634765625,0.10704751366913334,10.123820438793341,0,0
1.529144287109375,0.11002216513312241,10.110428135474137,0,0
1.53216552734375,0.11297068331088309,10.097099873082362,0,0
1.53472900390625,0.1158880782988613,10.083835529630804,0,0
1.53741455078125,0.11877019236864428,10.070634983581245,0,0
1.54034423828125,0.12161354024875345,10.057498113853457,0,0
1.542877197265625,0.12441516346989367,10.044424799834127,0,0
1.545562744140625,0.12717253524825284,10.031414921385622,0,0
1.54815673828125,0.12988345823867636,10.018468358854692,0,0
1.550933837890625,0.13254596986277645,10.005584993081051,0,0
1.55322265625,0.13515829682615732,9.992764705405834,0,0
1.555694580078125,0.137718802095185,9.98000737768001,0,0
1.55828857421875,0.14022588561686217,9.967312892272636,0,0
1.560516357421875,0.14267790706525046,9.954681132079058,0,0
1.562713623046875,0.14507313502843786,9.942111980528997,0,0
1.56512451171875,0.1474096564284751,9.929605321594543,0,0
1.5672607421875,0.1496852849420699,9.91716103979807,0,0
1.569366455078125,0.15189751651863964,9.904779020220051,0,0
1.571380615234375,0.15404348236236964,9.89245914850678,0,0
1.57330322265625,0.15611986607243955,9.880201310878036,0,0
1.574981689453125,0.15812278633539587,9.868005394134613,0,0
1.57708740234375,0.16004765403280588,9.855871285665836,0,0
1.579071044921875,0.16188909535589574,9.843798873456935,0,0
1.58056640625,0.16364101039791273,9.83178804609637,0,0
1.58197021484375,0.16529663684294948,9.819838692783074,0,0
1.58428955078125,0.16684854159737772,9.807950703333612,0,0
1.585052490234375,0.16828869192998547,9.796123968189283,0,0
1.58697509765625,0.16960862162480844,9.784358378423152,0,0
1.58758544921875,0.17079955096317428,9.77265382574696,0,0
1.58929443359375,0.17185246574385454,9.761010202518053,0,0
1.589508056640625,0.17275821114395717,9.749427401746159,0,0
1.591156005859375,0.1735075995312386,9.73790531710015,0,0
1.591949462890625,0.17409162027358346,9.726443842914728,0,0
1.5921630859375,0.17450181655624414,9.715042874197037,0,0
1.591796875,0.17473057698772643,9.70370230663322,0,0
1.5919189453125,0.17477108936622704,9.692422036594937,0,0
1.592193603515625,0.17461717078429773,9.681201961145778,0,0
1.592071533203125,0.17426334022929685,9.670041978047676,0,0
1.59210205078125,0.17370518639648191,9.6589419857672,0,0
1.58953857421875,0.1729397287589507,9.647901883481877,0,0
1.589599609375,0.17196540264255614,9.63692157108637,0,0
1.58782958984375,0.17078179032152313,9.626000949198682,0,0
1.58709716796875,0.16938954256532168,9.61513991916626,0,0
1.5843505859375,0.16779047770273736,9.604338383072077,0,0
1.583038330078125,0.16598754743617888,9.593596243740668,0,0
1.580810546875,0.1639846787150847,9.5829134047441,0,0
1.578765869140625,0.16178671631812613,9.572289770407908,0,0
1.576202392578125,0.15939948666333997,9.561725245817021,0,0
1.573577880859375,0.15682984933941077,9.55121973682159,0,0
1.570526123046875,0.1540856768593799,9.540773150042813,0,0
1.56787109375,0.15117578409272558,9.530385392878712,0,0
1.564056396484375,0.1481098482642215,9.520056373509894,0,0
1.5609130859375,0.14489827505510355,9.509786000905228,0,0
1.55743408203125,0.14155199279663755,9.499574184827546,0,0
1.553558349609375,0.13808227449980037,9.489420835839253,0,0
1.550323486328125,0.13450061388875642,9.479325865307972,0,0
1.546356201171875,0.13081865826181543,9.46928918541209,0,0
1.54241943359375,0.12704820284790844,9.459310709146333,0,0
1.5386962890625,0.1232011644291223,9.449390350327272,0,0
1.53411865234375,0.11928950425870244,9.439528023598822,0,0
1.529998779296875,0.11532507258645233,9.429723644437722,0,0
1.526123046875,0.11131937005466416,9.419977129158983,0,0
1.5218505859375,0.1072833832841622,9.410288394921302,0,0
1.517547607421875,0.10322753375667917,9.40065735973248,0,0
1.51361083984375,0.09916161314698896,9.391083942454795,0,0
1.5093994140625,0.09509472015676937,9.38156806281039,0,0
1.50469970703125,0.09103521920521959,9.372109641386597,0,0
1.500885009765625,0.0869906077443228,9.362708599641287,0,0
1.496673583984375,0.08296733951585109,9.353364859908186,0,0
1.492340087890625,0.07897073648901501,9.344078345402183,0,0
1.4884033203125,0.07500492281446061,9.33484898022462,0,0
1.48443603515625,0.07107274046692524,9.325676689368574,0,0
1.480682373046875,0.06717575119533198,9.316561398724135,0,0
1.47686767578125,0.06331435780770187,9.307503035083663,0,0
1.4727783203125,0.05948796513793683,9.29850152614706,0,0
1.4686279296875,0.055695049935526986,9.289556800527004,0,0
1.46502685546875,0.05193309008318178,9.280668787754204,0,0
1.46136474609375,0.04819850318616101,9.271837418282646,0,0
1.457977294921875,0.04448676168377241,9.263062623494825,0,0
1.453857421875,0.04079263832621938,9.254344335706998,0,0
1.450042724609375,0.037110377203453976,9.245682488174403,0,0
1.44635009765625,0.033433695873234026,9.237077015096517,0,0
1.44287109375,0.02975576664613061,9.228527851622296,0,0
1.439056396484375,0.026069323499760072,9.22003493385541,0,0
1.43560791015625,0.022366854648164652,9.211598198859516,0,0
1.4317626953125,0.018640809182035867,9.203217584663491,0,0
1.428375244140625,0.0148838193159056,9.194893030266707,0,0
1.424224853515625,0.011088937501708862,9.186624475644317,0,0
1.420806884765625,0.007249850970782901,9.178411861752513,0,0
1.41729736328125,0.003361117807731795,9.170255130533835,0,0
1.4132080078125,-0.0005814820666016352,9.162154224922476,0,0
1.408782958984375,-0.004580616722328401,9.154109088849594,0,0
1.40484619140625,-0.008637307399140981,9.146119667248641,0,0
1.40057373046875,-0.012750979598213419,9.138185906060725,0,0
1.396453857421875,-0.016919462882606262,9.130307752239968,0,0
1.3916015625,-0.021138965124377462,9.122485153758879,0,0
1.38714599609375,-0.02540416960937636,9.114718059613768,0,0
1.382537841796875,-0.029708475188336192,9.107006419830162,0,0
1.3780517578125,-0.03404425077016782,9.099350185468253,0,0
1.37359619140625,-0.038403011103883444,9.091749308628348,0,0
1.3685302734375,-0.04277555433511154,9.08420374245639,0,0
1.364105224609375,-0.04715216899522262,9.07671344114944,0,0
1.359710693359375,-0.0515228866579267,9.069278359961231,0,0
1.355010986328125,-0.05587763628379816,9.061898455207738,0,0
1.35003662109375,-0.06020635726056561,9.054573684272771,0,0
1.34600830078125,-0.06449922175501877,9.047304005613608,0,0
1.34149169921875,-0.0687468525073826,9.04008937876664,0,0
1.337127685546875,-0.07294039688568582,9.03292976435307,0,0
1.33258056640625,-0.07707157749938437,9.025825124084635,0,0
1.328460693359375,-0.08113283455948245,9.018775420769366,0,0
1.32470703125,-0.0851174578839462,9.011780618317374,0,0
1.32025146484375,-0.08901959423410677,9.004840681746675,0,0
1.316680908203125,-0.09283420857867714,8.997955577189083,0,0
1.312713623046875,-0.09655707927123378,8.991125271896097,0,0
1.309112548828125,-0.10018477169675105,8.984349734244853,0,0
1.305694580078125,-0.10371456135964982,8.977628933744128,0,0
1.30218505859375,-0.10714430847476097,8.970962841040352,0,0
1.298309326171875,-0.1104723400687542,8.964351427923713,0,0
1.295318603515625,-0.1136974518063946,8.957794667334248,0,0
1.29229736328125,-0.1168189450083168,8.951292533368061,0,0
1.288787841796875,-0.11983654990221981,8.944845001283502,0,0
1.28594970703125,-0.12275034319907324,8.938452047507443,0,0
1.283172607421875,-0.12556074481854756,8.932113649641629,0,0
1.280242919921875,-0.12826847755044968,8.925829786469007,0,0
1.277587890625,-0.13087448244117558,8.919600437960181,0,0
1.275054931640625,-0.13337986444048375,8.91342558527989,0,0
1.272613525390625,-0.1357858331905161,8.907305210793533,0,0
1.27001953125,-0.13809362187455357,8.901239298073772,0,0
1.26763916015625,-0.14030445579132014,8.895227831907183,0,0
1.265228271484375,-0.14241960798774653,8.889270798300966,0,0
1.263153076171875,-0.14444049705699238,8.883368184489726,0,0
1.261138916015625,-0.14636875470054256,8.877519978942312,0,0
1.25946044921875,-0.1482062042318601,8.871726171368705,0,0
1.2574462890625,-0.14995474813733076,8.865986752726993,0,0
1.255401611328125,-0.1516162721538995,8.86030171523042,0,0
1.25372314453125,-0.15319268228761454,8.854671052354455,0,0
1.252532958984375,-0.15468598815725915,8.849094758843997,0,0
1.250213623046875,-0.15609829578840848,8.843572830720602,0,0
1.2496337890625,-0.15743178034778565,8.838105265289796,0,0
1.2474365234375,-0.158688688757946,8.832692061148478,0,0
1.24652099609375,-0.15987134453827975,8.82733321819238,0,0
1.2452392578125,-0.16098217722290104,8.822028737623597,0,0
1.2442626953125,-0.16202370517885062,8.81677862195824,0,0
1.242645263671875,-0.16299846214243235,8.811582875034096,0,0
1.242431640625,-0.16390896943218858,8.806441502018448,0,0
1.240203857421875,-0.16475774178617306,8.801354509415912,0,0
1.24017333984375,-0.16554734656602155,8.796321905076413,0,0
1.239959716796875,-0.16628042433999662,8.791343698203203,0,0
1.23748779296875,-0.16695951514929003,8.786419899360991,0,0
1.237579345703125,-0.16758701117307212,8.781550520484165,0,0
1.237518310546875,-0.16816532170746304,8.776735574885072,0,0
1.236236572265625,-0.1686967757442531,8.771975077262457,0,0
1.234954833984375,-0.16918341896101086,8.767269043709911,0,0
1.2349853515625,-0.1696271697573157,8.762617491724493,0,0
1.234832763671875,-0.17003002629484323,8.758020440215386,0,0
1.23492431640625,-0.1703938639316414,8.753477909512705,0,0
1.2325439453125,-0.17072008313759476,8.748989921376376,0,0
1.232879638671875,-0.17100968736823477,8.74455649900511,0,0
1.23260498046875,-0.1712636888007941,8.740177667045515,0,0
1.232940673828125,-0.17148319737867634,8.73585345160128,0,0
1.232696533203125,-0.17166905961956325,8.731583880242502,0,0
1.23272705078125,-0.17182139761623055,8.727368982015072,0,0
1.23114013671875,-0.17193935145101671,8.72320878745023,0,0
1.229705810546875,-0.17202133989239796,8.719103328574201,0,0
1.230010986328125,-0.1720658737885989,8.715052638917937,0,0
1.230133056640625,-0.17207229997831217,8.711056753527016,0,0
1.229949951171875,-0.17204096066033464,8.707115708971605,0,0
1.230224609375,-0.17197300307882696,8.703229543356619,0,0
1.230010986328125,-0.1718701926408042,8.69939829633191,0,0
1.230224609375,-0.17173478102763928,8.695622009102676,0,0
1.230072021484375,-0.17156941847696383,8.691900724439911,0,0
1.230194091796875,-0.17137711236130526,8.688234486691055,0,0
1.22991943359375,-0.17116124040694017,8.684623341790735,0,0
1.2303466796875,-0.1709256149212439,8.681067337271635,0,0
1.230499267578125,-0.17067450727114813,8.67756652227556,0,0
1.23040771484375,-0.1704125778878586,8.67412094756453,0,0
1.22998046875,-0.1701448640240156,8.670730665532146,0,0
1.23028564453125,-0.169876963189697,8.667395730214968,0,0
1.23028564453125,-0.16961526907379634,8.664116197304152,0,0
1.230255126953125,-0.16936708860561694,8.660892124157145,0,0
1.230133056640625,-0.1691407073117123,8.657723569809585,0,0
1.231903076171875,-0.1689453712676258,8.654610594987323,0,0
1.23272705078125,-0.16879081828281906,8.651553262118615,0,0
1.2327880859375,-0.16868629172978614,8.648551635346454,0,0
1.23272705078125,-0.16863960897562622,8.645605780541086,0,0
1.232635498046875,-0.16865669512676817,8.642715765312655,0,0
1.23260498046875,-0.16874141017345365,8.639881659024038,0,0
1.23028564453125,-0.16889556504852196,8.637103532803826,0,0
1.230133056640625,-0.16911937470211783,8.634381459559497,0,0
1.230010986328125,-0.16941219211562797,8.631715513990745,0,0
1.230072021484375,-0.1697728467879691,8.62910577260297,0,0
1.22857666015625,-0.17019947360892812,8.626552313720973,0,0
1.227813720703125,-0.1706894192553168,8.62405521750281,0,0
1.22796630859375,-0.17123942445589493,8.621614565953854,0,0
1.22613525390625,-0.17184572952706614,8.619230442940996,0,0
1.225189208984375,-0.1725041227070226,8.616902934207074,0,0
1.22540283203125,-0.17321013147810024,8.614632127385493,0,0
1.222747802734375,-0.173959147298455,8.612418112015003,0,0
1.2227783203125,-0.1747465137730487,8.61026097955471,0,0
1.2216796875,-0.17556771786769454,8.608160823399276,0,0
1.22027587890625,-0.17641846145637827,8.606117738894312,0,0
1.21954345703125,-0.17729465026960495,8.604131823351997,0,0
1.21783447265625,-0.17819249214511282,8.602203176066874,0,0
1.2177734375,-0.17910860671744405,8.6003318983319,0,0
1.216400146484375,-0.18003997314205125,8.59851809345468,0,0
1.215667724609375,-0.18098370183790352,8.596761866773925,0,0
1.21405029296875,-0.181936830376257,8.595063325676161,0,0
1.212738037109375,-0.18289632747452164,8.593422579612621,0,0
1.212188720703125,-0.18385924031502276,8.591839740116388,0,0
1.210693359375,-0.18482275611107954,8.590314920819775,0,0
1.210052490234375,-0.18578411068039877,8.588848237471947,0,0
1.208038330078125,-0.1867405161721618,8.587439807956759,0,0
1.208160400390625,-0.18768918433943632,8.586089752310855,0,0
1.2056884765625,-0.18862734159919817,8.58479819274202,0,0
1.205718994140625,-0.1895522300639122,8.583565253647771,0,0
1.203826904296875,-0.1904611434039997,8.582391061634215,0,0
1.203125,-0.19135145746994858,8.581275745535153,0,0
1.202301025390625,-0.19222064060520752,8.580219436431456,0,0
1.200469970703125,-0.19306625131441865,8.579222267670724,0,0
1.200592041015625,-0.19388595820411644,8.578284374887183,0,0
1.19903564453125,-0.19467752813072253,8.577405896021897,0,0
1.198089599609375,-0.19543873528488084,8.576586971343216,0,0
1.198211669921875,-0.1961672852410201,8.575827743467572,0,0
1.19635009765625,-0.19686068627120315,8.575128357380493,0,0
1.195648193359375,-0.1975161302578155,8.574488960457954,0,0
1.19573974609375,-0.1981305345553516,8.573909702488045,0,0
1.19464111328125,-0.19870047478164093,8.573390735692874,0,0
1.19329833984375,-0.1992219873790733,8.572932214750852,0,0
1.193572998046875,-0.19969058820088928,8.572534296819263,0,0
1.19329833984375,-0.2001013136994311,8.572197141557128,0,0
1.1915283203125,-0.2004485394746077,8.57192091114842,0,0
1.190673828125,-0.20072602897920194,8.571705770325623,0,0
1.190643310546875,-0.2009274375704946,8.571551886393578,0,0
1.1905517578125,-0.20104673591341582,8.57145942925371,0,0
1.190673828125,-0.20107819472597235,8.571428571428571,0,1
1.19073486328125,-0.20101612029676305,8.57157208357361,0,0
1.190673828125,-0.2008545829604261,8.572001427321263,0,0
1.19049072265625,-0.20058727139282131,8.572714855990274,0,0
1.190826416015625,-0.20020752124205862,8.573710678430077,0,0
1.190826416015625,-0.19970843675315772,8.574987257879513,0,0
1.19091796875,-0.1990830537927703,8.576543010858872,0,0
1.190643310546875,-0.19832464995648072,8.578376406094065,0,0
1.192352294921875,-0.19742718639775345,8.5804859634719,0,0
1.19342041015625,-0.19638552376684246,8.582870253025357,0,0
1.19317626953125,-0.1951953049867517,8.585527893947829,0,0
1.195526123046875,-0.19385292808028157,8.588457553635392,0,0
1.195526123046875,-0.19235572592297834,8.591657946756117,0,0
1.197845458984375,-0.19070213126283436,8.595127834345504,0,0
1.198638916015625,-0.18889182060121704,8.598866022927192,0,0
1.20062255859375,-0.18692587709683658,8.602871363658021,0,0
1.202728271484375,-0.1848069382422936,8.607142751496712,0,0
1.204498291015625,-0.18253926282301472,8.611679124395266,0,0
1.20855712890625,-0.18012860906099643,8.616479462512395,0,0
1.2110595703125,-0.17758174387684084,8.621542787448185,0,0
1.213623046875,-0.17490564616016174,8.626868161499289,0,0
1.216033935546875,-0.17210690385149638,8.632454686933952,0,0
1.219024658203125,-0.16919153510748236,8.638301505286192,0,0
1.2215576171875,-0.1661649848299497,8.64440779666846,0,0
1.22454833984375,-0.16303214591670506,8.650772779102185,0,0
1.227874755859375,-0.1597973963863573,8.657395707865554,0,0
1.230987548828125,-0.15646456899716452,8.664275874857934,0,0
1.2335205078125,-0.15303689831593387,8.671412607980379,0,0
1.23687744140625,-0.14951715942020094,8.678805270531647,0,0
1.24078369140625,-0.14590793247525294,8.686453260619158,0,0
1.243896484375,-0.1422116930581524,8.694356010584416,0,0
1.247650146484375,-0.1384307499280148,8.702512986442326,0,0
1.25128173828125,-0.13456723469114135,8.710923687333937,0,0
1.254913330078125,-0.13062313835852613,8.71958764499213,0,0
1.25885009765625,-0.12660034660024852,8.72850442321974,0,0
1.2625732421875,-0.12250068487884455,8.737673617379675,0,0
1.26629638671875,-0.11832599384896673,8.747094853896611,0,0
1.27032470703125,-0.11407827816409126,8.756767789769743,0,0
1.27447509765625,-0.10975988506360802,8.766692112096267,0,0
1.2781982421875,-0.10537364378053996,8.776867537605074,0,0
1.282928466796875,-0.10092299443370241,8.787293812200348,0,0
1.28692626953125,-0.09641208214885018,8.797970710514566,0,0
1.291656494140625,-0.09184575736911059,8.808898035470602,0,0
1.29608154296875,-0.0872295092818066,8.820075617852495,0,0
1.300750732421875,-0.08256935181264197,8.831503315884543,0,0
1.305511474609375,-0.07787166052108703,8.843181014818308,0,0
1.310302734375,-0.07314295824918071,8.85510862652724,0,0
1.31494140625,-0.06838965620433164,8.867286089108525,0,0
1.31939697265625,-0.06361783225848341,8.879713366491798,0,0
1.32403564453125,-0.05883313282319541,8.892390448054435,0,0
1.32861328125,-0.05404077311197221,8.905317348243031,0,0
1.333709716796875,-0.04924551746225135,8.918494106200777,0,0
1.33837890625,-0.04445153335011105,8.931920785400386,0,0
1.342681884765625,-0.039662177599118886,8.945597473282271,0,0
1.347381591796875,-0.03487990399679654,8.959524280897632,0,0
1.351959228515625,-0.030106311355742557,8.973701342556172,0,0
1.356536865234375,-0.025342185488197222,8.988128815478113,0,0
1.36102294921875,-0.020587503460199788,9.002806879450205,0,0
1.365631103515625,-0.01584145382991882,9.017735736485454,0,0
1.369781494140625,-0.011102495614581487,9.03291561048624,0,0
1.374359130859375,-0.006368486389761785,9.04834674691055,0,0
1.378753662109375,-0.0016368650491317277,9.064029412441014,0,0
1.3829345703125,0.003095163401662146,9.079963894656483,0,0
1.387603759765625,0.007830429388869534,9.096150501705823,0,0
1.39227294921875,0.012571627159110955,9.112589561983667,0,0
1.3966064453125,0.017321255939847666,9.129281423807813,0,0
1.401031494140625,0.022081591118947128,9.146226455098017,0,0
1.40557861328125,0.02685456867743511,9.16342504305585,0,0
1.410125732421875,0.0316416351430331,9.180877593845386,0,0
1.414703369140625,0.036443643166092374,9.198584532274383,0,0
1.41943359375,0.041260795846721085,9.21654630147573,0,0
1.4239501953125,0.046092627567316746,9.23476336258883,0,0
1.428680419921875,0.0509379983673818,9.253236194440648,0,0
1.432861328125,0.05579504777712421,9.271965293226183,0,0
1.4381103515625,0.06066109366462342,9.290951172187972,0,0
1.442626953125,0.06553258564175878,9.310194361294487,0,0
1.447021484375,0.07040515280344324,9.329695406916995,0,0
1.4517822265625,0.07527358822200764,9.349454871504696,0,0
1.45611572265625,0.08013171853607727,9.369473333257789,0,0
1.4609375,0.08497226315983852,9.389751385798204,0,0
1.465240478515625,0.08978672506550514,9.410289637837707,0,0
1.4696044921875,0.09456527434532704,9.431088712843033,0,0
1.47430419921875,0.09929659179007148,9.452149248697859,0,0
1.478668212890625,0.10396774390493693,9.473471897361167,0,0
1.482513427734375,0.10856411009752942,9.495057324521833,0,0
1.487091064453125,0.11306924108866734,9.516906209249047,0,0
1.494384765625,0.11746492604045833,9.539019243638304,0,0
1.498687744140625,0.12173210952734229,9.56139713245261,0,0
1.502349853515625,0.12585239731138292,9.58404059275864,0,0
1.506072998046875,0.12980905343476515,9.606950353557485,0,0
1.509613037109375,0.1335871956922744,9.630127155409685,0,0
1.51220703125,0.13717366889462135,9.653571750054233,0,0
1.515625,0.14055679398658974,9.677284900021188,0,0
1.518524169921875,0.143726075530858,9.701267378237592,0,0
1.5211181640625,0.14667204406645606,9.725519967626342,0,0
1.52398681640625,0.14938622358658254,9.750043460697672,0,0
1.52606201171875,0.15186115585336502,9.7748386591329,0,0
1.527862548828125,0.1540904346815744,9.79990637336009,0,0
1.53021240234375,0.15606868613666577,9.825247422121253,0,0
1.53143310546875,0.1577915797861079,9.85086263203078,0,0
1.5330810546875,0.15925593659921575,9.876752837124652,0,0
1.532745361328125,0.16045975617931915,9.902918878400136,0,0
1.535186767578125,0.16140206002043894,9.929361603345548,0,0
1.53521728515625,0.1620828473937479,9.956081865459709,0,0
1.53521728515625,0.1625033222842744,9.983080523760696,0,0
1.53533935546875,0.162666030913871,10.01035844228351,1,0
1.535186767578125,0.16257479641929662,10.037916489566252,0,0
1.53399658203125,0.16223466415946824,10.06575553812439,0,0
1.532806396484375,0.16165174849134434,10.093876463912734,0,0
1.532745361328125,0.16083292078214617,10.122280145774646,0,0
1.530242919921875,0.15978561008086523,10.150967464878137,0,0
1.529327392578125,0.15851770199010887,10.179939304138331,0,0
1.527862548828125,0.15703738596970623,10.209196547625954,0,0
1.525543212890625,0.15535310376984393,10.238740079961312,0,0
1.523651123046875,0.1534735734111619,10.268570785693363,0,0
1.52117919921875,0.15140771231222042,10.298689548663418,0,0
1.518646240234375,0.14916451084772325,10.329097251353005,0,0
1.516143798828125,0.14675291663841503,10.359794774215393,0,0
1.513092041015625,0.14418173054904868,10.390782994990374,0,0
1.50982666015625,0.1414594766759925,10.422062788001718,0,0
1.5069580078125,0.138594188364778,10.453635023436915,0,0
1.50372314453125,0.13559321000089836,10.485500566608632,0,0
1.50048828125,0.1324631353515429,10.517660277197402,0,0
1.49725341796875,0.12920984880902045,10.550115008475071,0,0
1.49365234375,0.12583861598440066,10.58286560650841,0,0
1.489776611328125,0.12235416624745232,10.615912909342455,0,0
1.486053466796875,0.11876068324741906,10.64925774616299,0,0
1.48236083984375,0.11506174788364398,10.682900936437642,0,0
1.47833251953125,0.11126035641172308,10.71684328903509,0,0
1.47442626953125,0.107359013903228,10.751085601321767,0,0
1.47027587890625,0.10335983999260086,10.785628658235574,0,0
1.465667724609375,0.09926464489004183,10.820473231336011,0,0
1.461456298828125,0.09507491824868838,10.85562007783016,0,0
1.45721435546875,0.09079178112887296,10.891069939573955,0,0
1.45306396484375,0.08641607248352635,10.926823542048188,0,0
1.448150634765625,0.08194858906183994,10.962881593308625,0,0
1.44354248046875,0.07739029256764016,10.999244782909692,0,0
1.4390869140625,0.07274241191353954,11.035913780801133,0,0
1.434173583984375,0.0680065803000468,11.072889236197028,0,0
1.429351806640625,0.06318505078613451,11.110171776416616,0,0
1.424713134765625,0.05828091944427094,11.14776200569627,0,0
1.41961669921875,0.053298384623035336,11.185660503972114,0,0
1.413970947265625,0.04824299913376464,11.223867825632572,0,0
1.40838623046875,0.04312170920388271,11.26238449824034,0,0
1.403045654296875,0.03794264383857639,11.301211021223127,0,0
1.397674560546875,0.0327148791783622,11.340347864532577,0,0
1.391876220703125,0.027448314568736268,11.379795467270776,0,0
1.3863525390625,0.02215356104845867,11.419554236283737,0,0
1.38055419921875,0.01684175332727908,11.459624544721256,0,0
1.375091552734375,0.011524330051120454,11.500006730562554,0,0
1.369842529296875,0.006212876717674329,11.540701095107128,0,0
1.363983154296875,0.0009190817900987525,11.581707901430178,0,0
1.358612060546875,-0.004345285137926258,11.623027372802076,0,0
1.3529052734375,-0.00956848040116745,11.664659691071272,0,0
1.347198486328125,-0.014738976362485903,11.706604995010082,0,0
1.34197998046875,-0.019845713874944076,11.748863378622778,0,0
1.33660888671875,-0.024878345887500986,11.791434889415473,0,0
1.331634521484375,-0.02982737767013105,11.834319526627219,0,0
1.326416015625,-0.0346842156151968,11.87751723942179,0,0
1.32159423828125,-0.039441188198425486,11.921027925039688,0,0
1.3170166015625,-0.04409154020527689,11.964851426909817,0,0
1.31207275390625,-0.04862936387106104,12.008987532720386,0,0
1.3074951171875,-0.053049527591649284,12.053435972448522,0,0
1.302886962890625,-0.057347691458138714,12.098196416348237,0,0
1.298431396484375,-0.06152038610297407,12.143268472896247,0,0
1.294525146484375,-0.06556508011312578,12.188651686695273,0,0
1.29046630859375,-0.06948015570456938,12.234345536334473,0,0
1.28619384765625,-0.07326480714295205,12.28034943220663,0,0
1.28302001953125,-0.07691896661774657,12.326662714281785,0,0
1.278717041015625,-0.08044324053634372,12.373284649837052,0,0
1.275238037109375,-0.08383885878533051,12.42021443114233,0,0
1.2720947265625,-0.08710770014404433,12.467451173101734,0,0
1.2686767578125,-0.09025227616992529,12.514993910850535,0,0
1.265655517578125,-0.0932756053196129,12.562841597307498,0,0
1.26287841796875,-0.0961810589301716,12.610993100682508,0,0
1.259674072265625,-0.09897218957113062,12.659447201939468,0,0
1.25689697265625,-0.10165258834262751,12.708202592214432,0,0
1.25390625,-0.10422585610354082,12.757257870189072,0,0
1.251678466796875,-0.1066956320465174,12.806611539419542,0,0
1.24920654296875,-0.10906554087790982,12.856262005620964,0,0
1.246856689453125,-0.11133901797358825,12.90620757390773,0,0
1.2447509765625,-0.11351909750408405,12.956446445989908,0,0
1.242279052734375,-0.11560823291914656,13.006976717326157,0,0
1.2401123046875,-0.11760818996276882,13.057796374233545,0,0
1.23663330078125,-0.11952013939989312,13.108903290954814,0,0
1.234954833984375,-0.12134507003357987,13.16029522668364,0,0
1.232696533203125,-0.12308433721504602,13.211969822548609,0,0
1.231201171875,-0.12473999335597416,13.263924598556654,0,0
1.230072021484375,-0.12631478398411541,13.316156950496751,0,0
1.227508544921875,-0.12781193669707883,13.36866414680493,0,0
1.22662353515625,-0.1292349999525207,13.421443325391515,0,0
1.22528076171875,-0.1305877829661879,13.474491490431848,0,0
1.22332763671875,-0.13187421503730537,13.527805509121688,0,0
1.22271728515625,-0.13309818164761833,13.581382108398678,0,0
1.22052001953125,-0.1342634424256885,13.635217871631365,0,0
1.220367431640625,-0.135373560537786,13.689309235277358,0,0
1.2178955078125,-0.13643182100314402,13.743652485512385,0,0
1.217926025390625,-0.13744117945903953,13.798243754832086,0,0
1.2158203125,-0.13840423304638383,13.853079018628527,0,0
1.2154541015625,-0.1393231780891074,13.908154091743638,0,0
1.2138671875,-0.1401997789141631,13.963464625001754,0,0
1.21270751953125,-0.1410353953766044,14.019006101723763,0,0
1.21246337890625,-0.1418310532366219,14.074773834225443,0,0
1.21044921875,-0.1425874667463698,14.130762960302691,0,0
1.210601806640625,-0.14330503037138434,14.186968439706552,0,0
1.209197998046875,-0.14398381525278967,14.24338505061119,0,0
1.2080078125,-0.14462355173363478,14.300007386077969,0,0
1.2080078125,-0.1452236890033079,14.356829850519084,0,0
1.20623779296875,-0.14578348646427972,14.413846656164408,0,0
1.20526123046875,-0.14630214176438297,14.471051819535258,0,0
1.205474853515625,-0.14677906302692925,14.528439157929158,0,0
1.20477294921875,-0.14721398712624817,14.586002285919669,0,0
1.202850341796875,-0.14760687377558956,14.643734611875777,0,0
1.203125,-0.1479580451484535,14.701629334505315,0,0
1.203094482421875,-0.1482684727515643,14.759679439427282,0,0
1.20306396484375,-0.14853965241532033,14.817877695778007,0,0
1.20074462890625,-0.14877326927820442,14.876216652856346,0,0
1.200531005859375,-0.1489713624398199,14.934688636813403,0,0
1.200714111328125,-0.14913692301986586,14.993285747392328,0,0
1.200531005859375,-0.149274181339833,15.05199985472409,0,0
1.20068359375,-0.1493883784105495,15.11082259618529,0,0
1.200439453125,-0.1494853862430873,15.169745373324313,0,0
1.20062255859375,-0.14957136995597314,15.228759348862317,0,0
1.20074462890625,-0.1496524515049942,15.287855443775811,0,0
1.200592041015625,-0.1497343276751041,15.347024334467804,0,0
1.199066162109375,-0.14982200921216746,15.406256450034633,0,0
1.197967529296875,-0.14992004850859117,15.465541969635984,0,0
1.1981201171875,-0.1500332423437838,15.524870819975597,0,0
1.198272705078125,-0.150167187321595,15.584232672900574,0,0
1.1983642578125,-0.15032823430036418,15.643616943127308,0,0
1.1982421875,-0.15052304475572914,15.703012786102246,0,0
1.198333740234375,-0.1507580957568441,15.762409096006005,0,0
1.198333740234375,-0.1510392022073899,15.821794503909372,0,0
1.1981201171875,-0.15137100903806922,15.881157376090151,0,0
1.196624755859375,-0.15175658453500038,15.940485812519753,0,0
1.19573974609375,-0.15219740193222323,15.999767645528783,0,0
1.19561767578125,-0.15269366694358197,16.058990438660896,0,0
1.1947021484375,-0.15324453990438705,16.118141485724493,0,0
1.193145751953125,-0.1538481514240086,16.177207810051854,0,0
1.193115234375,-0.15450171536734555,16.2361761639754,0,0
1.191375732421875,-0.1552017205721602,16.295033028531062,0,0
1.190643310546875,-0.15594406743772726,16.353764613398624,0,0
1.190185546875,-0.15672418733628005,16.412356857089147,0,0
1.1883544921875,-0.15753707880529136,16.470795427389525,0,0
1.18853759765625,-0.1583772636009124,16.529065722074346,0,0
1.185760498046875,-0.15923878258257132,16.587152869895206,0,0
1.18621826171875,-0.16011529036788638,16.645041731857667,0,0
1.183990478515625,-0.16100018729044283,16.702716902795952,0,0
1.183349609375,-0.16188670249553502,16.760162713255543,0,0
1.18170166015625,-0.1627680269062139,16.817363231693648,0,0
1.18096923828125,-0.16363752653442454,16.87430226700746,0,0
1.179840087890625,-0.16448889563379615,16.930963371400058,0,0
1.17852783203125,-0.16531622757103942,16.987329843593518,0,0
1.1781005859375,-0.16611407450740628,17.043384732398764,0,0
1.1761474609375,-0.16687751644061746,17.099110840651303,0,0
1.1761474609375,-0.16760226185826216,17.154490729521903,0,0
1.174713134765625,-0.16828474460006593,17.209506723210872,0,0
1.173736572265625,-0.16892217395462492,17.26414091403429,0,0
1.173675537109375,-0.16951260131303794,17.318375167910276,0,0
1.173004150390625,-0.17005488810872052,17.37219113025285,0,0
1.17095947265625,-0.17054857291569342,17.42557023228057,0,0
1.1708984375,-0.17099402202150207,17.47849369774672,0,0
1.170623779296875,-0.17139278843444516,17.53094255009722,0,0
1.171051025390625,-0.17174760398283268,17.582897620061892,0,0
1.16937255859375,-0.17206197762472267,17.634339553684182,0,0
1.1688232421875,-0.17233998995070474,17.685248820793724,0,0
1.168670654296875,-0.17258651711671533,17.735605723925534,0,0
1.168609619140625,-0.1728074414519557,17.78539040768893,0,0
1.1685791015625,-0.17300950982331198,17.834582868588267,0,0
1.16876220703125,-0.1731999515539394,17.883162965297302,0,0
1.168731689453125,-0.17338599925422402,17.93111042938744,0,0
1.167144775390625,-0.1735744920690341,17.97840487651003,0,0
1.16607666015625,-0.17377194098414694,18.025025818031278,0,0
1.166290283203125,-0.17398508653035086,18.070952673117898,0,0
1.166046142578125,-0.17422134510919204,18.11616478127026,0,0
1.16644287109375,-0.17448871100592328,18.160641415299008,0,0
1.166168212890625,-0.17479527174256146,18.204361794740034,0,0
1.16619873046875,-0.17514861784727115,18.247305099701443,0,0
1.165252685546875,-0.17555533267888063,18.28945048513526,0,0
1.1639404296875,-0.17602076424168892,18.330777095525246,0,0
1.16363525390625,-0.17654916743536392,18.371264079981295,0,0
1.163909912109375,-0.17714386835124799,18.410890607729343,0,0
1.161834716796875,-0.1778070898053236,18.449635883984868,0,0
1.161224365234375,-0.17853976027905338,18.487479166196604,0,0
1.160980224609375,-0.17934158426535335,18.524399780645894,0,0
1.15899658203125,-0.18021105617861272,18.560377139385903,0,0
1.158203125,-0.181145399923879,18.595390757503704,0,0
1.156768798828125,-0.1821406843132244,18.62942027068677,0,0
1.15582275390625,-0.18319197840116946,18.66244545307454,0,0
1.1541748046875,-0.18429340524239463,18.694446235374137,0,0
1.152679443359375,-0.1854382136658781,18.72540272321819,0,0
1.1512451171875,-0.1866189591346354,18.755295215741658,0,0
1.149383544921875,-0.1878277534076925,18.784104224353133,0,0
1.14849853515625,-0.18905650691147616,18.81181049167519,0,0
1.146820068359375,-0.19029706778587158,18.83839501062688,0,0
1.14520263671875,-0.19154125548057252,18.86383904362079,0,0
1.143951416015625,-0.19278093062471333,18.888124141845758,0,0
1.14190673828125,-0.1940081471795772,18.911232164605405,0,0
1.141845703125,-0.19521527546803294,18.93314529868173,0,0
1.138946533203125,-0.19639500046961084,18.95384607769211,0,0
1.13916015625,-0.19754027965613766,18.973317401407318,0,0
1.136871337890625,-0.1986443284468222,18.99154255499722,0,0
1.136383056640625,-0.1997005643256021,19.008505228170318,0,0
1.13421630859375,-0.20070259076882918,19.024189534172645,0,0
1.134185791015625,-0.20164428810858084,19.03858002861101,0,0
1.13232421875,-0.20251986842021696,19.05166172806508,0,0
1.1317138671875,-0.20332386515537448,19.063420128452744,0,0
1.131683349609375,-0.20405109179858055,19.07384122311239,0,0
1.12969970703125,-0.20469648512238342,19.082911520566352,0,0
1.129364013671875,-0.2052550036631183,19.090618061929067,0,0
1.1292724609375,-0.20572172212513462,19.096948437923885,0,0
1.12884521484375,-0.20609178361466832,19.101890805472667,0,0
1.12701416015625,-0.20636021118130593,19.105433903822433,0,0
1.1270751953125,-0.20652206778825627,19.107567070173925,0,0
1.126953125,-0.20657289731979042,19.108280254777068,0,1
1.12701416015625,-0.20650892975567428,19.108249762697596,0,0
1.12701416015625,-0.20632698919521544,19.10815851584022,0,0
1.12677001953125,-0.20602440554067358,19.10800685913591,0,0
1.126922607421875,-0.20559909557745873,19.107795138644068,0,0
1.126861572265625,-0.20504979818654911,19.107523701530766,0,0
1.12860107421875,-0.2043762833109131,19.107192896047025,0,0
1.129638671875,-0.20357921676449112,19.106803071507198,0,0
1.1297607421875,-0.20265967700673615,19.106354578267428,0,0
1.13116455078125,-0.20161878905853634,19.105847767704187,0,0
1.1319580078125,-0.20045765297474288,19.10528299219288,0,0
1.132781982421875,-0.1991773494131121,19.104660605086554,0,0
1.134063720703125,-0.19777900502813536,19.103980960694685,0,0
1.135650634765625,-0.19626391392650497,19.10324441426203,0,0
1.136932373046875,-0.19463356318563568,19.102451321947633,0,0
1.1390380859375,-0.19288955170396754,19.101602040803833,0,0
1.140167236328125,-0.19103348510062165,19.100696928755433,0,0
1.14190673828125,-0.1890669520908509,19.09973634457896,0,0
1.14422607421875,-0.1869916237538243,19.098720647881965,0,0
1.146026611328125,-0.184809307267906,19.097650199082498,0,0
1.14837646484375,-0.18252187453374227,19.09652535938862,0,0
1.150360107421875,-0.18013119581102707,19.095346490778077,0,0
1.15313720703125,-0.1776391150400442,19.09411395597801,0,0
1.155731201171875,-0.17504736449198893,19.092828118444835,0,0
1.158111572265625,-0.17235738491798486,19.09148934234417,0,0
1.160888671875,-0.16957017262637508,19.090097992530932,0,0
1.16351318359375,-0.16668622964384905,19.0886544345295,0,0
1.166168212890625,-0.16370557493018256,19.087159034514006,0,0
1.169097900390625,-0.16062780918314595,19.085612159288726,0,0
1.1722412109375,-0.15745220114017722,19.084014176268624,0,0
1.17474365234375,-0.15417775461128325,19.08236545345995,0,0
1.177734375,-0.15080336850002213,19.08066635944102,0,0
1.18157958984375,-0.14732810874742647,19.07891726334307,0,0
1.18450927734375,-0.1437513695503077,19.077118534831243,0,0
1.187957763671875,-0.1400729085540391,19.07527054408572,0,0
1.192047119140625,-0.13629291831847878,19.073373661782927,0,0
1.195465087890625,-0.1324120544369727,19.071428259076917,0,0
1.19927978515625,-0.1284313812855516,19.06943470758084,0,0
1.20343017578125,-0.12435236457851953,19.06739337934857,0,0
1.20745849609375,-0.12017686621642994,19.065304646856415,0,0
1.211456298828125,-0.11590707593148908,19.06316888298501,0,0
1.21612548828125,-0.11154544146905965,19.060986461001313,0,0
1.22027587890625,-0.10709457440227924,19.058757754540714,0,0
1.224639892578125,-0.10255712210352247,19.056483137589318,0,0
1.229278564453125,-0.09793569649508427,19.054162984466334,0,0
1.2340087890625,-0.09323282702466586,19.05179766980659,0,0
1.2381591796875,-0.08845088251035418,19.04938756854321,0,0
1.243011474609375,-0.08359207292185306,19.046933055890424,0,0
1.247711181640625,-0.07865856014245318,19.044434507326475,0,0
1.2523193359375,-0.07365256543999327,19.041892298576723,0,0
1.257354736328125,-0.06857646391347996,19.039306805596848,0,0
1.262420654296875,-0.06343286981258343,19.036678404556206,0,0
1.267303466796875,-0.058224657264914895,19.034007471821315,0,0
1.27276611328125,-0.05295493827458543,19.031294383939507,0,0
1.2777099609375,-0.04762702422604724,19.0285395176227,0,0
1.283203125,-0.04224436728903805,19.02574324973131,0,0
1.288726806640625,-0.036810477941774195,19.02290595725833,0,0
1.29400634765625,-0.031328782852293346,19.02002801731353,0,0
1.2994384765625,-0.025802467165137746,19.017109807107808,0,0
1.304656982421875,-0.020234404592699373,19.01415170393771,0,0
1.309783935546875,-0.014627214978698011,19.01115408517005,0,0
1.31591796875,-0.008983393355233925,19.00811732822671,0,0
1.321258544921875,-0.0033053384721441967,19.005041810569605,0,0
1.326507568359375,0.002404738206483348,19.001927909685723,0,0
1.3321533203125,0.008144802474169377,18.99877600307241,0,0
1.33795166015625,0.013912875330478247,18.99558646822273,0,0
1.34320068359375,0.019706970205949595,18.99235968261099,0,0
1.34881591796875,0.02552503963913165,18.989096023678453,0,0
1.35491943359375,0.03136486562231269,18.985795868819153,0,0
1.360565185546875,0.037224044400589254,18.98245959536588,0,0
1.3660888671875,0.04310008663544114,18.979087580576333,0,0
1.37188720703125,0.04899044650395623,18.975680201619387,0,0
1.378021240234375,0.054892482620596525,18.97223783556154,0,0
1.38348388671875,0.060803504229469105,18.96876085935351,0,0
1.389373779296875,0.06672085786516761,18.96524964981697,0,0
1.39520263671875,0.07264194585922475,18.961704583631448,0,0
1.40081787109375,0.0785642185180715,18.958126037321378,0,0
1.407012939453125,0.08448519091844432,18.9545143872433,0,0
1.412139892578125,0.09040246909871466,18.95087000957321,0,0
1.418121337890625,0.09631371339084167,18.947193280294073,0,0
1.423980712890625,0.10221653047545592,18.94348457518348,0,0
1.42950439453125,0.10810841796330936,18.939744269801476,0,0
1.435516357421875,0.11398677591189574,18.93597273947851,0,0
1.441619873046875,0.11984896090625263,18.932170359303562,0,0
1.44671630859375,0.12569241752862548,18.92833750411245,0,0
1.452392578125,0.13151473286145665,18.924474548476205,0,0
1.458282470703125,0.13731351444291248,18.920581866689698,0,0
1.463653564453125,0.14308628392172573,18.916659832760377,0,0
1.468994140625,0.14883043512750826,18.912708820397132,0,0
1.474578857421875,0.15454310707322783,18.908729202999364,0,0
1.48028564453125,0.16022102092298743,18.90472135364618,0,0
1.485626220703125,0.165860426009777,18.900685645085748,0,0
1.490997314453125,0.17145710660703786,18.896622449724806,0,0
1.496551513671875,0.17700634916752547,18.89253213961831,0,0
1.501708984375,0.1825029002133591,18.88841508645928,0,0
1.507293701171875,0.18794095934714808,18.884271661568732,0,0
1.51275634765625,0.19331423417838886,18.880102235885825,0,0
1.5174560546875,0.19861605938095525,18.875907179958133,0,0
1.522979736328125,0.20383947091573118,18.871686863932062,0,0
1.528076171875,0.20897723405709073,18.86744165754345,0,0
1.53289794921875,0.2140219495989444,18.863171930108276,0,0
1.537506103515625,0.21896616231961766,18.858878050513574,0,0
1.542266845703125,0.2238023390465056,18.854560387208448,0,0
1.546905517578125,0.22852279361247335,18.850219308195275,0,0
1.551605224609375,0.23311969317547515,18.845855181021044,0,0
1.5557861328125,0.23758515734880176,18.841468372768855,0,0
1.559814453125,0.24191134080085835,18.837059250049542,0,0
1.5638427734375,0.246090403752255,18.8326281789935,0,0
1.567626953125,0.25011441171742543,18.82817552524261,0,0
1.571380615234375,0.25397525158443285,18.823701653942333,0,0
1.575103759765625,0.2576646010944527,18.81920692973397,0,0
1.578155517578125,0.26117394784901954,18.814691716747053,0,0
1.581146240234375,0.2644945675450347,18.81015637859187,0,0
1.58489990234375,0.26761744435455076,18.805601278352192,0,0
1.58795166015625,0.27053336272242356,18.801026778578077,0,0
1.590301513671875,0.2732332471261918,18.796433241278894,0,0
1.592926025390625,0.27570846833438917,18.791821027916438,0,0
1.59521484375,0.27795099630830605,18.787190499398218,0,0
1.596954345703125,0.2799535394077808,18.782542016070877,0,0
1.599151611328125,0.28170970869189865,18.77787593771381,0,0
1.5994873046875,0.2832141381225932,18.77319262353283,0,0
1.601776123046875,0.2844625019164305,18.768492432154066,0,0
1.601898193359375,0.28545151283183356,18.76377572161798,0,0
1.6019287109375,0.28617892250906946,18.759042849373508,0,0
1.60174560546875,0.2866432590904496,18.75429417227237,0,0
1.601806640625,0.2868432873715662,18.74953004656351,1,0
1.601959228515625,0.2867775774063038,18.74475082788769,0,0
1.602081298828125,0.28644445302642646,18.739956871272202,0,0
1.60211181640625,0.2858423403556378,18.735148531125763,0,0
1.600555419921875,0.2849703214531491,18.730326161233503,0,0
1.59954833984375,0.2838285312591165,18.72549011475213,0,0
1.597930908203125,0.2824182520235522,18.72064074420523,0,0
1.596343994140625,0.2807419119963016,18.715778401478687,0,0
1.594146728515625,0.2788031371398775,18.71090343781625,0,0
1.5914306640625,0.27660676855404037,18.70601620381526,0,0
1.5887451171875,0.2741587273679065,18.701117049422496,0,0
1.5860595703125,0.2714657809178568,18.69620632393014,0,0
1.5830078125,0.2685353928280829,18.691284375971925,0,0
1.579803466796875,0.26537571310693325,18.68635155351937,0,0
1.576385498046875,0.26199562649539954,18.681408203878195,0,0
1.57257080078125,0.2584048013586897,18.676454673684837,0,0
1.5684814453125,0.2546136919173183,18.671491308903107,0,0
1.563934326171875,0.2506334207672899,18.66651845482101,0,0
1.55975341796875,0.24647553181479445,18.661536456047646,0,0
1.555328369140625,0.24215174224197572,18.6565456565103,0,0
1.550445556640625,0.2376738056795126,18.651546399451608,0,0
1.545867919921875,0.2330534251618599,18.64653902742691,0,0
1.540618896484375,0.22830214058673934,18.641523882301687,0,0
1.53564453125,0.22343118840517795,18.63650130524915,0,0
1.530426025390625,0.2184513383775292,18.63147163674797,0,0
1.525238037109375,0.21337274909623524,18.6264352165801,0,0
1.52008056640625,0.20820488903280926,18.621392383828756,0,0
1.514892578125,0.20295654535429974,18.616343476876526,0,0
1.50958251953125,0.19763592737912347,18.611288833403588,0,0
1.503692626953125,0.19225078554462652,18.60622879038606,0,0
1.498626708984375,0.1868084446324245,18.60116368409447,0,0
1.4930419921875,0.1813158238635156,18.596093850092394,0,0
1.487213134765625,0.17577953979464417,18.591019623235134,0,0
1.481842041015625,0.17020600146130313,18.5859413376686,0,0
1.476165771484375,0.1646014690804539,18.58085932682828,0,0
1.470306396484375,0.15897214589935424,18.575773923438323,0,0
1.46502685546875,0.15332427721670022,18.570685459510766,0,0
1.458984375,0.1476642556975941,18.565594266344863,0,0
1.45269775390625,0.14199868421501868,18.56050067452656,0,0
1.446533203125,0.13633420621811976,18.555405013928045,0,0
1.441162109375,0.13067714405775288,18.550307613707464,0,0
1.435302734375,0.12503326175531088,18.545208802308736,0,0
1.42962646484375,0.11940776149572031,18.54010890746147,0,0
1.42413330078125,0.11380536122805253,18.53500825618103,0,0
1.418365478515625,0.10823038088777452,18.52990717476868,0,0
1.4127197265625,0.10268682906792881,18.524805988811895,0,0
1.407012939453125,0.09717843462134952,18.519705023184716,0,0
1.401641845703125,0.09170863424893322,18.514604602048298,0,0
1.395751953125,0.08628056858275385,18.50950504885151,0,0
1.389892578125,0.08089702118591736,18.504406686331667,0,0
1.3846435546875,0.07556022630622322,18.499309836515405,0,0
1.379058837890625,0.0702716655942543,18.494214820719613,0,0
1.37384033203125,0.0650319815176487,18.489121959552513,0,0
1.36859130859375,0.059840976357075096,18.484031572914855,0,0
1.3631591796875,0.054697641370192326,18.478943980001176,0,0
1.358245849609375,0.049600184396364974,18.47385949930124,0,0
1.353179931640625,0.0445460820778399,18.46877844860151,0,0
1.3482666015625,0.03953222017099669,18.46370114498678,0,0
1.3431396484375,0.03455508583999144,18.4586279048419,0,0
1.33892822265625,0.029610978654400398,18.453559043853613,0,0
1.333892822265625,0.024696328121700938,18.448494877012465,0,0
1.32916259765625,0.01980810529918004,18.44343571861486,0,0
1.324066162109375,0.014944149363958357,18.438381882265222,0,0
1.31927490234375,0.01010333209592881,18.43333368087821,0,0
1.31451416015625,0.0052856489027156735,18.428291426681106,0,0
1.30950927734375,0.0004923194448126396,18.423255431216237,0,0
1.304534912109375,-0.004274136587223216,18.418226005343563,0,0
1.29949951171875,-0.009009929924705923,18.413203459243316,0,0
1.29449462890625,-0.013710141322461789,18.408188102418766,0,0
1.289794921875,-0.018368906110724722,18.403180243699087,0,0
1.28515625,-0.02297955111294664,18.3981801912423,0,0
1.280029296875,-0.027534660931553684,18.393188252538366,0,0
1.275390625,-0.03202619296297096,18.388204734412305,0,0
1.27069091796875,-0.03644569748635771,18.383229943027484,0,0
1.265960693359375,-0.0407845584260125,18.378264183888952,0,0
1.261932373046875,-0.04503419586140435,18.373307761846895,0,0
1.257476806640625,-0.0491861830571674,18.368360981100196,0,0
1.253265380859375,-0.05323227881611106,18.36342414520005,0,0
1.248626708984375,-0.057164519486330154,18.35849755705374,0,0
1.24481201171875,-0.060975469011675526,18.353581518928433,0,0
1.2413330078125,-0.06465848323695836,18.348676332455135,0,0
1.23736572265625,-0.06820779390901639,18.3437822986327,0,0
1.233734130859375,-0.07161849976837677,18.33889971783194,0,0
1.2305908203125,-0.07488663560891179,18.334028889799853,0,0
1.226898193359375,-0.07800927030938892,18.329170113663885,0,0
1.22412109375,-0.08098458591243973,18.32432368793636,0,0
1.221282958984375,-0.08381193418885477,18.319489910518946,0,0
1.218597412109375,-0.08649179071535683,18.31466907870721,0,0
1.2158203125,-0.08902563925648535,18.309861489195328,0,0
1.213531494140625,-0.09141590235841549,18.305067438080766,0,0
1.21148681640625,-0.0936658801514788,18.300287220869198,0,0
1.209381103515625,-0.09577958761991129,18.295521132479386,0,0
1.207611083984375,-0.0977615028149368,18.29076946724822,0,0
1.20556640625,-0.0996163153197177,18.28603251893581,0,0
1.2032470703125,-0.10134878421444954,18.2813105807307,0,0
1.202178955078125,-0.1029637641145655,18.276603945255136,0,0
1.200897216796875,-0.1044661999562112,18.27191290457044,0,0
1.198577880859375,-0.10586094583310685,18.26723775018245,0,0
1.198211669921875,-0.10715262566837082,18.262578773047082,0,0
1.19561767578125,-0.10834564190965719,18.25793626357594,0,0
1.195770263671875,-0.10944421966642105,18.253310511642024,0,0
1.19329833984375,-0.11045243762751902,18.24870180658554,0,0
1.19329833984375,-0.11137426110858409,18.244110437219774,0,0
1.191986083984375,-0.11221356542184827,18.239536691837035,0,0
1.190887451171875,-0.11297411059988659,18.234980858214723,0,0
1.190460205078125,-0.11365954716805586,18.23044322362146,0,0
1.189971923828125,-0.11427343251211325,18.225924074823283,0,0
1.188262939453125,-0.11481918055865863,18.221423698089957,0,0
1.1884765625,-0.11530012966620473,18.216942379201345,0,0
1.188262939453125,-0.11571966523725731,18.212480403453863,0,0
1.18798828125,-0.1160810602333826,18.20803805566702,0,0
1.18719482421875,-0.11638715526156432,18.203615620190057,0,0
1.185943603515625,-0.11664031020183176,18.19921338090862,0,0
1.18560791015625,-0.11684277441434326,18.194831621251563,0,0
1.186004638671875,-0.11699715735948528,18.190470624197804,0,0
1.185699462890625,-0.11710655833303063,18.18613067228327,0,0
1.18560791015625,-0.11717437913643226,18.181812047607924,0,0
1.185882568359375,-0.11720412622360737,18.17751503184286,0,0
1.185455322265625,-0.11719926488164023,18.173239906237495,0,0
1.185699462890625,-0.11716310346904532,18.168986951626806,0,0
1.186126708984375,-0.1170986948036887,18.164756448438705,0,0
1.185943603515625,-0.11700864856666267,18.16054867670144,0,0
1.1861572265625,-0.11689490172655691,18.156363916051077,0,0
1.18603515625,-0.11675859711440555,18.152202445739118,0,0
1.1859130859375,-0.11660008413462018,18.1480645446401,0,0
1.185577392578125,-0.11641904252118881,18.14395049125937,0,0
1.185516357421875,-0.11621474884872529,18.139860563740882,0,0
1.185577392578125,-0.11598640113638317,18.13579503987507,0,0
1.185943603515625,-0.11573335343238865,18.131754197106837,0,0
1.18572998046875,-0.11545521054525605,18.12773831254357,0,0
1.185882568359375,-0.11515190410192783,18.123747662963293,0,0
1.185760498046875,-0.11482386859154503,18.119782524822835,0,0
1.185882568359375,-0.11447229646028802,18.115843174266104,0,0
1.185760498046875,-0.11409942316074491,18.111929887132465,0,0
1.186187744140625,-0.11370881483508213,18.108042938965145,0,0
1.18841552734375,-0.11330543649957714,18.10418260501974,0,0
1.18853759765625,-0.11289516607935907,18.100349160272806,0,0
1.188446044921875,-0.11248401394838879,18.0965428794305,0,0
1.188201904296875,-0.1120777901657573,18.092764036937346,0,0
1.1885986328125,-0.11168236122386635,18.08901290698501,0,0
1.18853759765625,-0.11130403317075103,18.08528976352121,0,0
1.188323974609375,-0.11094984345625679,18.0815948802587,0,0
1.1885986328125,-0.11062786467336323,18.077928530684254,0,0
1.188323974609375,-0.11034752909328427,18.07429098806785,0,0
1.188690185546875,-0.11011988823058622,18.070682525471835,0,0
1.190948486328125,-0.10995759727617932,18.06710341576019,0,0
1.1907958984375,-0.10987428787470538,18.0635539316079,0,0
1.190826416015625,-0.10988356873786734,18.060034345510367,0,0
1.190704345703125,-0.10999835578186089,18.056544929792924,0,0
1.190826416015625,-0.1102306176985984,18.053085956620418,0,0
1.19073486328125,-0.1105911351573012,18.049657698006854,0,0
1.190521240234375,-0.11108911885586227,18.046260425825146,0,0
1.188720703125,-0.11173186822048227,18.04289441181692,0,0
1.18817138671875,-0.11252475222561854,18.039559927602422,0,0
1.188201904296875,-0.11347136931040433,18.03625724469047,0,0
1.185821533203125,-0.1145734627793332,18.032986634488516,0,0
1.18548583984375,-0.11583071060011485,18.029748368312767,0,0
1.18353271484375,-0.1172406591172675,18.026542717398375,0,0
1.18145751953125,-0.11879873067201678,18.023369952909768,0,0
1.179901123046875,-0.1204983467511418,18.02023034595094,0,0
1.177581787109375,-0.12233116721862096,18.01712416757596,0,0
1.17529296875,-0.12428731615795471,18.014051688799473,0,0
1.172821044921875,-0.1263556537246487,18.01101318060726,0,0
1.17059326171875,-0.12852411639695083,18.008008913967,0,0
1.1680908203125,-0.13078000358453945,18.005039159838947,0,0
1.16534423828125,-0.13311019001282653,18.00210418918684,0,0
1.16314697265625,-0.13550133081410126,17.999204272988784,0,0
1.160308837890625,-0.13794003570084792,17.99633968224827,0,0
1.1578369140625,-0.14041298211961364,17.99351068800526,0,0
1.154937744140625,-0.14290703543621408,17.990717561347363,0,0
1.15252685546875,-0.1454094053898087,17.98796057342107,0,0
1.14959716796875,-0.14790779940673765,17.985239995443106,0,0
1.146942138671875,-0.1503905807822767,17.98255609871183,0,0
1.144805908203125,-0.15284692774306957,17.979909154618746,0,0
1.141845703125,-0.15526691119336572,17.977299434660083,0,0
1.139556884765625,-0.15764152207196577,17.97472721044847,0,0
1.137298583984375,-0.1599627307030125,17.97219275372469,0,0
1.134857177734375,-0.1622235090374319,17.96969633636951,0,0
1.132720947265625,-0.16441779344063906,17.967238230415617,0,0
1.13055419921875,-0.1665404511920445,17.964818708059628,0,0
1.128387451171875,-0.16858724893768792,17.962438041674186,0,0
1.126556396484375,-0.17055481566392305,17.960096503820168,0,0
1.12432861328125,-0.1724406099178464,17.95779436725892,0,0
1.122711181640625,-0.17424290451050264,17.95553190496466,0,0
1.121337890625,-0.17596074396646477,17.953309390136912,0,0
1.119476318359375,-0.17759378354788627,17.95112709621306,0,0
1.1175537109375,-0.17914211622092396,17.948985296880966,0,0
1.11676025390625,-0.18060623422630806,17.94688426609172,0,0
1.11468505859375,-0.18198700456754907,17.94482427807244,0,0
1.11358642578125,-0.18328560324833765,17.942805607339178,0,0
1.112091064453125,-0.18450352810452025,17.940828528709954,0,0
1.111175537109375,-0.1856426455192112,17.938893317317817,0,0
1.109649658203125,-0.18670518711274206,17.937000248624056,0,0
1.109771728515625,-0.187693685075413,17.93514959843149,0,0
1.107208251953125,-0.18861083683373206,17.933341642897847,0,0
1.107452392578125,-0.18945945126799968,17.93157665854924,0,0
1.10711669921875,-0.19024244153406916,17.929854922293767,0,0
1.105194091796875,-0.19096261294252326,17.928176711435167,0,0
1.104827880859375,-0.1916225094654348,17.926542303686613,0,0
1.10498046875,-0.19222450725019088,17.92495197718458,0,0
1.1044921875,-0.19277069411486056,17.923406010502827,0,0
1.102203369140625,-0.1932625666975611,17.92190468266649,0,0
1.102325439453125,-0.1937011698741752,17.92044827316625,0,0
1.102203369140625,-0.1940875601053743,17.919037061972638,0,0
1.1024169921875,-0.19442288645065878,17.917671329550423,0,0
1.1025390625,-0.19470796477904093,17.916351356873108,0,0
1.1021728515625,-0.19494272079410718,17.915077425437538,0,0
1.102325439453125,-0.19512576214573177,17.913849817278635,0,0
1.10150146484375,-0.19525415385663475,17.91266881498419,0,0
1.10009765625,-0.19532351552965438,17.911534701709826,0,0
1.099822998046875,-0.19532859612436723,17.91044776119403,0,1
1.100189208984375,-0.19526404974537995,17.90938525677448,0,0
1.10009765625,-0.19512487218083813,17.90832426889413,0,0
1.100341796875,-0.19490645091261127,17.90726480739258,0,0
1.100372314453125,-0.19460454867853644,17.906206882105334,0,0
1.10223388671875,-0.19421524664577164,17.905150502863872,0,0
1.102081298828125,-0.19373462016361753,17.904095679495633,0,0
1.102142333984375,-0.19315832353106568,17.903042421824047,0,0
1.102020263671875,-0.19248160661626318,17.90199073966855,0,0
1.1021728515625,-0.19169985045241444,17.900940642844596,0,0
1.10479736328125,-0.19080912492938162,17.89989214116369,0,0
1.10443115234375,-0.18980627147776175,17.898845244433392,0,0
1.10589599609375,-0.18868869509354463,17.89779996245734,0,0
1.10736083984375,-0.18745432324883962,17.89675630503528,0,0
1.108001708984375,-0.1861016506603645,17.89571428196306,0,0
1.1097412109375,-0.18462976295892014,17.89467390303267,0,0
1.111236572265625,-0.18303842296677023,17.893635178032255,0,0
1.1124267578125,-0.18132814755194046,17.892598116746132,0,0
1.114715576171875,-0.17950027739207286,17.89156272895481,0,0
1.1165771484375,-0.17755701832844084,17.89052902443501,0,0
1.118194580078125,-0.175501384270145,17.889497012959684,0,0
1.120635986328125,-0.1733371735314722,17.88846670429803,0,0
1.122955322265625,-0.17106899556291955,17.887438108215523,0,0
1.125457763671875,-0.16870218405488258,17.88641123447392,0,0
1.127899169921875,-0.1662426093772039,17.88538609283129,0,0
1.130584716796875,-0.16369650066765024,17.884362693042032,0,0
1.133392333984375,-0.16107027790943057,17.883341044856895,0,0
1.136077880859375,-0.1583703551678598,17.88232115802299,0,0
1.139007568359375,-0.15560293521930124,17.88130304228382,0,0
1.142333984375,-0.15277379078974607,17.8802867073793,0,0
1.144989013671875,-0.14988797781595883,17.879272163045783,0,0
1.14752197265625,-0.14694959308937805,17.878259419016043,0,0
1.150787353515625,-0.1439617485738611,17.877248485019354,0,0
1.1534423828125,-0.1409266642124791,17.876239370781462,0,0
1.157073974609375,-0.13784569077887454,17.875232086024642,0,0
1.159454345703125,-0.1347192577742745,17.874226640467683,0,0
1.1624755859375,-0.1315468952016066,17.873223043825938,0,0
1.165313720703125,-0.1283274493276906,17.872221305811326,0,0
1.168609619140625,-0.1250593898845087,17.87122143613238,0,0
1.172149658203125,-0.12174100423548055,17.870223444494233,0,0
1.175140380859375,-0.11837042055561411,17.869227340598652,0,0
1.178955078125,-0.11494556220017858,17.868233134144084,0,0
1.182159423828125,-0.11146410395159023,17.867240834825637,0,0
1.185272216796875,-0.10792346008518208,17.86625045233513,0,0
1.189117431640625,-0.10432088221711215,17.865261996361106,0,0
1.19256591796875,-0.10065360142347463,17.864275476588855,0,0
1.196197509765625,-0.09691889453143443,17.863290902700438,0,0
1.19970703125,-0.09311414828964812,17.862308284374695,0,0
1.203704833984375,-0.08923698596832101,17.861327631287285,0,0
1.207305908203125,-0.08528539082558997,17.86034895311071,0,0
1.21136474609375,-0.08125780386896723,17.85937225951431,0,0
1.21563720703125,-0.07715319803497034,17.85839756016432,0,0
1.2197265625,-0.0729710689500976,17.857424864723864,0,0
1.223724365234375,-0.06871137541064283,17.85645418285301,0,0
1.2281494140625,-0.06437455105147002,17.855485524208753,0,0
1.232452392578125,-0.059961569003164066,17.85451889844506,0,0
1.2369384765625,-0.055473970020456106,17.853554315212904,0,0
1.24151611328125,-0.050913852836476224,17.85259178416026,0,0
1.24615478515625,-0.04628384314791879,17.85163131493215,0,0
1.25103759765625,-0.04158702515254806,17.85067291717065,0,0
1.255462646484375,-0.03682684864433555,17.84971660051494,0,0
1.2606201171875,-0.03200706290714982,17.848762374601282,0,0
1.265625,-0.027131646154214664,17.847810249063087,0,0
1.27044677734375,-0.02220465565008803,17.84686023353092,0,0
1.275482177734375,-0.017230067073404298,17.84591233763252,0,0
1.280609130859375,-0.0122116784475029,17.84496657099284,0,0
1.28558349609375,-0.007153026352222841,17.844022943234044,0,0
1.290924072265625,-0.0020572828003659893,17.843081463975565,0,0
1.295684814453125,0.0030728392619745054,17.8421421428341,0,0
1.300750732421875,0.008235109304581684,17.841204989423648,0,0
1.3060302734375,0.01342770498169818,17.840270013355532,0,0
1.311187744140625,0.01864914339966535,17.839337224238424,0,0
1.31646728515625,0.023898290855948814,17.83840663167837,0,0
1.321319580078125,0.029174373091740882,17.83747824527881,0,0
1.326873779296875,0.034476909958284035,17.8365520746406,0,0
1.331634521484375,0.039805602940002044,17.835628129362068,0,0
1.337005615234375,0.04516019465732399,17.83470641903898,0,0
1.342681884765625,0.050540323892379585,17.833786953264624,0,0
1.3475341796875,0.055945467958873354,17.83286974162979,0,0
1.35302734375,0.06137491608824,17.831954793722833,0,0
1.358306884765625,0.06682765612244335,17.831042119129673,0,0
1.36407470703125,0.07230226905990991,17.83013172743382,0,0
1.369293212890625,0.07779693544671816,17.82922362821642,0,0
1.374969482421875,0.08330948925131552,17.828317831056253,0,0
1.3802490234375,0.08883743925887262,17.827414345529796,0,0
1.38555908203125,0.0943779309065015,17.826513181211197,0,0
1.391693115234375,0.09992767897484685,17.82561434767235,0,0
1.397186279296875,0.10548301365232579,17.8247178544829,0,0
1.402313232421875,0.11104004603827712,17.823823711210256,0,0
1.407928466796875,0.11659471560280524,17.822931927419646,0,0
1.413543701171875,0.12214268767609887,17.822042512674116,0,0
1.419281005859375,0.12767932473009996,17.82115547653459,0,0
1.4246826171875,0.1331997959244906,17.820270828559842,0,0
1.4302978515625,0.13869920716943843,17.81938857830658,0,0
1.435455322265625,0.14417266600764386,17.818508735329452,0,0
1.4407958984375,0.14961525281597607,17.817631309181046,0,0
1.4461669921875,0.15502191336902793,17.81675630941196,0,0
1.451385498046875,0.16038734727864695,17.815883745570797,0,0
1.4566650390625,0.16570593283972346,17.81501362720422,0,0
1.461822509765625,0.17097166523895566,17.814145963856937,0,0
1.467010498046875,0.17617810136784498,17.81328076507178,0,0
1.4720458984375,0.18131831858256972,17.812418040389694,0,0
1.476776123046875,0.1863848588019942,17.811557799349774,0,0
1.481842041015625,0.19136961856652157,17.810700051489306,0,0
1.48675537109375,0.19626373756691798,17.809844806343776,0,0
1.491455078125,0.20105757308571318,17.808992073446905,0,0
1.496185302734375,0.20574073230978662,17.80814186233069,0,0
1.500396728515625,0.21030208058531427,17.8072941825254,0,0
1.5047607421875,0.21472967881194369,17.806449043559645,0,0
1.50921630859375,0.21901068169356372,17.805606454960365,0,0
1.513336181640625,0.2231313161726861,17.80476642625289,0,0
1.516998291015625,0.2270769509185521,17.803928966960942,0,0
1.521392822265625,0.23083216610707033,17.803094086606684,0,0
1.524566650390625,0.23438086355310792,17.802261794710738,0,0
1.52862548828125,0.23770647401881598,17.801432100792216,0,0
1.53167724609375,0.2407922393445728,17.800605014368752,0,0
1.53460693359375,0.2436215382817224,17.799780544956512,0,0
1.537841796875,0.2461782067854252,17.798958702070262,0,0
1.539947509765625,0.24844688080141603,17.798139495223356,0,0
1.54254150390625,0.2504133866898482,17.797322933927795,0,0
1.544097900390625,0.2520651168001096,17.796509027694224,0,0
1.545257568359375,0.253391326331116,17.795697786032,0,0
1.5472412109375,0.25438334062408935,17.7948892184492,0,0
1.5478515625,0.25503483768984414,17.794083334452644,0,0
1.54754638671875,0.25534221778246236,17.793280143547936,1,0
1.547576904296875,0.25530472491163236,17.792479655239497,0,0
1.547332763671875,0.25492429235802627,17.79168187903058,0,0
1.54608154296875,0.25420540958297305,17.790886824423325,0,0
1.545074462890625,0.25315501772501525,17.790094500918745,0,0
1.54339599609375,0.2517823170459117,17.789304918016814,0,0
1.54150390625,0.2500985355264009,17.788518085216445,0,0
1.539459228515625,0.2481166983944593,17.78773401201555,0,0
1.536865234375,0.24585139950696686,17.786952707911073,0,0
1.533599853515625,0.24331852780822244,17.786174182398998,0,0
1.53118896484375,0.24053488440648252,17.785398444974387,0,0
1.52752685546875,0.23751780220261035,17.784625505131423,0,0
1.524200439453125,0.23428485613524372,17.783855372363444,0,0
1.52081298828125,0.23085359180228257,17.783088056162942,0,0
1.5166015625,0.22724127274288689,17.78232356602163,0,0
1.512664794921875,0.22346461931833747,17.78156191143045,0,0
1.50921630859375,0.21953952160109746,17.78080310187962,0,0
1.50445556640625,0.21548087108500089,17.78004714685865,0,0
1.50054931640625,0.21130248360721365,17.779294055856386,0,0
1.49652099609375,0.2070170093733186,17.778543838361035,0,0
1.491790771484375,0.2026359276896365,17.777796503860195,0,0
1.487518310546875,0.19816959990687222,17.777052061840898,0,0
1.483062744140625,0.19362727560688658,17.776310521789625,0,0
1.47857666015625,0.18901713298840972,17.775571893192343,0,0
1.474334716796875,0.18434642424990244,17.77483618553456,0,0
1.469696044921875,0.17962171348311678,17.77410340830132,0,0
1.465057373046875,0.17484915671217763,17.773373570977245,0,0
1.460113525390625,0.17003471748236812,17.772646683046602,0,0
1.45556640625,0.16518427811933784,17.77192275399329,0,0
1.4503173828125,0.1603037006822856,17.771201793300886,0,0
1.445281982421875,0.15539882356729184,17.77048381045269,0,0
1.44049072265625,0.1504753571611309,17.76976881493176,0,0
1.435546875,0.14553878573373524,17.76905681622091,0,0
1.43048095703125,0.14059435784355545,17.768347823802795,0,0
1.425689697265625,0.13564709724651333,17.767641847159897,0,0
1.420745849609375,0.1307018120629038,17.766938895774587,0,0
1.41595458984375,0.12576314854467618,17.76623897912914,0,0
1.410919189453125,0.12083567442820736,17.765542106705794,0,0
1.40594482421875,0.11592392914348806,17.76484828798674,0,0
1.40081787109375,0.11103239200584282,17.764157532454213,0,0
1.396270751953125,0.10616539493935359,17.763469849590468,0,0
1.39129638671875,0.10132708394047117,17.76278524887785,0,0
1.386627197265625,0.09652146520763662,17.762103739798828,0,0
1.38165283203125,0.09175245569954751,17.76142533183601,0,0
1.3770751953125,0.08702388536432024,17.76075003447217,0,0
1.372650146484375,0.08233950783460559,17.76007785719033,0,0
1.36761474609375,0.0777030719083042,17.759408809473737,0,0
1.363128662109375,0.07311836258559326,17.758742900805935,0,0
1.358795166015625,0.06858916151762182,17.758080140670778,0,0
1.3541259765625,0.06411924087211712,17.75742053855248,0,0
1.34967041015625,0.05971239294616709,17.756764103935645,0,0
1.34490966796875,0.05537236568766032,17.75611084630529,0,0
1.3408203125,0.05110268839913112,17.755460775146894,0,0
1.336700439453125,0.0469065180137651,17.754813899946427,0,0
1.332427978515625,0.042786606930858145,17.7541702301904,0,0
1.3282470703125,0.03874530903408614,17.753529775365863,0,0
1.32476806640625,0.034784547717613065,17.752892544960474,0,0
1.320068359375,0.030905802408358437,17.752258548462528,0,0
1.31695556640625,0.027110084001436014,17.75162779536099,0,0
1.313262939453125,0.02339791345519831,17.751000295145516,0,0
1.309814453125,0.0197694458627714,17.75037605730651,0,0
1.30572509765625,0.016224643371308467,17.749755091335157,0,0
1.302703857421875,0.01276329131003058,17.749137406723438,0,0
1.2989501953125,0.009384921286736687,17.748523012964192,0,0
1.2957763671875,0.0060887647058757936,17.747911919551136,0,0
1.29241943359375,0.0028737100833303927,17.74730413597891,0,0
1.289337158203125,-0.00026175073358066653,17.746699671743116,0,0
1.28607177734375,-0.0033195677323514545,17.74609853634032,0,0
1.2833251953125,-0.00630217645613904,17.74550073926814,0,0
1.280303955078125,-0.009212512766472466,17.74490629002527,0,0
1.27752685546875,-0.012053982026166355,17.744315198111472,0,0
1.2747802734375,-0.014830420269179117,17.743727473027665,0,0
1.2720947265625,-0.01754605706089382,17.743143124275942,0,0
1.269073486328125,-0.020205496063658294,17.742562161359608,0,0
1.266632080078125,-0.02281376978761957,17.741984593783215,0,0
1.2637939453125,-0.025376446916444244,17.741410431052604,0,0
1.261444091796875,-0.027899717554300055,17.740839682674928,0,0
1.259307861328125,-0.03039039938195683,17.740272358158716,0,0
1.256805419921875,-0.032855809478892245,17.73970846701389,0,0
1.254486083984375,-0.03530355779661326,17.739148018751806,0,0
1.251800537109375,-0.03774140671227734,17.73859102288529,0,0
1.2498779296875,-0.04017721530262285,17.73803748892869,0,0
1.247344970703125,-0.04261884991603395,17.737487426397895,0,0
1.2452392578125,-0.04507400181059167,17.736940844810377,0,0
1.2427978515625,-0.04754996902735682,17.73639775368525,0,0
1.240509033203125,-0.050053446321015715,17.73585816254328,0,0
1.23834228515625,-0.052590305933696915,17.73532208090693,0,0
1.235931396484375,-0.05516532997513554,17.734789518300413,0,0
1.233154296875,-0.05778193144533434,17.734260484249724,0,0
1.230621337890625,-0.0604419865273718,17.733734988282666,0,0
1.22747802734375,-0.06314582238497768,17.733213039928902,0,0
1.224761962890625,-0.06589232637556751,17.732694648719992,0,0
1.2220458984375,-0.06867910764697274,17.73217982418943,0,0
1.219085693359375,-0.07150260266393277,17.731668575872682,0,0
1.21600341796875,-0.0743581363167615,17.731160913307228,0,0
1.21337890625,-0.07724002239027503,17.7306568460326,0,0
1.210113525390625,-0.08014166769532602,17.73015638359042,0,0
1.207122802734375,-0.08305566813498969,17.729659535524444,0,0
1.204345703125,-0.08597394529162625,17.729166311380595,0,0
1.20147705078125,-0.08888784772800246,17.728676720707014,0,0
1.197998046875,-0.09178819220395876,17.72819077305408,0,0
1.1947021484375,-0.09466543720181532,17.727708477974467,0,0
1.192047119140625,-0.0975100561540738,17.72722984502319,0,0
1.189300537109375,-0.100312861080172,17.726754883757618,0,0
1.186492919921875,-0.10306510033688503,17.726283603737542,0,0
1.18377685546875,-0.10575845275807522,17.725816014525197,0,0
1.180694580078125,-0.10838508806543999,17.725352125685315,0,0
1.17803955078125,-0.11093785797191805,17.724891946785164,0,0
1.175811767578125,-0.113410547072956,17.724435487394572,0,0
1.17333984375,-0.11579801143359177,17.72398275708599,0,0
1.170806884765625,-0.11809619595113847,17.723533765434524,0,0
1.168853759765625,-0.12030217549730886,17.723088522017974,0,0
1.166656494140625,-0.12241421317986535,17.722647036416884,0,0
1.165313720703125,-0.12443171152774204,17.72220931821456,0,0
1.16357421875,-0.1263549882291482,17.721775376997144,0,0
1.161102294921875,-0.12818498255033234,17.72134522235363,0,0
1.15960693359375,-0.1299231593508337,17.720918863875927,0,0
1.15869140625,-0.13157157114434698,17.720496311158872,0,0
1.156341552734375,-0.1331327734084009,17.7200775738003,0,0
1.155670166015625,-0.13460965242103365,17.71966266140107,0,0
1.154052734375,-0.13600532247795077,17.719251583565118,0,0
1.152679443359375,-0.13732302102837454,17.718844349899484,0,0
1.151336669921875,-0.13856605524374713,17.71844097001437,0,0
1.150543212890625,-0.13973783957053357,17.718041453523178,0,0
1.149017333984375,-0.1408418972337674,17.71764581004254,0,0
1.148956298828125,-0.1418817828908615,17.717254049192377,0,0
1.146728515625,-0.1428609725477658,17.716866180595936,0,0
1.146484375,-0.14378285116329187,17.716482213879836,0,0
1.1458740234375,-0.14465079609735973,17.7161021586741,0,0
1.14422607421875,-0.14546816538078733,17.71572602461221,0,0
1.144073486328125,-0.14623828244097398,17.71535382133115,0,0
1.143890380859375,-0.14696446340880853,17.714985558471433,0,0
1.1422119140625,-0.1476498893935525,17.71462124567717,0,0
1.14178466796875,-0.14829752963485027,17.71426089259609,0,0
1.141754150390625,-0.14891027818574504,17.713904508879608,0,0
1.14154052734375,-0.149490919886967,17.713552104182842,0,0
1.1397705078125,-0.15004186989749368,17.71320368816467,0,0
1.1392822265625,-0.15056519202521892,17.71285927048778,0,0
1.13909912109375,-0.15106297033657998,17.71251886081871,0,0
1.13922119140625,-0.1515375044534644,17.712182468827887,0,0
1.13916015625,-0.15199105448463146,17.711850104189665,0,0
1.137908935546875,-0.1524254341804956,17.7115217765824,0,0
1.1368408203125,-0.1528419404006772,17.71119749568846,0,0
1.136474609375,-0.15324176494775824,17.71087727119428,0,0
1.13671875,-0.15362646016721465,17.710561112790426,0,0
1.136871337890625,-0.15399796819669642,17.710249030171607,0,0
1.136810302734375,-0.1543582141975196,17.709941033036756,0,0
1.13690185546875,-0.15470857442129615,17.709637131089043,0,0
1.134521484375,-0.155049575899631,17.709337334035936,0,0
1.13427734375,-0.1553811913442815,17.70904165158926,0,0
1.134368896484375,-0.1557035615193363,17.708750093465206,0,0
1.13427734375,-0.15601741200995428,17.708462669384414,0,0
1.134246826171875,-0.15632392615777602,17.708179389071987,0,0
1.13427734375,-0.15662442662796144,17.707900262257574,0,0
1.1341552734375,-0.1569200609717913,17.70762529867539,0,0
1.13433837890625,-0.15721148598238102,17.707354508064242,0,0
1.133392333984375,-0.1574985982281656,17.707087900167643,0,0
1.13201904296875,-0.15778054532355365,17.706825484733788,0,0
1.131866455078125,-0.15805620702826417,17.70656727151563,0,0
1.13165283203125,-0.1583248292422344,17.706313270270932,0,0
1.13189697265625,-0.15858631393523973,17.706063490762315,0,0
1.131744384765625,-0.1588411035678298,17.70581794275728,0,0
1.1317138671875,-0.1590899041168289,17.70557663602829,0,0
1.13189697265625,-0.15933340867504805,17.705339580352785,0,0
1.13201904296875,-0.15957199883004658,17.70510678551325,0,0
1.13177490234375,-0.15980539655394962,17.704878261297267,0,0
1.1304931640625,-0.16003246529231321,17.704654017497536,0,0
1.1292724609375,-0.16025149135928773,17.704434063911947,0,0
1.129302978515625,-0.1604609416067312,17.704218410343614,0,0
1.129425048828125,-0.16066015976002973,17.70400706660094,0,0
1.129425048828125,-0.16084955258799988,17.703800042497647,0,0
1.129425048828125,-0.1610304027654623,17.703597347852828,0,0
1.12945556640625,-0.1612046227417236,17.703398992491003,0,0
1.1295166015625,-0.16137453534246646,17.703204986242163,0,0
1.129669189453125,-0.16154264075745564,17.703015338941814,0,0
1.12933349609375,-0.16171137465880922,17.702830060431037,0,0
1.1295166015625,-0.16188292349144434,17.702649160556533,0,0
1.1292724609375,-0.16205910595615516,17.70247264917065,0,0
1.129364013671875,-0.16224126149305146,17.70230053613148,0,0
1.127685546875,-0.1624302395601136,17.702132831302855,0,0
1.12713623046875,-0.16262676594600023,17.701969544554437,0,0
1.126800537109375,-0.16283217262549887,17.701810685761743,0,0
1.126983642578125,-0.16304901219786794,17.701656264806203,0,0
1.12701416015625,-0.16328121419443117,17.70150629157522,0,0
1.12713623046875,-0.16353388220770598,17.701360775962197,0,0
1.127166748046875,-0.16381294634893317,17.701219727866615,0,0
1.127044677734375,-0.16412479348126682,17.701083157194045,0,0
1.1270751953125,-0.1644759238850752,17.700951073856256,0,0
1.1268310546875,-0.1648726322899621,17.700823487771196,0,0
1.12725830078125,-0.16532065862589962,17.7007004088631,0,0
1.12701416015625,-0.1658247245788938,17.700581847062516,0,0
1.126373291015625,-0.1663880119447147,17.70046781230635,0,0
1.124420166015625,-0.16701191569827617,17.700358314537926,0,0
1.124542236328125,-0.16769629641890582,17.70025336370705,0,0
1.12469482421875,-0.1684397992725486,17.70015296977003,0,0
1.122528076171875,-0.16923976056934875,17.70005714268976,0,0
1.1219482421875,-0.1700920863513846,17.699965892435753,0,0
1.121795654296875,-0.17099143673966655,17.69987922898418,0,0
1.119598388671875,-0.17193135604512244,17.699797162317967,0,0
1.11944580078125,-0.17290431592982589,17.6997197024268,0,0
1.11785888671875,-0.1739018795967523,17.699646859307204,0,0
1.1170654296875,-0.17491486117062527,17.69957864296257,0,0
1.116363525390625,-0.17593339879873104,17.699515063403243,0,0
1.11468505859375,-0.17694697728674397,17.699456130646556,0,0
1.11444091796875,-0.17794445981437196,17.699401854716864,0,0
1.112213134765625,-0.17891419813854842,17.699352245645635,0,0
1.111968994140625,-0.1798442502136324,17.69930731347147,0,0
1.11102294921875,-0.1807226251479922,17.699267068240175,0,0
1.109527587890625,-0.18153742331238393,17.69923152000481,0,0
1.109466552734375,-0.18227696522194536,17.699200678825733,0,0
1.108367919921875,-0.1829299526408968,17.699174554770668,0,0
1.107421875,-0.1834855911432655,17.699153157914758,0,0
1.1070556640625,-0.18393380340944956,17.699136498340597,0,0
1.10699462890625,-0.18426549543540696,17.69912458613831,0,0
1.1070556640625,-0.18447262048858323,17.699117431405597,0,0
1.10723876953125,-0.1845480127833396,17.699115044247787,0,1
1.106964111328125,-0.18448517633129985,17.69941999535672,0,0
1.107025146484375,-0.1842782271645485,17.700331411159823,0,0
1.10693359375,-0.18392206973890213,17.701844227281406,0,0
1.10711669921875,-0.1834127457142152,17.70395349911377,0,0
1.10870361328125,-0.18274777344248777,17.706654398418035,0,0
1.10955810546875,-0.1819261995225111,17.70994221001073,0,0
1.11029052734375,-0.18094836068002293,17.713812328532672,0,0
1.1119384765625,-0.17981568572733486,17.71826025529675,0,0
1.113372802734375,-0.17853059243821334,17.72328159521151,0,0
1.114654541015625,-0.17709632308926657,17.728872053777337,0,0
1.1170654296875,-0.1755167526980322,17.735027434152364,0,0
1.11883544921875,-0.17379614843188074,17.741743634285164,0,0
1.120574951171875,-0.17193885121892344,17.749016644111443,0,0
1.12298583984375,-0.16994904618803378,17.75684254281218,0,0
1.125091552734375,-0.16783064019918975,17.765217496130425,0,0
1.12713623046875,-0.1655871507367371,17.7741377537445,0,0
1.129638671875,-0.16322167241387606,17.783599646694974,0,0
1.132110595703125,-0.16073692836627015,17.79359958486327,0,0
1.13482666015625,-0.15813529565519122,17.804134054499485,0,0
1.137542724609375,-0.15541878313048904,17.815199615797404,0,0
1.140228271484375,-0.15258901818153728,17.82679290051448,0,0
1.14288330078125,-0.1496473128811565,17.838910609634784,0,0
1.146026611328125,-0.14659483470514828,17.851549511072985,0,0
1.1495361328125,-0.1434327613398173,17.864706437417404,0,0
1.15264892578125,-0.14016228109308443,17.87837828371026,0,0
1.15582275390625,-0.1367845308621688,17.89256200526343,0,0
1.1595458984375,-0.1333006366520969,17.90725461550783,0,0
1.1629638671875,-0.12971180506824342,17.922453183874865,0,0
1.167022705078125,-0.12601935030792863,17.93815483370817,0,0
1.170745849609375,-0.12222464829681896,17.954356740204215,0,0
1.1748046875,-0.11832905296936898,17.971056128380052,0,0
1.178924560546875,-0.11433381200843576,17.98825027106686,0,0
1.182647705078125,-0.11024001711004083,18.00593648692771,0,0
1.186981201171875,-0.10604864435799984,18.024112138498214,0,0
1.191375732421875,-0.10176066051222567,18.042774630248612,0,0
1.195831298828125,-0.0973770639316056,18.06192140666603,0,0
1.2001953125,-0.09289884974599653,18.081549950355527,0,0
1.204925537109375,-0.08832699838177727,18.10165778015872,0,0
1.209503173828125,-0.08366249767165405,18.122242449288724,0,0
1.214263916015625,-0.07890636770882303,18.143301543480185,0,0
1.219085693359375,-0.07405970313134275,18.164832679153307,0,0
1.224365234375,-0.0691237087209556,18.18683350159061,0,0
1.22894287109375,-0.06409968819143416,18.209301683125435,0,0
1.23443603515625,-0.05898904396579197,18.23223492134102,0,0
1.23956298828125,-0.05379330915662373,18.255630937279125,0,0
1.244842529296875,-0.048514146219010575,18.279487473657163,0,0
1.2501220703125,-0.04315334460504236,18.303802293092865,0,0
1.255706787109375,-0.03771286781442665,18.328573176335432,0,0
1.261444091796875,-0.03219487697173315,18.353797920502288,0,0
1.267303466796875,-0.026601646536817666,18.379474337320463,0,0
1.272857666015625,-0.020935399418879702,18.40560025137169,0,0
1.278045654296875,-0.015198227773893597,18.43217349834039,0,0
1.2841796875,-0.009392229138043828,18.459191923263568,0,0
1.289886474609375,-0.0035197229185733037,18.48665337878189,0,0
1.295867919921875,0.002416635801591613,18.514555723391087,0,0
1.302215576171875,0.008413836869845287,18.54289681969282,0,0
1.30810546875,0.01446856143153566,18.571674532644327,0,0
1.31402587890625,0.02057723603662466,18.60088672780602,0,0
1.3203125,0.02673597988055483,18.630531269586335,0,0
1.326324462890625,0.03294048148746931,18.660606019483073,0,0
1.33245849609375,0.039185882709614844,18.691108834320598,0,0
1.338897705078125,0.0454666573246508,18.722037564482147,0,0
1.345001220703125,0.051776508616574235,18.753390052136616,0,0
1.35162353515625,0.05810831789992556,18.785164129459208,0,0
1.35784912109375,0.06445413572856912,18.817357616845303,0,0
1.36444091796875,0.07080521294078411,18.849968321116926,0,0
1.37091064453125,0.07715206956755963,18.88299403372127,0,0
1.377288818359375,0.08348460047488486,18.916432528920737,0,0
1.384002685546875,0.08979221054426768,18.950281561973867,0,0
1.39019775390625,0.09606397968701418,18.984538867306732,0,0
1.397064208984375,0.10228886759368847,19.019202156674254,0,0
1.403076171875,0.10845595928220668,19.054269117310984,0,0
1.409698486328125,0.11455472748207621,19.089737410070867,0,0
1.4154052734375,0.12057525581250053,19.125604667555592,0,0
1.421875,0.12650839369055147,19.161868492231104,0,0
1.42767333984375,0.13234588852339688,19.198526454531866,0,0
1.433349609375,0.13808052395030657,19.235576090952577,0,0
1.43896484375,0.14370618706004532,19.273014902126913,0,0
1.44464111328125,0.14921784340946942,19.310840350893084,0,0
1.449737548828125,0.15461150009459831,19.349049860345783,0,0
1.45550537109375,0.15988417894280715,19.387640811874427,0,0
1.460296630859375,0.16503390923343605,19.42661054318733,0,0
1.465057373046875,0.17005970026271033,19.465956346321597,0,0
1.47003173828125,0.17496138460990338,19.505675465638696,0,0
1.475189208984375,0.17973942939323767,19.545765095805372,0,0
1.4796142578125,0.1843949075542695,19.586222379759906,0,0
1.484130859375,0.18892954671886575,19.6270444066636,0,0
1.488372802734375,0.19334567203390082,19.668228209837412,0,0
1.492431640625,0.1976460319732573,19.7097707646837,0,0
1.49700927734375,0.20183359821106692,19.751668986593153,0,0
1.501068115234375,0.20591146211087266,19.793919728836855,0,0
1.5048828125,0.20988284963142947,19.836519780443652,0,0
1.508575439453125,0.2137510937840383,19.879465864062855,0,0
1.511962890625,0.2175194492842627,19.9227546338125,0,0
1.5159912109375,0.22119082110698982,19.966382673113316,0,0
1.519195556640625,0.22476755187170838,20.010346492508656,0,0
1.522674560546875,0.22825128798594796,20.054642527470644,0,0
1.5263671875,0.23164285838224277,20.09926713619287,0,0
1.529266357421875,0.2349421961189331,20.144216597370022,0,0
1.5325927734375,0.23814828386849357,20.189487107964794,0,0
1.5357666015625,0.24125905749775411,20.23507478096261,0,0
1.5386962890625,0.2442713307251903,20.280975643114605,0,0
1.54193115234375,0.24718078681275557,20.32718563266944,0,0
1.544769287109375,0.24998202974138145,20.37370059709456,0,0
1.547515869140625,0.25266868849454555,20.420516290787575,0,0
1.550384521484375,0.25523353049603276,20.467628372778403,0,0
1.5533447265625,0.25766862108667854,20.515032404423057,0,0
1.55535888671875,0.2599655850356063,20.56272384708979,0,0
1.5574951171875,0.26211582167582487,20.610698059838583,0,0
1.5599365234375,0.26411055779877357,20.658950297094854,0,0
1.562164306640625,0.26594093060751933,20.707475706318412,0,0
1.563873291015625,0.26759825671126225,20.75626932566878,0,0
1.564910888671875,0.2690742965736042,20.80532608166794,0,0
1.567291259765625,0.27036135095170205,20.85464078686181,0,0
1.567352294921875,0.2714523286909834,20.90420813748161,0,0
1.568939208984375,0.2723408222081003,20.954022711106568,0,0
1.5699462890625,0.27302113971367786,21.004078964329324,0,0
1.569854736328125,0.27348841332269375,21.054371230425552,0,0
1.569793701171875,0.2737386506339876,21.104893717029324,0,0
1.569732666015625,0.2737684963492456,21.155640503815924,1,0
1.56951904296875,0.27357488247809814,21.206605540193745,0,0
1.5697021484375,0.27315485227062947,21.257782643007182,0,0
1.5697021484375,0.27250568959074734,21.30916549425228,0,0
1.568817138671875,0.27162532955798324,21.360747638807165,0,0
1.567352294921875,0.27051275873692016,21.41252248217932,0,0
1.566436767578125,0.2691681351771249,21.464483288271772,0,0
1.564910888671875,0.26759276351176015,21.51662317717047,0,0
1.56280517578125,0.26578912538982696,21.56893512295509,0,0
1.561187744140625,0.26376089300233574,21.621411951535734,0,0
1.558837890625,0.2615129022023767,21.67404633851792,0,0
1.55621337890625,0.2590511515008336,21.7268308070985,0,0
1.553619384765625,0.25638275512290915,21.779757725995115,0,0
1.550537109375,0.25351581576808657,21.83281930741194,0,0
1.547454833984375,0.2504592727059632,21.886007605044583,0,0
1.544097900390625,0.24722273418893775,21.93931451212709,0,0
1.540924072265625,0.24381632270316045,21.99273175952396,0,0
1.53662109375,0.24025054480108735,22.04625091387044,0,0
1.533538818359375,0.23653611687129772,22.099863375764198,0,0
1.5296630859375,0.23268381450106107,22.1535603780117,0,0
1.525604248046875,0.22870447197166746,22.207332983932716,0,0
1.52142333984375,0.22460900742477177,22.261172085726333,0,0
1.51727294921875,0.2204083377059196,22.31506840290217,0,0
1.5128173828125,0.216113249784105,22.36901248078035,0,0
1.508819580078125,0.21173430488543157,22.422994689064016,0,0
1.50421142578125,0.20728181054868022,22.477005220488184,0,0
1.499603271484375,0.20276582756470413,22.531034089548896,0,0
1.495086669921875,0.1981961129244299,22.58507113131661,0,0
1.490264892578125,0.19358199602524512,22.63910600033792,0,0
1.4857177734375,0.188932245152796,22.693128169629787,0,0
1.48101806640625,0.1842549499156493,22.74712692977037,0,0
1.47625732421875,0.17955743682541717,22.801091388090995,0,0
1.4715576171875,0.1748461972168322,22.855010467973297,0,0
1.4666748046875,0.1701267939154322,22.90887290825628,0,0
1.462005615234375,0.1654037460024245,22.962667262757517,0,0
1.4573974609375,0.1606804263588988,23.016381899913178,0,0
1.452972412109375,0.1559590443160268,23.070005002541404,0,0
1.4482421875,0.15124074131306764,23.123524567733675,0,0
1.4437255859375,0.14652572832675986,23.17692840687887,0,0
1.4385986328125,0.1418133631088079,23.23020414582461,0,0
1.434722900390625,0.1371021553681342,23.28333922518078,0,0
1.42999267578125,0.1323898486685961,23.336320900769817,0,0
1.425262451171875,0.12767364206796228,23.38913624422865,0,0
1.420562744140625,0.12295036226292033,23.441772143766933,0,0
1.416259765625,0.11821651849134868,23.494215305086485,0,0
1.4119873046875,0.11346843738452328,23.54645225246655,0,0
1.407257080078125,0.10870257263290466,23.598469330019707,0,0
1.40289306640625,0.10391585631447707,23.650252703123055,0,0
1.39813232421875,0.09910598350730426,23.701788360029436,0,0
1.393218994140625,0.09427161935090979,23.753062113663248,0,0
1.388214111328125,0.0894124760506195,23.80405960360538,0,0
1.383514404296875,0.0845292520880727,23.8547662982719,0,0
1.37835693359375,0.07962353891512584,23.90516749729073,0,0
1.37347412109375,0.07469773556567177,23.955248334080736,0,0
1.368682861328125,0.06975495587715216,24.00499377863747,0,0
1.36376953125,0.06479898493797077,24.054388640529588,0,0
1.35821533203125,0.05983425839896057,24.10341757210996,0,0
1.3536376953125,0.05486573039095806,24.15206507194531,0,0
1.348602294921875,0.04989869117715434,24.20031548846804,0,0
1.34344482421875,0.04493867945218174,24.24815302385379,0,0
1.33837890625,0.039991401248816,24.295561738128015,0,0
1.333740234375,0.03506258075921473,24.34252555350475,0,0
1.328857421875,0.030157875599101713,24.389028258960437,0,0
1.324462890625,0.0252829432873398,24.43505351504561,0,0
1.31951904296875,0.02044360871541058,24.480584858936766,0,0
1.314849853515625,0.015646029707150417,24.525605709730748,0,0
1.30950927734375,0.01089673252607979,24.570099373983506,0,0
1.305023193359375,0.006202455212893716,24.61404905149488,0,0
1.300506591796875,0.0015699257683474887,24.657437841340887,0,0
1.295806884765625,-0.0029942454888018943,24.700248748154333,0,0
1.291046142578125,-0.00748361493141775,24.742464688654692,0,0
1.286865234375,-0.011892038108484767,24.784068498427434,0,0
1.282867431640625,-0.01621378826523672,24.825042938952976,0,0
1.27789306640625,-0.020443560866278326,24.86537070488477,0,0
1.274200439453125,-0.02457652579890423,24.90503443157585,0,0
1.26983642578125,-0.02860849492467553,24.94401670285265,0,0
1.2659912109375,-0.03253606907214617,24.98230005903462,0,0
1.2626953125,-0.03635669844820085,25.01986700519751,0,0
1.25860595703125,-0.04006863302484688,25.056700019678065,0,0
1.25531005859375,-0.04367082530067367,25.09278156281708,0,0
1.25152587890625,-0.04716291305822974,25.12809408593767,0,0
1.248565673828125,-0.05054525609264036,25.16262004055478,0,0
1.24566650390625,-0.05381889288153249,25.196341887811723,0,0
1.24224853515625,-0.056985364517703134,25.229242108138966,0,0
1.239349365234375,-0.060046546365336934,25.26130321112985,0,0
1.23663330078125,-0.06300459084242696,25.292507745627468,0,0
1.2335205078125,-0.06586188816846553,25.322838310016383,0,0
1.231292724609375,-0.06862100390590618,25.35227756271244,0,0
1.228363037109375,-0.07128460883691369,25.380808232843176,0,0
1.22607421875,-0.0738553960358533,25.408413131111097,0,0
1.2239990234375,-0.07633598446452915,25.435075160831417,0,0
1.221405029296875,-0.07872876516508512,25.460777329135176,0,0
1.219482421875,-0.08103572608451816,25.485502758328543,0,0
1.217254638671875,-0.08325832605794362,25.50923469739809,0,0
1.21527099609375,-0.08539738406560168,25.53195653365167,0,0
1.212921142578125,-0.0874530005630406,25.5536518044839,0,0
1.21124267578125,-0.0894245716194696,25.57430420925466,0,0
1.20928955078125,-0.09131083877182807,25.59389762126862,0,0
1.2080078125,-0.09310986358722628,25.612416099843323,0,0
1.20550537109375,-0.09481894672975358,25.62984390245285,0,0
1.20379638671875,-0.09643468992241086,25.646165496933477,0,0
1.203094482421875,-0.09795322206379083,25.661365573737676,0,0
1.20074462890625,-0.09937031963396036,25.675429058221937,0,0
1.1995849609375,-0.100681450708419,25.688341122953734,0,0
1.197967529296875,-0.10188199798396913,25.700087200022487,0,0
1.197113037109375,-0.10296757220983525,25.710652993339117,0,0
1.19561767578125,-0.10393424982827358,25.720024490908198,0,0
1.195648193359375,-0.10477873025808336,25.728187977056557,0,0
1.194000244140625,-0.10549839655071003,25.73513004460202,0,0
1.193389892578125,-0.10609139476465768,25.740837606945306,0,0
1.193359375,-0.10655685108503671,25.74529791006834,0,0
1.193115234375,-0.10689500282298071,25.74849854442164,0,0
1.193206787109375,-0.10710707316473783,25.75042745668348,0,0
1.193695068359375,-0.10719501044632092,25.75107296137339,0,1
1.193603515625,-0.1071611709648198,25.750729291008078,0,0
1.19329833984375,-0.10700807601221922,25.749700658791937,0,0
1.193115234375,-0.10673848468874875,25.74799071418563,0,0
1.19317626953125,-0.10635579292637762,25.745603213301873,0,0
1.194366455078125,-0.105864465040251,25.74254201695937,0,0
1.1954345703125,-0.1052701395078483,25.73881108870666,0,0
1.1956787109375,-0.1045793714422152,25.734414492817404,0,0
1.19683837890625,-0.10379937239981875,25.729356392258822,0,0
1.198089599609375,-0.10293790441027735,25.723641046634846,0,0
1.1982421875,-0.10200317873573865,25.717272810105545,0,0
1.200927734375,-0.10100373671487593,25.710256129284492,0,0
1.201019287109375,-0.0999482508512057,25.702595541115702,0,0
1.203033447265625,-0.09884522058191356,25.694295670731623,0,0
1.20343017578125,-0.09770276958732985,25.68536122929389,0,0
1.2054443359375,-0.09652858745270998,25.675797011818393,0,0
1.206085205078125,-0.09532988317497934,25.665607894986213,0,0
1.208251953125,-0.09411328908227364,25.654798834941996,0,0
1.208770751953125,-0.09288471593892174,25.643374865081363,0,0
1.21075439453125,-0.09164922004880842,25.631341093828823,0,0
1.211212158203125,-0.0904109485516496,25.618702702407788,0,0
1.212738037109375,-0.08917319346207803,25.60546494260414,0,0
1.213623046875,-0.087938549331424,25.591633134524862,0,0
1.215240478515625,-0.08670907676427571,25.577212664353212,0,0
1.2158203125,-0.0854864044414027,25.562208982101897,0,0
1.217681884765625,-0.08427182381012607,25.546627599365607,0,0
1.2178955078125,-0.08306641064735962,25.530474087074417,0,0
1.220123291015625,-0.0818711602041546,25.513754073249377,0,0
1.220245361328125,-0.08068710008678892,25.49647324076165,0,0
1.222686767578125,-0.07951534063763112,25.478637325096518,0,0
1.222686767578125,-0.07835706599161782,25.46025211212362,0,0
1.224700927734375,-0.07721352826704067,25.441323435874658,0,0
1.2252197265625,-0.07608609358893792,25.42185717632973,0,0
1.226409912109375,-0.07497632009395618,25.40185925721375,0,0
1.227935791015625,-0.07388604100271634,25.381335643803837,0,0
1.2283935546875,-0.07281740055250525,25.36029234074908,0,0
1.230377197265625,-0.07177283138262702,25.338735389903718,0,0
1.230621337890625,-0.07075500730945913,25.316670868174736,0,0
1.232391357421875,-0.06976678238510131,25.294104885385153,0,0
1.232940673828125,-0.06881113599433786,25.2710435821538,0,0
1.23419189453125,-0.06789111618547664,25.247493127792776,0,0
1.235382080078125,-0.06700975962313774,25.22345971822342,0,0
1.23529052734375,-0.06617001891249367,25.19894957391181,0,0
1.237579345703125,-0.06537475763888378,25.173968937824654,0,0
1.2376708984375,-0.06462668891803214,25.148524073406403,0,0
1.23785400390625,-0.0639282314432176,25.122621262578523,0,0
1.239837646484375,-0.06328151703424861,25.096266803761576,0,0
1.240020751953125,-0.06268837371060712,25.069467009921027,0,0
1.2398681640625,-0.0621501406068084,25.04222820663734,0,0
1.24029541015625,-0.061667738917693615,25.014556730201246,0,0
1.24127197265625,-0.061242017555049925,24.986458925734652,0,0
1.242340087890625,-0.06087383625935282,24.95794114533797,0,0
1.24224853515625,-0.060563745998615616,24.929009746264352,0,0
1.242523193359375,-0.06031167190548871,24.89967108912147,0,0
1.2423095703125,-0.060116906448639706,24.869931536101326,0,0
1.24273681640625,-0.05997830819940304,24.83979744923856,0,0
1.242767333984375,-0.05989446734927211,24.8092751886978,0,0
1.242401123046875,-0.05986378419943658,24.778371111090397,0,0
1.242279052734375,-0.059884605533888545,24.74709156782097,0,0
1.2423095703125,-0.059955461371566064,24.715442903464165,0,0
1.2427978515625,-0.06007519842804625,24.683431454171917,0,0
1.242401123046875,-0.06024287046487421,24.651063546111477,0,0
1.242645263671875,-0.06045751702741836,24.61834549393466,0,0
1.24261474609375,-0.06071796215619517,24.585283599278284,0,0
1.242340087890625,-0.06102260066048517,24.55188414929627,0,0
1.24261474609375,-0.06136916033193738,24.5181534152234,0,0
1.24005126953125,-0.0617546044000667,24.484097650971048,0,0
1.24005126953125,-0.06217548920333362,24.44972309175489,0,0
1.240081787109375,-0.06262863390677782,24.41503595275473,0,0
1.240020751953125,-0.06311140303541068,24.38004242780663,0,0
1.2398681640625,-0.06362141578431826,24.344748688127165,0,0
1.239898681640625,-0.06415607323298142,24.309160881070095,0,0
1.23748779296875,-0.06471224700808792,24.273285128915255,0,0
1.237579345703125,-0.06528643400880217,24.23712752768976,0,0
1.237548828125,-0.06587519374957392,24.200694146021412,0,0
1.237518310546875,-0.06647519489972736,24.163991024024302,0,0
1.23651123046875,-0.06708280668070478,24.127024172216466,0,0
1.235015869140625,-0.06769385514449122,24.08979957046953,0,0
1.23529052734375,-0.06830383176311924,24.0523231669902,0,0
1.235015869140625,-0.06890812148979975,24.01460087733342,0,0
1.2344970703125,-0.06950184056584383,23.9766385834471,0,0
1.2325439453125,-0.07007961570366483,23.938442132748172,0,0
1.232635498046875,-0.07063579389406903,23.900017337229766,0,0
1.23284912109375,-0.07116480855144536,23.861369972599356,0,0
1.232666015625,-0.07166109511865906,23.822505777447553,0,0
1.2318115234375,-0.07211864956958847,23.783430452447348,0,0
1.22998046875,-0.07253088903564843,23.744149659583556,0,0
1.230255126953125,-0.07289110451445201,23.704669021412116,0,0
1.2303466796875,-0.07319302032545265,23.66499412034899,0,0
1.230133056640625,-0.073430890557034,23.625130497988412,0,0
1.230316162109375,-0.07359925130216999,23.58508365445004,0,0
1.23028564453125,-0.07369268013702729,23.544859047754823,0,0
1.230010986328125,-0.07370564751334249,23.504462093229098,0,0
1.2303466796875,-0.07363248520715271,23.463898162936736,0,0
1.230377197265625,-0.07346743526408053,23.423172585138833,0,0
1.230072021484375,-0.0732047336994992,23.382290643780603,0,0
1.230255126953125,-0.07283884033829487,23.341257578005187,0,0
1.230255126953125,-0.07236484832928686,23.30007858169389,0,0
1.232574462890625,-0.07177880093166922,23.25875880303247,0,0
1.23272705078125,-0.0710775652664806,23.217303344103158,0,0
1.2325439453125,-0.07025848902176335,23.175717260501884,0,0
1.23504638671875,-0.06931938455880718,23.134005560980402,0,0
1.2349853515625,-0.0682586660216292,23.092173207112833,0,0
1.23681640625,-0.06707531147340037,23.050225112986237,0,0
1.23760986328125,-0.06576885245637083,23.008166144914767,0,0
1.239898681640625,-0.06433942410800907,22.96600112117701,0,0
1.241302490234375,-0.06278767130219716,22.923734811776026,0,0
1.242523193359375,-0.06111457696949329,22.88137193822172,0,0
1.244842529296875,-0.059321435494530436,22.83891717333507,0,0
1.247314453125,-0.05740986534578692,22.796375141073746,0,0
1.249114990234375,-0.05538159748164923,22.753750416378768,0,0
1.251495361328125,-0.053238179408483105,22.71104752504165,0,0
1.2537841796875,-0.05098082596807451,22.668270943591686,0,0
1.255889892578125,-0.04861037901328017,22.625425099202868,0,0
1.25872802734375,-0.0461273222651037,22.58251436962005,0,0
1.26141357421875,-0.0435317910951811,22.539543083103876,0,0
1.2640380859375,-0.0408235014812082,22.49651551839401,0,0
1.266448974609375,-0.03800171204197992,22.453435904690345,0,0
1.26953125,-0.035065353956286946,22.41030842165159,0,0
1.27276611328125,-0.03201321085605199,22.36713719941092,0,0
1.275634765625,-0.028843985484563524,22.32392631860824,0,0
1.2786865234375,-0.025556347740015285,22.280679810438553,0,0
1.282196044921875,-0.02214910214228328,22.23740165671611,0,0
1.285614013671875,-0.018621382454680067,22.194095789953845,0,0
1.2891845703125,-0.014972771842267123,22.1507660934577,0,0
1.292999267578125,-0.011203392512581147,22.107416401435398,0,0
1.296875,-0.0073139855666022185,22.064050499119304,0,0
1.30059814453125,-0.0033059784009486642,22.020672122902877,0,0
1.305206298828125,0.0008184386523240397,21.977284960490405,0,0
1.30950927734375,0.005056305804037833,21.933892651059505,0,0
1.314117431640625,0.009404037464000689,21.89049878543611,0,0
1.3184814453125,0.013857621269017982,21.847106906281464,0,0
1.323150634765625,0.01841274865794447,21.803720508290724,0,0
1.3275146484375,0.0230648472452221,21.760343038402908,0,0
1.332366943359375,0.02780902460167168,21.716977896021636,0,0
1.337432861328125,0.03263999511270457,21.673628433246414,0,0
1.34222412109375,0.03755209161985624,21.63029795511404,0,0
1.347442626953125,0.04253934308157084,21.586989719849793,0,0
1.35235595703125,0.04759553826655148,21.54370693912801,0,0
1.357696533203125,0.052714266489054945,21.500452778341725,0,0
1.362579345703125,0.057888940413750825,21.45723035688102,0,0
1.368011474609375,0.0631127812010557,21.414042748419742,0,0
1.373199462890625,0.06837878302115417,21.370892981210233,0,0
1.37847900390625,0.0736796947494356,21.32778403838575,0,0
1.383758544921875,0.07900799994806734,21.2847188582703,0,0
1.38909912109375,0.08435586970544105,21.24170033469547,0,0
1.39453125,0.08971511795441123,21.198731317324004,0,0
1.4000244140625,0.09507720064223563,21.15581461197986,0,0
1.40557861328125,0.10043328448197746,21.11295298098431,0,0
1.411102294921875,0.10577438846510051,21.070149143497932,0,0
1.416229248046875,0.11109154679340201,21.02740577586813,0,0
1.421783447265625,0.11637591239867859,20.98472551198188,0,0
1.427093505859375,0.12161881601657837,20.94211094362349,0,0
1.432403564453125,0.12681186180810997,20.899564620837044,0,0
1.4376220703125,0.13194705366989018,20.85708905229329,0,0
1.443145751953125,0.13701693457033307,20.814686705660698,0,0
1.448333740234375,0.14201480043193454,20.772360007980453,0,0
1.45281982421875,0.1469349467424834,20.730111346045106,0,0
1.457672119140625,0.15177275023509332,20.68794306678068,0,0
1.462493896484375,0.15652455577970684,20.64585747763193,0,0
1.467132568359375,0.16118756562804015,20.603856846950617,0,0
1.47149658203125,0.16575979719242406,20.561943404386458,0,0
1.476318359375,0.17024003312757116,20.520119341280637,0,0
1.48046875,0.1746277844491083,20.478386811061622,0,0
1.484649658203125,0.17892327280599002,20.43674792964302,0,0
1.489013671875,0.18312735967333785,20.395204775823377,0,0
1.49298095703125,0.18724145656549654,20.35375939168765,0,0
1.496795654296875,0.19126745421460922,20.31241378301016,0,0
1.500946044921875,0.19520761686046123,20.271169919658906,0,0
1.504302978515625,0.19906444881059265,20.23002973600092,0,0
1.50860595703125,0.2028405719453235,20.188995131308687,0,0
1.512115478515625,0.20653865935414023,20.148067970167247,0,0
1.5155029296875,0.21016143127119677,20.107250082881986,0,0
1.51910400390625,0.21371159171176543,20.066543265886825,0,0
1.522308349609375,0.21719166858536385,20.02594928215274,0,0
1.52606201171875,0.22060386382710073,19.985469861596435,0,0
1.529052734375,0.22394997244982934,19.94510670148896,0,0
1.5322265625,0.22723131347087033,19.904861466864272,0,0
1.535491943359375,0.23044859562426212,19.86473579092743,0,0
1.538604736328125,0.23360177360646284,19.82473127546244,0,0
1.54144287109375,0.23668995591575304,19.78484949123953,0,0
1.544647216796875,0.23971130996021128,19.74509197842178,0,0
1.54779052734375,0.24266299082904402,19.705460246970937,0,0
1.550872802734375,0.24554120087700124,19.66595577705236,0,0
1.553680419921875,0.24834135829687462,19.626580019438972,0,0
1.55633544921875,0.2510582443681598,19.587334395914038,0,0
1.559051513671875,0.25368605927673155,19.54822029967278,0,0
1.56195068359375,0.2562184563391259,19.50923909572267,0,0
1.564208984375,0.2586486525498493,19.470392121282277,0,0
1.566986083984375,0.2609695908320999,19.431680686178634,0,0
1.56939697265625,0.2631741251862308,19.393106073243043,0,0
1.571533203125,0.2652552616727133,19.35466953870516,0,0
1.573516845703125,0.26720638791288304,19.31637231258536,0,0
1.574798583984375,0.26902135760617024,19.278215599085268,0,0
1.577117919921875,0.2706944195024402,19.240200576976385,0,0
1.577850341796875,0.27222011907825266,19.202328399986744,0,0
1.57940673828125,0.27359320058064607,19.164600197185543,0,0
1.58038330078125,0.27480843427509355,19.12701707336565,0,0
1.582061767578125,0.2758604781668693,19.089580109424006,0,0
1.5821533203125,0.2767438878858525,19.05229036273974,0,0
1.58282470703125,0.2774530943683877,19.01514886755008,0,0
1.584442138671875,0.27798228304482125,18.978156635323906,0,0
1.584197998046875,0.2783254639163564,18.941314655132945,0,0
1.584442138671875,0.278476716495175,18.904623894020578,1,0
1.5845947265625,0.2784302881359071,18.868085297368168,0,0
1.584686279296875,0.2781806231378632,18.83169978925888,0,0
1.5845947265625,0.27772256167917403,18.795468272839035,0,0
1.58331298828125,0.27705161899637387,18.759391630676816,0,0
1.582244873046875,0.27616406550893724,18.723470725118457,0,0
1.58184814453125,0.2750567811346497,18.68770639864174,0,0
1.57989501953125,0.27372717788580436,18.652099474206878,0,0
1.580047607421875,0.27217335183064517,18.616650755604724,0,0
1.57720947265625,0.27039442379866746,18.58136102780225,0,0
1.575653076171875,0.2683908765385363,18.546231057285336,0,0
1.573883056640625,0.2661646970996102,18.51126159239878,0,0
1.571685791015625,0.2637195261026123,18.476453363683618,0,0
1.569122314453125,0.26106097731138345,18.44180708421159,0,0
1.566497802734375,0.2581969400323484,18.4073234499169,0,0
1.563812255859375,0.255137799802076,18.373003139925128,0,0
1.557525634765625,0.25189644203074596,18.33884681687938,0,0
1.553985595703125,0.24848753886464742,18.304855127263597,0,0
1.55084228515625,0.24492626310070034,18.27102870172306,0,0
1.54693603515625,0.24122741281485496,18.237368155382097,0,0
1.54339599609375,0.23740524768352456,18.203874088158926,0,0
1.539215087890625,0.2334735347587218,18.17054708507773,0,0
1.5352783203125,0.2294455360239416,18.137387716577877,0,0
1.531463623046875,0.22533397595619134,18.1043965388203,0,0
1.527099609375,0.22115106669440743,18.07157409399115,0,0
1.523101806640625,0.21690857780079034,18.03892091060253,0,0
1.518341064453125,0.21261785382785534,18.006437503790526,0,0
1.51385498046875,0.2082897063598231,17.97412437561036,0,0
1.5091552734375,0.20393415817535415,17.941982015328808,0,0
1.5050048828125,0.19956013438946577,17.91001089971386,0,0
1.500396728515625,0.19517524890756863,17.87821149332154,0,0
1.49639892578125,0.19078572852872944,17.846584248780065,0,0
1.49176025390625,0.18639643166320904,17.81512960707118,0,0
1.487518310546875,0.18201089268145,17.78384799780886,0,0
1.483184814453125,0.17763134268914416,17.752739839515232,0,0
1.478485107421875,0.1732587069964246,17.721805539893822,0,0
1.474578857421875,0.16889257890002468,17.691045496100156,0,0
1.47003173828125,0.16453121657203892,17.6604600950097,0,0
1.4656982421875,0.1601715999876151,17.630049713483125,0,0
1.461822509765625,0.15580950654251113,17.59981471862899,0,0
1.457855224609375,0.15143968161846638,17.569755468063864,0,0
1.453216552734375,0.14705615873904004,17.539872310169763,0,0
1.44879150390625,0.1426525183234419,17.51016558434919,0,0
1.4451904296875,0.13822199576788885,17.480635621277496,0,0
1.44097900390625,0.13375770352965172,17.451282743152873,0,0
1.436431884765625,0.1292530611776493,17.42210726394376,0,0
1.432464599609375,0.12470219671781672,17.39310948963384,0,0
1.427947998046875,0.12010025528181237,17.364289718464654,0,0
1.42333984375,0.11544370326372785,17.33564824117572,0,0
1.4185791015625,0.11073055310996915,17.307185341242324,0,0
1.41400146484375,0.10596045539446537,17.278901295111027,0,0
1.4091796875,0.10113475364768135,17.250796372432724,0,0
1.403961181640625,0.09625652952254782,17.22287083629351,0,0
1.399078369140625,0.09133055002767276,17.19512494344326,0,0
1.393951416015625,0.0863631178559199,17.167558944521968,0,0
1.388763427734375,0.08136191063994455,17.140173084283877,0,0
1.383697509765625,0.07633581801710057,17.112967601819477,0,0
1.37811279296875,0.07129473820555383,17.085942730775297,0,0
1.37298583984375,0.06624929901851831,17.05909869957167,0,0
1.36767578125,0.06121051735883775,17.032435731618335,0,0
1.36285400390625,0.056189503908926616,17.00595404552806,0,0
1.357757568359375,0.0511973009143251,16.979653855328205,0,0
1.35235595703125,0.04624479243760668,16.95353537067036,0,0
1.347412109375,0.04134253296328082,16.927598797037934,0,0
1.342498779296875,0.03650048640279374,16.90184433595198,0,0
1.33758544921875,0.031727809391531074,16.87627218517496,0,0
1.3328857421875,0.02703270859614993,16.85088253891285,0,0
1.32843017578125,0.022422343290529778,16.82567558801525,0,0
1.32379150390625,0.0179027955571444,16.80065152017387,0,0
1.319549560546875,0.013479090533838833,16.775810520119165,0,0
1.31524658203125,0.009155232048409429,16.751152769815313,0,0
1.31103515625,0.004934256635825335,16.726678448653516,0,0
1.30718994140625,0.0008183032682832908,16.70238773364364,0,0
1.302886962890625,-0.003191309593030406,16.67828079960427,0,0
1.29925537109375,-0.007094029735318155,16.65435781935118,0,0
1.29534912109375,-0.010890050565490292,16.630618963884324,0,0
1.29180908203125,-0.014580279292686932,16.60706440257325,0,0
1.288238525390625,-0.0181662801207427,16.58369430334112,0,0
1.285064697265625,-0.02165018925567115,16.56050883284729,0,0
1.2813720703125,-0.025034597831344138,16.53750815666849,0,0
1.278289794921875,-0.028322468859050917,16.514692439478708,0,0
1.2755126953125,-0.0315170830703104,16.49206184522766,0,0
1.27197265625,-0.034621916906357963,16.469616537318117,0,0
1.269012451171875,-0.03764053562314211,16.447356678781915,0,0
1.26611328125,-0.04057662063590749,16.425282432454747,0,0
1.263397216796875,-0.04343401290028029,16.403393961149913,0,0
1.26080322265625,-0.04621664710884743,16.3816914278308,0,0
1.258087158203125,-0.04892840873829707,16.360174995782387,0,0
1.255401611328125,-0.051573000750678,16.33884482878167,0,0
1.25286865234375,-0.05415387945694178,16.317701091267068,0,0
1.25030517578125,-0.05667424164112393,16.296743948506894,0,0
1.247894287109375,-0.05913701786058975,16.275973566766872,0,0
1.2449951171875,-0.06154489544389927,16.25539011347678,0,0
1.2427978515625,-0.06390043364932221,16.234993757396253,0,0
1.240631103515625,-0.06620620822163902,16.214784668779743,0,0
1.238525390625,-0.06846482473389721,16.19476301954077,0,0
1.236358642578125,-0.07067879076200476,16.174928983415366,0,0
1.233917236328125,-0.07285039444627994,16.155282736124924,0,0
1.232086181640625,-0.074981680163956,16.135824455538316,0,0
1.2298583984375,-0.07707445944244522,16.11655432183345,0,0
1.2276611328125,-0.0791302999842598,16.09747251765826,0,0
1.225433349609375,-0.08115057036901256,16.07857922829115,0,0
1.223358154296875,-0.08313658624418632,16.059874641800967,0,0
1.221893310546875,-0.0850897420763137,16.04135894920656,0,0
1.220184326171875,-0.08701145798921407,16.023032344635897,0,0
1.218017578125,-0.08890295611920257,16.004895025484835,0,0
1.216033935546875,-0.09076511366097825,15.986947192575588,0,0
1.214019775390625,-0.09259853276142832,15.969189050314952,0,0
1.2125244140625,-0.09440368937618508,15.951620806852217,0,0
1.210540771484375,-0.09618099141816235,15.934242674236993,0,0
1.208740234375,-0.09793076595002818,15.917054868576814,0,0
1.2073974609375,-0.09965325694749637,15.900057610194722,0,0
1.205474853515625,-0.10134858770605429,15.883251123786698,0,0
1.20330810546875,-0.1030167241450686,15.866635638579194,0,0
1.20208740234375,-0.10465758243022533,15.850211388486628,0,0
1.200653076171875,-0.10627115083836994,15.83397861226897,0,0
1.19842529296875,-0.10785745937183708,15.817937553689516,0,0
1.197540283203125,-0.10941654979452387,15.802088461672724,0,0
1.195556640625,-0.11094850762541743,15.786431590462396,0,0
1.1942138671875,-0.11245345802764058,15.770967199780026,0,0
1.1932373046875,-0.11393152550286693,15.755695554983532,0,0
1.1910400390625,-0.11538274825258822,15.740616927226306,0,0
1.190277099609375,-0.11680700879443516,15.725731593616699,0,0
1.18841552734375,-0.11820404019952878,15.711039837377966,0,0
1.1871337890625,-0.11957344431300171,15.696541948008688,0,0
1.1856689453125,-0.12091473816267992,15.682238221443818,0,0
1.184417724609375,-0.12222743344841451,15.66812896021626,0,0
1.1834716796875,-0.12351105381374572,15.65421447361917,0,0
1.181884765625,-0.12476505855266029,15.640495077868925,0,0
1.18109130859375,-0.12598874641622157,15.626971096268885,0,0
1.179473876953125,-0.12718119965715935,15.613642859373966,0,0
1.1785888671875,-0.1283412693174231,15.600510705156054,0,0
1.1773681640625,-0.12946758468298258,15.587574979170395,0,0
1.176177978515625,-0.13055855864919252,15.574836034722903,0,0
1.175689697265625,-0.13161236557169204,15.562294233038575,0,0
1.173828125,-0.13262688673547895,15.54994994343089,0,0
1.17364501953125,-0.1335996872703948,15.537803543472481,0,0
1.1712646484375,-0.13452810681539534,15.525855419166907,0,0
1.170928955078125,-0.13540950983988084,15.514105965121727,0,0
1.170379638671875,-0.13624157964896033,15.502555584722936,0,0
1.168701171875,-0.13702243063753705,15.491204690310674,0,0
1.168426513671875,-0.1377506596414978,15.480053703356505,0,0
1.16790771484375,-0.13842547283968976,15.469103054642115,0,0
1.166290283203125,-0.13904675287980003,15.458353184439595,0,0
1.165802001953125,-0.1396152058834967,15.447804542693376,0,0
1.166290283203125,-0.14013261991441536,15.437457589203838,0,0
1.164886474609375,-0.14060187350924822,15.427312793812685,0,0
1.16387939453125,-0.14102684467643095,15.417370636590157,0,0
1.163909912109375,-0.14141264984616872,15.407631608024111,0,0
1.163665771484375,-0.1417659569390743,15.398096209211118,0,0
1.164031982421875,-0.14209493512562169,15.388764952049543,0,0
1.16357421875,-0.14240890176541843,15.379638359434754,0,0
1.163909912109375,-0.1427179128449183,15.370716965456506,0,0
1.163848876953125,-0.14303236896465607,15.362001315598595,0,0
1.163787841796875,-0.1433625895864584,15.353491966940817,0,0
1.16375732421875,-0.14371838080157123,15.34518948836335,0,0
1.163665771484375,-0.1441086402139974,15.337094460753598,0,0
1.16363525390625,-0.14454096333726052,15.329207477215633,0,0
1.161468505859375,-0.1450213718299887,15.321529143282246,0,0
1.161163330078125,-0.1455544832015644,15.314060077129751,0,0
1.1611328125,-0.14614399359365784,15.306800909795589,0,0
1.161041259765625,-0.14679282225121812,15.299752285398814,0,0
1.16094970703125,-0.14750268967384525,15.292914861363608,0,0
1.158843994140625,-0.14827358491408515,15.286289308645825,0,0
1.15771484375,-0.1491036908318906,15.279876311962731,0,0
1.156646728515625,-0.14998985179436752,15.273676570025975,0,0
1.156463623046875,-0.15092805403139456,15.26769079577795,0,0
1.15411376953125,-0.1519135703145007,15.26191971663158,0,0
1.153839111328125,-0.1529410488624234,15.256364074713646,0,0
1.152130126953125,-0.15400473631036632,15.251024627111809,0,0
1.151336669921875,-0.15509866286397225,15.245902146125351,0,0
1.150482177734375,-0.1562167003285105,15.240997419519761,0,0
1.14874267578125,-0.1573525318599648,15.236311250785365,0,0
1.147857666015625,-0.15849965471334124,15.231844459399928,0,0
1.14654541015625,-0.15965148501692353,15.227597881095559,0,0
1.145599365234375,-0.16080143540953132,15.223572368129837,0,0
1.14410400390625,-0.1619429208094824,15.219768789561408,0,0
1.1436767578125,-0.16306935027278197,15.216188031530116,0,0
1.141693115234375,-0.16417409462261667,15.212830997541817,0,0
1.1416015625,-0.16525045376826372,15.209698608757963,0,0
1.13934326171875,-0.16629166589524652,15.206791804290146,0,0
1.139129638671875,-0.1672909824518511,15.204111541499676,0,0
1.138458251953125,-0.16824173026431588,15.201658796302379,0,0
1.13665771484375,-0.16913723431557579,15.199434563478686,0,0
1.136505126953125,-0.16997076879683598,15.197439856989261,0,0
1.13604736328125,-0.1707355946569686,15.195675710296205,0,0
1.1341552734375,-0.17142490257924936,15.19414317669004,0,0
1.134429931640625,-0.1720318335678119,15.192843329622644,0,0
1.13427734375,-0.17254958522589142,15.191777263046234,0,0
1.13397216796875,-0.17297123588543994,15.190946091758615,0,0
1.131927490234375,-0.17328950246517308,15.190350951754853,0,0
1.131683349609375,-0.1734970331095748,15.189993000585483,0,0
1.13177490234375,-0.17358711720675085,15.189873417721518,0,1
1.131683349609375,-0.1735541636523949,15.189986767932737,0,0
1.131591796875,-0.17339381278157687,15.190325832179393,0,0
1.131500244140625,-0.17310303900115037,15.190889145775166,0,0
1.133270263671875,-0.17268029229729764,15.191675263544699,0,0
1.13421630859375,-0.17212531064318454,15.19268275939457,0,0
1.134307861328125,-0.1714385624525674,15.193910225891182,0,0
1.135162353515625,-0.17062085617668596,15.19535627384535,0,0
1.13677978515625,-0.1696733112012558,15.197019531903438,0,0
1.136444091796875,-0.1685973771959959,15.198898646144839,0,0
1.139312744140625,-0.16739484586957598,15.200992279685616,0,0
1.139617919921875,-0.16606783969893935,15.203299112288159,0,0
1.141571044921875,-0.16461868443881697,15.205817839976655,0,0
1.14300537109375,-0.1630498135434601,15.208547174658221,0,0
1.144744873046875,-0.1613637384379916,15.211485843749564,0,0
1.146453857421875,-0.15956300439559007,15.214632589808955,0,0
1.148590087890625,-0.15765015875166927,15.217986170173425,0,0
1.1505126953125,-0.1556277057350431,15.221545356600998,0,0
1.152740478515625,-0.1534980313419897,15.225308934917814,0,0
1.155059814453125,-0.1512633319167637,15.229275704670039,0,0
1.157257080078125,-0.1489255483526778,15.233444478780369,0,0
1.15985107421875,-0.14648631714660107,15.237814083209042,0,0
1.16204833984375,-0.14394696118089167,15.242383356619193,0,0
1.164520263671875,-0.14130855246136675,15.247151150046442,0,0
1.167236328125,-0.13857206326125138,15.25211632657259,0,0
1.17034912109375,-0.13573849919311826,15.25727776100328,0,0
1.17291259765625,-0.13280891018102337,15.262634339549551,0,0
1.176361083984375,-0.12978434413611345,15.268184959513102,0,0
1.179443359375,-0.12666578776213086,15.273928528975198,0,0
1.182403564453125,-0.12345407747532097,15.279863966489133,0,0
1.1856689453125,-0.12014987744208343,15.285990200776048,0,0
1.189300537109375,-0.11675374884971267,15.292306170424098,0,0
1.192779541015625,-0.11326615912109919,15.298810823590815,0,0
1.196380615234375,-0.1096873916655927,15.305503117708566,0,0
1.199737548828125,-0.10601748339690024,15.312382019193029,0,0
1.203826904296875,-0.10225625362672855,15.31944650315457,0,0
1.206939697265625,-0.0984033809408253,15.326695553112433,0,0
1.211395263671875,-0.09445851666166476,15.33412816071168,0,0
1.215087890625,-0.0904214007903025,15.341743325442723,0,0
1.21923828125,-0.08629191674247344,15.349540054363445,0,0
1.223663330078125,-0.0820701123553213,15.357517361823765,0,0
1.227752685546875,-0.07775619635286095,15.36567426919258,0,0
1.231903076171875,-0.07335053755171365,15.37400980458701,0,0
1.236846923828125,-0.06885373032231733,15.382523002603866,0,0
1.24114990234375,-0.0642666323101817,15.39121290405326,0,0
1.2457275390625,-0.05959033260861585,15.400078555694263,0,0
1.250579833984375,-0.05482617014283465,15.409119009972574,0,0
1.255340576171875,-0.0499757918026832,15.418333324760113,0,0
1.2603759765625,-0.04504116429889844,15.427720563096429,0,0
1.26519775390625,-0.040024560512451096,15.437279792931944,0,0
1.27020263671875,-0.034928579511177706,15.447010086872849,0,0
1.2752685546875,-0.02975622478471226,15.456910521927695,0,0
1.2806396484375,-0.024510996371593367,15.46698017925554,0,0
1.28631591796875,-0.0191968928220029,15.477218143915644,0,0
1.291717529296875,-0.01381825960219447,15.48762350461859,0,0
1.297088623046875,-0.008379570697813917,15.498195353478835,0,0
1.302642822265625,-0.002885291439645818,15.508932785768593,0,0
1.308319091796875,0.002660177833509976,15.519834899673008,0,0
1.313629150390625,0.008252553035439692,15.530900796046554,0,0
1.319305419921875,0.013887681189175834,15.542129578170627,0,0
1.324920654296875,0.019561489798550512,15.553520351512242,0,0
1.330352783203125,0.02526991683671457,15.565072223483828,0,0
1.336212158203125,0.031008826426585173,15.576784303204027,0,0
1.34185791015625,0.03677392214955986,15.588655701259505,0,0
1.347564697265625,0.042560697339795416,15.600685529467645,0,0
1.353271484375,0.04836439121221919,15.612872900640177,0,0
1.359222412109375,0.054179933569338604,15.625216928347617,0,0
1.364837646484375,0.06000192037526905,15.637716726684513,0,0
1.37060546875,0.0658246012810511,15.650371410035444,0,0
1.376739501953125,0.07164185599478788,15.663180092841761,0,0
1.382537841796875,0.07744724158566955,15.676141889368969,0,0
1.38812255859375,0.08323411561997805,15.689255913474764,0,0
1.39410400390625,0.08899571039096232,15.702521278377688,0,0
1.399810791015625,0.09472515913085411,15.715937096426332,0,0
1.405181884765625,0.10041553459134903,15.729502478869076,0,0
1.410858154296875,0.10605982838678032,15.743216535624342,0,0
1.41632080078125,0.11165084983959177,15.757078375051291,0,0
1.421478271484375,0.1171811099351549,15.771087103720994,0,0
1.426544189453125,0.12264264239853356,15.78524182618797,0,0
1.431640625,0.12802669623244203,15.799541644762142,0,0
1.4410400390625,0.13332369498976465,15.81398565928112,0,0
1.44598388671875,0.138524206601431,15.828572966882822,0,0
1.450469970703125,0.14362058164798558,15.843302661778411,0,0
1.455078125,0.14860786604467133,15.858173835025472,0,0
1.45965576171875,0.1534836507250225,15.873185574301495,0,0
1.4638671875,0.1582475933743769,15.888336963677562,0,0
1.468231201171875,0.16290095808275887,15.903627083392253,0,0
1.472412109375,0.16744615192000314,15.919055009625769,0,0
1.4769287109375,0.17188631750082237,15.93461981427421,0,0
1.480682373046875,0.1762250322427874,15.95032056472404,0,0
1.484832763671875,0.18046604085816245,15.966156323626675,0,0
1.488800048828125,0.18461295838748285,15.982126148673235,0,0
1.49273681640625,0.18866900848985285,15.998229092369385,0,0
1.496795654296875,0.19263685492389318,16.01446420181033,0,0
1.500579833984375,0.19651852058466002,16.03083051845586,0,0
1.5042724609375,0.20031535699142625,16.047327077905543,0,0
1.508148193359375,0.2040280163521116,16.06395290967393,0,0
1.51171875,0.20765644516240928,16.080707036965926,0,0
1.515380859375,0.21119993045574198,16.097588476452163,0,0
1.51898193359375,0.2146571826879325,16.11459623804446,0,0
1.522003173828125,0.21802642398040165,16.131729324671372,0,0
1.525390625,0.2213054124081126,16.14898673205379,0,0
1.5284423828125,0.22449138616675698,16.166367448480578,0,0
1.531890869140625,0.22758103293500212,16.183870454584337,0,0
1.534423828125,0.2305705379204502,16.201494723117186,0,0
1.53765869140625,0.23345563242874054,16.219239218726635,0,0
1.5404052734375,0.2362316200459115,16.237102897731535,0,0
1.54290771484375,0.23889343555618014,16.25508470789813,0,0
1.54541015625,0.24143568510626987,16.27318358821617,0,0
1.547698974609375,0.24385260523862626,16.291398468675162,0,0
1.550018310546875,0.24613799518398805,16.309728270040704,0,0
1.55255126953125,0.24828521148239416,16.32817190363098,0,0
1.554473876953125,0.2502872892910709,16.346728271093372,0,0
1.556427001953125,0.2521371387567631,16.36539626418123,0,0
1.5577392578125,0.2538276693517615,16.38417476453082,0,0
1.559661865234375,0.25535179790765394,16.40306264343849,0,0
1.560577392578125,0.2567024307783562,16.42205876163799,0,0
1.5625,0.2578725038007679,16.441161969078088,0,0
1.56256103515625,0.2588550747539925,16.460371104700382,0,0
1.563995361328125,0.2596433740186177,16.47968499621747,0,0
1.56500244140625,0.2602308489127563,16.499102459891333,0,0
1.564788818359375,0.2606113554050493,16.518622300312142,0,0
1.564971923828125,0.26077933368573325,16.53824331017738,1,0
1.564971923828125,0.2607297626478131,16.557964270071356,0,0
1.564666748046875,0.2604580708475783,16.57778394824518,0,0
1.564697265625,0.2599601855531787,16.597701100397177,0,0
1.564422607421875,0.25923276163668807,16.617714469453812,0,0
1.56243896484375,0.25827350569184093,16.637822785351133,0,0
1.5618896484375,0.25708130921868033,16.658024764816812,0,0
1.56011962890625,0.2556561613423935,16.67831911115281,0,0
1.558502197265625,0.2539990931366203,16.69870451401866,0,0
1.556976318359375,0.2521122038271307,16.719179649215516,0,0
1.554840087890625,0.2499987539026321,16.73974317847089,0,0
1.552215576171875,0.24766330640613687,16.760393749224242,0,0
1.549285888671875,0.24511173219471025,16.781129994413423,0,0
1.5465087890625,0.24235100310451682,16.80195053226195,0,0
1.544036865234375,0.23938898066634437,16.822853966067328,0,0
1.540191650390625,0.23623438166491562,16.843838883990344,0,0
1.536651611328125,0.2328967541212659,16.86490385884542,0,0
1.533477783203125,0.22938628711520934,16.886047447892118,0,0
1.529541015625,0.22571363942919828,16.907268192627832,0,0
1.525604248046875,0.2218898983040472,16.928564618581753,0,0
1.52178955078125,0.21792653044093344,16.949935235110104,0,0
1.517303466796875,0.21383529847441662,16.971378535192834,0,0
1.51312255859375,0.20962816360994535,16.992892995231717,0,0
1.508697509765625,0.20531714926389774,17.014477074850017,0,0
1.50439453125,0.20091422467669243,17.036129216693727,0,0
1.499725341796875,0.19643125367300018,17.057847846234527,0,0
1.49517822265625,0.1918799579746485,17.07963137157444,0,0
1.490020751953125,0.18727182178333807,17.101478183252407,0,0
1.485321044921875,0.1826178851890542,17.1233866540527,0,0
1.480621337890625,0.17792847932279357,17.145355138815404,0,0
1.475860595703125,0.17321304568480828,17.167381974248926,0,0
1.47088623046875,0.16848005743489208,17.18946547874475,0,0
1.466064453125,0.1637369291183589,17.2116039521944,0,0
1.46124267578125,0.15898988219358157,17.2337956758088,0,0
1.456817626953125,0.15424385581255787,17.256038911940056,0,0
1.45184326171875,0.1495025331041675,17.27833190390582,0,0
1.447021484375,0.14476840638633068,17.300672875816296,0,0
1.442352294921875,0.14004276968559037,17.323060032403962,0,0
1.437835693359375,0.13532569709085052,17.345491558856192,0,0
1.4329833984375,0.1306161079316538,17.367965620650807,0,0
1.428619384765625,0.1259118866213768,17.39048036339468,0,0
1.423858642578125,0.1212100193928991,17.413033912665544,0,0
1.4193115234375,0.11650675460738569,17.435624373857063,0,0
1.4150390625,0.1117977897666842,17.458249832027295,0,0
1.410369873046875,0.10707852787423322,17.48090835175067,0,0
1.40594482421875,0.10234439842224029,17.503597976973612,0,0
1.4013671875,0.0975911724061039,17.526316730873894,0,0
1.39642333984375,0.09281523263300924,17.54906261572385,0,0
1.3919677734375,0.08801376714746881,17.571833612757608,0,0
1.38690185546875,0.08318489635893303,17.594627682042397,0,0
1.382049560546875,0.07832775963053813,17.61744276235415,0,0
1.377227783203125,0.07344254282789424,17.640276771057444,0,0
1.372283935546875,0.06853048648915248,17.663127603989928,0,0
1.367401123046875,0.06359392446926798,17.68599313535144,0,0
1.362060546875,0.05863630591977111,17.708871217597853,0,0
1.3570556640625,0.05366212488168793,17.73175968133981,0,0
1.35162353515625,0.04867674446974304,17.75465633524657,0,0
1.346923828125,0.0436861836664576,17.777558965954956,0,0
1.34161376953125,0.038696963419240615,17.800465337983695,0,0
1.336669921875,0.033716028073183926,17.82337319365318,0,0
1.33160400390625,0.028750677648294386,17.84628025301087,0,0
1.326629638671875,0.023808496028246418,17.869184213762434,0,0
1.321441650390625,0.018897280208708712,17.892082751208793,0,0
1.3165283203125,0.014024929867936194,17.914973518189246,0,0
1.3118896484375,0.009199324699390436,17.937854145030766,0,0
1.306793212890625,0.004428269233791526,17.960722239503653,0,0
1.3021240234375,-0.0002805337097328553,17.98357538678374,0,0
1.297637939453125,-0.004919535738916084,18.00641114942119,0,0
1.29278564453125,-0.00948136706370964,18.029227067316157,0,0
1.288238525390625,-0.013958854748170033,18.052020657701405,0,0
1.2835693359375,-0.018345128050556103,18.074789415132066,0,0
1.27935791015625,-0.022633784958091964,18.097530811482653,0,0
1.274993896484375,-0.026819031996976626,18.12024229595155,0,0
1.270782470703125,-0.030895781785447746,18.14292129507308,0,0
1.26678466796875,-0.03485975140108074,18.165565212737363,0,0
1.26336669921875,-0.03870752408696794,18.188171430218063,0,0
1.259185791015625,-0.04243649725705367,18.210737306208237,0,0
1.255950927734375,-0.04604478935390571,18.23326017686442,0,0
1.251861572265625,-0.04953122052641551,18.25573735585912,0,0
1.248504638671875,-0.05289539675927629,18.27816613444186,0,0
1.245849609375,-0.05613782346840518,18.300543781508964,0,0
1.242431640625,-0.05925986652380255,18.322867543682207,0,0
1.239288330078125,-0.06226359436701097,18.34513464539653,0,0
1.236328125,-0.06515174371115179,18.367342288996944,0,0
1.233673095703125,-0.06792779961919845,18.389487654844796,0,0
1.231048583984375,-0.07059601110905873,18.411567901433564,0,0
1.2283935546875,-0.07316131985304032,18.433580165514325,0,0
1.2259521484375,-0.07562929046358349,18.455521562231063,0,0
1.223236083984375,-0.07800610042135062,18.477389185265956,0,0
1.22149658203125,-0.08029856480268678,18.499180106994814,0,0
1.219482421875,-0.08251405854751509,18.520891378652816,0,0
1.217315673828125,-0.08466026003340628,18.542520030510683,0,0
1.215423583984375,-0.08674486274235733,18.564063072061465,0,0
1.21295166015625,-0.088775408370197,18.585517492218038,0,0
1.2110595703125,-0.09075926683001967,18.60688025952153,0,0
1.20928955078125,-0.09270368815209801,18.628148322360772,0,0
1.207733154296875,-0.09461575108058694,18.649318609202858,0,0
1.205657958984375,-0.09650214975165103,18.670388028835113,0,0
1.2037353515625,-0.0983689882372613,18.691353470618445,0,0
1.202239990234375,-0.1002216894157561,18.712211804752265,0,0
1.20037841796875,-0.10206489955982966,18.73295988255115,0,0
1.1982421875,-0.10390234372836299,18.753594536733313,0,0
1.19647216796875,-0.10573677484860347,18.774112581721035,0,0
1.194854736328125,-0.10757001218472821,18.794510813953167,0,0
1.19317626953125,-0.10940289044642078,18.814786012209794,0,0
1.190887451171875,-0.11123511978984625,18.834934937949246,0,0
1.18927001953125,-0.11306523602227823,18.854954335657467,0,0
1.18768310546875,-0.11489063239627734,18.87484093320989,0,0
1.183868408203125,-0.11670764049283865,18.89459144224593,0,0
1.182159423828125,-0.11851195909805538,18.914202558556173,0,0
1.180938720703125,-0.12029936814884915,18.93367096248231,0,0
1.1787109375,-0.12206610683480655,18.95299331932996,0,0
1.176513671875,-0.12380888789935596,18.972166279794415,0,0
1.175537109375,-0.12552498297390902,18.99118648039939,0,0
1.173431396484375,-0.12721230520002702,19.010050543948854,0,0
1.17181396484375,-0.12886934186599563,19.028755079991956,0,0
1.17083740234375,-0.13049506499606103,19.047296685301177,0,0
1.168548583984375,-0.1320888105813499,19.065671944363636,0,0
1.167388916015625,-0.13365015308912495,19.08387742988574,0,0
1.16607666015625,-0.13517885156273907,19.10190970331104,0,0
1.1636962890625,-0.136674797390034,19.119765315351465,0,0
1.163116455078125,-0.13813801428038064,19.137440806531846,0,0
1.161346435546875,-0.1395686878087961,19.154932707747804,0,0
1.159881591796875,-0.1409670900598411,19.172237540836935,0,0
1.15899658203125,-0.14233348362715148,19.1893518191634,0,0
1.157196044921875,-0.14366804363966265,19.206272048215745,0,0
1.156463623046875,-0.14497074991224296,19.222994726218058,0,0
1.15423583984375,-0.14624132447714752,19.23951634475439,0,0
1.15380859375,-0.14747927163434807,19.25583338940634,0,0
1.152099609375,-0.14868393420290965,19.27194234040388,0,0
1.151397705078125,-0.14985445709649753,19.28783967328919,0,0
1.14935302734375,-0.15098973881688035,19.30352185959362,0,0
1.149200439453125,-0.15208848133466102,19.31898536752751,0,0
1.147491455078125,-0.15314923022381088,19.334226662682973,0,0
1.146728515625,-0.15417033133763444,19.34924220874933,0,0
1.14569091796875,-0.15514990381115573,19.364028468241326,0,0
1.1439208984375,-0.15608589748538068,19.37858190323974,0,0
1.14398193359375,-0.15697623910936617,19.39289897614453,0,0
1.142303466796875,-0.1578189532036395,19.406976150440137,0,0
1.1417236328125,-0.1586121936684254,19.420809891472977,0,0
1.141510009765625,-0.15935426355086613,19.434396667240804,0,0
1.1395263671875,-0.16004360690336641,19.44773294919395,0,0
1.13909912109375,-0.16067891141496102,19.460815213048022,0,0
1.139251708984375,-0.16125936663721893,19.473639939608127,0,0
1.138397216796875,-0.1617846914938915,19.486203615604186,0,0
1.13641357421875,-0.1622550184930948,19.498502734537254,0,0
1.1365966796875,-0.1626711795577348,19.510533797536578,0,0
1.136688232421875,-0.16303517841567683,19.52229331422716,0,0
1.13671875,-0.16335019816744464,19.533777803607514,0,0
1.13677978515625,-0.16362016210697414,19.54498379493747,0,0
1.136688232421875,-0.1638492460697799,19.55590782863562,0,0
1.13433837890625,-0.16404166925053473,19.566546457186217,0,0
1.134185791015625,-0.16420210751946948,19.57689624605517,0,0
1.13433837890625,-0.16433652485261946,19.586953774614823,0,0
1.135345458984375,-0.164452585935712,19.596715637077253,0,0
1.136871337890625,-0.16455917704733278,19.606178443435684,0,0
1.136749267578125,-0.164665275686529,19.615338820413694,0,0
1.13671875,-0.16477880610609247,19.62419341242186,0,0
1.136688232421875,-0.1649059903259904,19.632738882521526,0,0
1.136688232421875,-0.16505110510194418,19.640971913395145,0,0
1.135009765625,-0.16521644001954316,19.648889208323055,0,0
1.134033203125,-0.16540266805154172,19.656487492166033,0,0
1.13433837890625,-0.1656096338474076,19.66376351235339,0,0
1.13427734375,-0.16583694861248674,19.670714039876096,0,0
1.13421630859375,-0.16608401199024692,19.677335870284526,0,0
1.1339111328125,-0.16634975737518487,19.683625824690377,0,0
1.134307861328125,-0.1666324090504359,19.689580750772315,0,0
1.133453369140625,-0.16692923948476732,19.695197523784802,0,0
1.131622314453125,-0.16723651408195225,19.70047304756979,0,0
1.131744384765625,-0.1675499364991284,19.705404255570603,0,0
1.1314697265625,-0.16786528798669526,19.70998811184768,0,0
1.131866455078125,-0.16817863777570602,19.714221612095514,0,0
1.131744384765625,-0.16848605606457376,19.71810178466045,0,0
1.13134765625,-0.16878317672936977,19.721625691558632,0,0
1.129241943359375,-0.16906503930431593,19.724790429493723,0,0
1.12933349609375,-0.16932651878271102,19.727593130873768,0,0
1.129241943359375,-0.16956301770875312,19.730030964826675,0,0
1.129364013671875,-0.16977076654050896,19.732101138213768,0,0
1.129302978515625,-0.169946654912736,19.73380089664085,0,0
1.129150390625,-0.17008795176508926,19.735127525466208,0,0
1.129425048828125,-0.1701920896723957,19.73607835080494,0,0
1.129364013671875,-0.170256467187137,19.73665074052913,0,0
1.12939453125,-0.17027823869499215,19.736842105263158,0,1
1.12921142578125,-0.17025417066458043,19.73678025136837,0,0
1.129547119140625,-0.1701806022788156,19.736595176652948,0,0
1.12945556640625,-0.17005343245512497,19.736287614991117,0,0
1.129364013671875,-0.16986811945417898,19.73585830474531,0,0
1.129669189453125,-0.1696197685741958,19.73530798867511,0,0
1.1295166015625,-0.1693032948848664,19.734637413846425,0,0
1.12945556640625,-0.16891364587694793,19.73384733154077,0,0
1.129638671875,-0.16844614637562497,19.73293849716476,0,0
1.13165283203125,-0.16789678628731325,19.731911670159796,0,0
1.131561279296875,-0.1672621075145276,19.73076761391196,0,0
1.131744384765625,-0.1665388955588929,19.729507095662157,0,0
1.13238525390625,-0.1657242342086472,19.7281308864165,0,0
1.13421630859375,-0.1648158085817591,19.726639760856944,0,0
1.13433837890625,-0.163811958142273,19.725034497252246,0,0
1.135589599609375,-0.1627115756636934,19.723315877369167,0,0
1.13677978515625,-0.16151416183923337,19.721484686384024,0,0
1.138031005859375,-0.1602199228444987,19.719541712794552,0,0
1.139312744140625,-0.15882977908643292,19.717487748332115,0,0
1.141082763671875,-0.1573453486262273,19.715323587874256,0,0
1.142181396484375,-0.15576892016518912,19.713050029357653,0,0
1.144195556640625,-0.15410343651065742,19.71066787369143,0,0
1.146514892578125,-0.15235244256897668,19.708177924670846,0,0
1.148040771484375,-0.15051986015032703,19.705580988891473,0,0
1.14996337890625,-0.14860971125827904,19.70287787566371,0,0
1.15185546875,-0.14662601826467245,19.70006939692778,0,0
1.154052734375,-0.1445728195287748,19.697156367169196,0,0
1.15655517578125,-0.14245411343374512,19.694139603334623,0,0
1.15863037109375,-0.14027366924952386,19.691019924748304,0,0
1.160552978515625,-0.13803483039999442,19.68779815302888,0,0
1.16302490234375,-0.1357404747201851,19.684475112006808,0,0
1.1654052734375,-0.13339306178712912,19.681051627642194,0,0
1.1673583984375,-0.13099463850056836,19.677528527943203,0,0
1.16986083984375,-0.1285468842104466,19.673906642885015,0,0
1.172454833984375,-0.12605122469008118,19.670186804329255,0,0
1.175140380859375,-0.12350886004096907,19.66636984594406,0,0
1.177215576171875,-0.12092069563378903,19.66245660312466,0,0
1.180328369140625,-0.11828732514772124,19.65844791291452,0,0
1.1827392578125,-0.1156090510141683,19.654344613927133,0,0
1.18524169921875,-0.11288587318135467,19.650147546268315,0,0
1.18798828125,-0.11011753695823245,19.64585755145919,0,0
1.190887451171875,-0.10730364207405722,19.641475472359712,0,0
1.194183349609375,-0.1044436467046426,19.63700215309287,0,0
1.196990966796875,-0.10153669634227866,19.63243843896946,0,0
1.199798583984375,-0.09858141301835197,19.62778517641354,0,0
1.20233154296875,-0.09557585147071637,19.62304321288851,0,0
1.205657958984375,-0.09251765363837208,19.618213396823855,0,0
1.208526611328125,-0.08940422118151156,19.61329657754251,0,0
1.211883544921875,-0.08623277853925286,19.608293605188933,0,0
1.214569091796875,-0.08300039548372354,19.603205330657858,0,0
1.21832275390625,-0.07970405895574506,19.598032605523663,0,0
1.2215576171875,-0.07634072688360496,19.592776281970494,0,0
1.2247314453125,-0.0729073036704638,19.587437212723042,0,0
1.228729248046875,-0.06940061620872674,19.58201625097804,0,0
1.23175048828125,-0.06581740330529377,19.576514250336434,0,0
1.235443115234375,-0.06215432234595461,19.57093206473629,0,0
1.2391357421875,-0.05840804311827086,19.565270548386408,0,0
1.242767333984375,-0.05457537103111994,19.559530555700658,0,0
1.2462158203125,-0.050653373746818726,19.553712941233,0,0
1.250579833984375,-0.04663957387772306,19.54781855961332,0,0
1.25457763671875,-0.042532101381276145,19.541848265483896,0,0
1.25860595703125,-0.03832971024888795,19.53580291343668,0,0
1.262969970703125,-0.03403177553460368,19.529683357951267,0,0
1.2667236328125,-0.029638374696012777,19.523490453333647,0,0
1.27130126953125,-0.025150469695423894,19.51722505365568,0,0
1.27581787109375,-0.02057013002441269,19.51088801269532,0,0
1.2808837890625,-0.015900630887230188,19.504480183877625,0,0
1.28558349609375,-0.011146348633348617,19.498002420216455,0,0
1.290496826171875,-0.006312563692277867,19.491455574257024,0,0
1.295806884765625,-0.0014052733904116044,19.48484049801912,0,0
1.30078125,0.0035690229861391476,19.478158042941146,0,0
1.30572509765625,0.008603564305186474,19.4714090598249,0,0
1.3109130859375,0.01369148152401653,19.464594398781138,0,0
1.31610107421875,0.018825868518275952,19.4577149091759,0,0
1.3211669921875,0.023999855228489596,19.450771439577565,0,0
1.326019287109375,0.02920664334350144,19.443764837704787,0,0
1.331146240234375,0.034439414711335055,19.43669595037504,0,0
1.336181640625,0.03969114364854703,19.429565623454092,0,0
1.34173583984375,0.0449544402681396,19.422374701806156,0,0
1.3466796875,0.050221506559389305,19.415124029244833,0,0
1.35247802734375,0.05548418685946083,19.40781444848486,0,0
1.357666015625,0.060734099118495824,19.40044680109459,0,0
1.363006591796875,0.06596284037887996,19.39302192744926,0,0
1.368255615234375,0.07116218251698367,19.385540666685067,0,0
1.3736572265625,0.07632422672372494,19.378003856653944,0,0
1.378692626953125,0.0814415693678389,19.37041233387917,0,0
1.384002685546875,0.08650747452969468,19.362766933511733,0,0
1.389007568359375,0.09151603194152422,19.355068489287447,0,0
1.39404296875,0.09646231019464249,19.347317833484865,0,0
1.39874267578125,0.10134247766670826,19.33951579688394,0,0
1.4034423828125,0.10615383749886331,19.33166320872545,0,0
1.40826416015625,0.11089478337539412,19.32376089667121,0,0
1.412841796875,0.11556475460514076,19.31580968676504,0,0
1.416961669921875,0.12016419483340257,19.30781040339446,0,0
1.42169189453125,0.124694428643528,19.299763869253205,0,0
1.42572021484375,0.12915748092989873,19.29167090530445,0,0
1.43017578125,0.13355591769179997,19.28353233074481,0,0
1.43450927734375,0.13789271768243333,19.275348962969087,0,0
1.4385986328125,0.1421711927170461,19.267121617535775,0,0
1.44287109375,0.14639494192602925,19.258851108133303,0,0
1.447021484375,0.15056780652256319,19.25053824654703,0,0
1.45068359375,0.15469381635775037,19.242183842626996,0,0
1.45501708984375,0.15877708283692415,19.233788704256376,0,0
1.458892822265625,0.16282167240438253,19.22535363732071,0,0
1.463043212890625,0.1668315608009432,19.21687944567783,0,0
1.467193603515625,0.17081067474990647,19.208366931128573,0,0
1.47088623046875,0.17476297747868744,19.199816893388142,0,0
1.47491455078125,0.1786925270861063,19.191230130058276,0,0
1.478302001953125,0.18260343452524536,19.182607436600062,0,0
1.482147216796875,0.18649970508504626,19.17394960630754,0,0
1.48651123046875,0.19038505683934087,19.165257430281933,0,0
1.48974609375,0.1942628666552027,19.156531697406688,0,0
1.493682861328125,0.19813616660338862,19.14777319432313,0,0
1.497314453125,0.2020075205093716,19.13898270540687,0,0
1.501312255859375,0.20587885935976613,19.13016101274491,0,0
1.50506591796875,0.20975140050392913,19.121308896113412,0,0
1.508941650390625,0.21362563036168072,19.112427132956174,0,0
1.51251220703125,0.21750127863871488,19.103516498363806,0,0
1.5166015625,0.22137724938482603,19.094577765053568,0,0
1.52020263671875,0.22525155268593028,19.085611703349862,0,0
1.524017333984375,0.22912125899507477,19.07661908116547,0,0
1.527923583984375,0.23298244218111536,19.06760066398338,0,0
1.53179931640625,0.2368301445679526,19.058557214839308,0,0
1.53558349609375,0.24065840747227732,19.049489494304883,0,0
1.53936767578125,0.24446032297854162,19.040398260471502,0,0
1.54339599609375,0.24822808659527607,19.031284268934787,0,0
1.546478271484375,0.25195305661799805,19.022148272779713,0,0
1.55078125,0.2556257678708043,19.012991022566418,0,0
1.554229736328125,0.2592359488295659,19.00381326631654,0,0
1.557952880859375,0.26277265130996996,18.99461574950032,0,0
1.561309814453125,0.2662244226398319,18.98539921502422,0,0
1.56475830078125,0.26957942359251474,18.976164403219215,0,0
1.56842041015625,0.27282554641379136,18.96691205182969,0,0
1.571258544921875,0.2759506036765075,18.957642896002962,0,0
1.57403564453125,0.2789424925772481,18.948357668279353,0,0
1.577545166015625,0.2817892417346819,18.939057098582968,0,0
1.580169677734375,0.28447911194498476,18.92974191421294,0,0
1.58258056640625,0.287000837778286,18.920412839835375,0,0
1.58489990234375,0.2893438024534779,18.911070597475824,0,0
1.587371826171875,0.29149809062854565,18.901715906512347,0,0
1.589324951171875,0.29345458876710834,18.892349483669168,0,0
1.590972900390625,0.2952051560250258,18.88297204301087,0,0
1.592071533203125,0.2967427029845721,18.873584295937203,0,0
1.593994140625,0.2980611308082487,18.864186951178393,0,0
1.594329833984375,0.29915527382113194,18.85478071479105,0,0
1.59442138671875,0.3000207915022804,18.845366290154622,0,0
1.595947265625,0.30065385470624517,18.835944377968374,0,0
1.59698486328125,0.301050973807396,18.826515676248913,0,0
1.596832275390625,0.30120931998078054,18.817080880328255,1,0
1.596771240234375,0.30112716938702727,18.807640682852426,0,0
1.595489501953125,0.3008039941251566,18.798195773780584,0,0
1.59454345703125,0.3002401470927255,18.78874684038463,0,0
1.59423828125,0.2994363723113943,18.779294567249387,0,0
1.593414306640625,0.2983935470808744,18.769839636273243,0,0
1.591796875,0.29711279246565,18.760382726669327,0,0
1.59051513671875,0.29559564104645353,18.750924514967164,0,0
1.58905029296875,0.2938441120834727,18.74146567501483,0,0
1.587249755859375,0.2918608628203329,18.73200687798161,0,0
1.585052490234375,0.28964944722159935,18.722548792361113,0,0
1.582275390625,0.2872145074122332,18.71309208397489,0,0
1.579498291015625,0.28456177003497385,18.703637415976505,0,0
1.576446533203125,0.2816978829738746,18.694185448856107,0,0
1.5733642578125,0.27863022270941684,18.68473684044541,0,0
1.570404052734375,0.2753667856163228,18.675292245923202,0,0
1.566131591796875,0.27191616381483386,18.66585231782126,0,0
1.5628662109375,0.2682874617341661,18.656417706030695,0,0
1.5587158203125,0.2644901160360291,18.646989057808828,0,0
1.554473876953125,0.26053372468022845,18.63756701778641,0,0
1.550140380859375,0.25642784930760587,18.628152227975335,0,0
1.545562744140625,0.25218173223072227,18.618745327776754,0,0
1.5408935546875,0.2478039789225023,18.609346953989625,0,0
1.536773681640625,0.24330228014895788,18.599957740819697,0,0
1.531646728515625,0.23868326219882988,18.59057831988888,0,0
1.5264892578125,0.23395238586834047,18.58120932024505,0,0
1.52166748046875,0.22911371123931334,18.571851368372258,0,0
1.516998291015625,0.22416963855505403,18.56250508820132,0,0
1.511871337890625,0.2191208602100123,18.55317110112083,0,0
1.50701904296875,0.2139664938022163,18.54385002598858,0,0
1.501922607421875,0.2087042743394203,18.534542479143298,0,0
1.4970703125,0.2033308197485557,18.525249074416855,0,0
1.491607666015625,0.19784199438237,18.515970423146804,0,0
1.48687744140625,0.19223333705645052,18.506707134189305,0,0
1.481689453125,0.18650059372768757,18.497459813932423,0,0
1.476287841796875,0.18064040411217047,18.48822906630979,0,0
1.4710693359375,0.17465105193008723,18.47901549281464,0,0
1.465728759765625,0.16853323047280494,18.469819692514186,0,0
1.45965576171875,0.16229084832109067,18.460642262064376,0,0
1.453765869140625,0.15593175813713028,18.45148379572496,0,0
1.44793701171875,0.14946833110183336,18.442344885374965,0,0
1.4346923828125,0.14291747651179326,18.43322612052845,0,0
1.428558349609375,0.1362991170716474,18.42412808835063,0,0
1.4217529296875,0.12963354368078647,18.415051373674352,0,0
1.415008544921875,0.12293962852285548,18.405996559016863,0,0
1.4088134765625,0.1162344262945065,18.39696422459694,0,0
1.402099609375,0.10953329737433938,18.387954948352327,0,0
1.39544677734375,0.1028501131796098,18.3789693059575,0,0
1.388702392578125,0.09619740859933251,18.370007870841725,0,0
1.382171630859375,0.08958641892165194,18.3610712142075,0,0
1.375640869140625,0.08302708635173198,18.35215990504919,0,0
1.36871337890625,0.07652806365556322,18.343274510172098,0,0
1.362640380859375,0.07009666204323942,18.334415594211745,0,0
1.356170654296875,0.06373879458415634,18.32558371965349,0,0
1.350128173828125,0.05745902043839568,18.316779446852436,0,0
1.3436279296875,0.051260646270109136,18.30800333405365,0,0
1.33770751953125,0.045145781175313496,18.299255937412653,0,0
1.331817626953125,0.039115366057854595,18.29053781101617,0,0
1.325836181640625,0.03316926365522292,18.281849506903253,0,0
1.320526123046875,0.027306426041531474,18.273191575086592,0,0
1.314544677734375,0.021525125614204402,18.264564563574154,0,0
1.30902099609375,0.015823197760017206,18.25596901839109,0,0
1.303680419921875,0.010198230511420332,18.247405483601913,0,0
1.2982177734375,0.004647760149503591,18.238874501332944,0,0
1.292205810546875,-0.0008305340488627688,18.23037661179503,0,0
1.28741455078125,-0.006238763345952983,18.221912353306532,0,0
1.282073974609375,-0.011578795417010707,18.213482262316564,0,0
1.277008056640625,-0.01685207479741012,18.20508687342851,0,0
1.271575927734375,-0.022059394117393036,18.196726719423776,0,0
1.26629638671875,-0.027200794967872297,18.18840233128583,0,0
1.26092529296875,-0.032275634175737034,18.18011423822446,0,0
1.25579833984375,-0.03728276058836587,18.171862967700314,0,0
1.25079345703125,-0.04222071380060434,18.163649045449667,0,0
1.2459716796875,-0.04708786135410718,18.155472995509463,0,0
1.241119384765625,-0.05188244614296851,18.14733534024257,0,0
1.2364501953125,-0.05660257771491341,18.1392366003633,0,0
1.231658935546875,-0.061246215136015594,18.131177294963166,0,0
1.22698974609375,-0.06581118016297696,18.123157941536874,0,0
1.222198486328125,-0.07029523727982175,18.115179056008568,0,0
1.217742919921875,-0.07469624751865064,18.1072411527583,0,0
1.213592529296875,-0.07901232313363726,18.099344744648732,0,0
1.209503173828125,-0.08324186225967006,18.091490343052087,0,0
1.205108642578125,-0.08738346115436248,18.08367845787731,0,0
1.201019287109375,-0.09143585421218428,18.075909597597484,0,0
1.1971435546875,-0.09539794736604305,18.068184269277463,0,0
1.193084716796875,-0.09926885748089766,18.060502978601736,0,0
1.189483642578125,-0.10304791566378028,18.05286622990251,0,0
1.185546875,-0.10673466286082266,18.04527452618805,0,0
1.182037353515625,-0.1103288567700991,18.037728369171187,0,0
1.178314208984375,-0.11383050426029742,18.030228259298113,0,0
1.175079345703125,-0.11723990582463258,18.022774695777375,0,0
1.172088623046875,-0.12055763906019973,18.01536817660906,0,0
1.168365478515625,-0.1237844467043735,18.00800919861425,0,0
1.16522216796875,-0.1269211700515681,18.000698257464688,0,0
1.16253662109375,-0.12996880220443938,17.993435847712632,0,0
1.15948486328125,-0.1329284801005229,17.986222462820976,0,0
1.15704345703125,-0.13580132306403245,17.979058595193557,0,0
1.153961181640625,-0.13858822630459597,17.971944736205685,0,0
1.151275634765625,-0.14128972249400512,17.964881376234914,0,0
1.14849853515625,-0.14390596768943828,17.957869004692007,0,0
1.14593505859375,-0.14643681001888637,17.950908110052147,0,0
1.143585205078125,-0.1488818519291784,17.943999179886326,0,0
1.141265869140625,-0.1512404513414939,17.93714270089299,0,0
1.138916015625,-0.15351166674021874,17.930339158929904,0,0
1.1368408203125,-0.15569420177711135,17.923589039046185,0,0
1.134185791015625,-0.15778640533236377,17.916892825514626,0,0
1.13201904296875,-0.1597863991736918,17.910251001864193,0,0
1.130157470703125,-0.16169232569998357,17.90366405091275,0,0
1.128692626953125,-0.16350251916861122,17.897132454800005,0,0
1.127044677734375,-0.16521544499674007,17.89065669502069,0,0
1.124603271484375,-0.1668295618772319,17.884237252457947,0,0
1.1234130859375,-0.16834338448762526,17.877874607416942,0,0
1.122039794921875,-0.16975568468948532,17.871569239658704,0,0
1.12030029296875,-0.17106558418898157,17.86532162843417,0,0
1.119476318359375,-0.17227257628647946,17.8591322525185,0,0
1.1175537109375,-0.1733766029436053,17.853001590245558,0,0
1.1168212890625,-0.1743782057621333,17.84693011954266,0,0
1.116729736328125,-0.17527864119328296,17.840918317965556,0,0
1.114501953125,-0.17607981097393416,17.8349666627336,0,0
1.11456298828125,-0.17678421826786808,17.829075630765182,0,0
1.1146240234375,-0.1773950338996291,17.8232456987134,0,0
1.113037109375,-0.17791596435495116,17.817477343001933,0,0
1.11224365234375,-0.17835113903057428,17.811771039861185,0,0
1.112091064453125,-0.1787053860865157,17.80612726536462,0,0
1.1116943359375,-0.17898457234412019,17.80054649546539,0,0
1.111907958984375,-0.1791956634301184,17.795029206033167,0,0
1.112091064453125,-0.17934654934627617,17.789575872891234,0,0
1.112152099609375,-0.17944571873858275,17.784186971853792,0,0
1.112091064453125,-0.1795018986411279,17.778862978763552,0,0
1.112091064453125,-0.17952380545924204,17.773604369529565,0,0
1.111907958984375,-0.17952003620688484,17.768411620165264,0,0
1.11212158203125,-0.17949904435514505,17.76328520682683,0,0
1.112030029296875,-0.17946912404582052,17.75822560585175,0,0
1.1121826171875,-0.17943836072788405,17.75323329379766,0,0
1.111907958984375,-0.17941458398757074,17.748308747481445,0,0
1.11212158203125,-0.179405365417288,17.743452444018626,0,0
1.11187744140625,-0.1794180385037627,17.73866486086295,0,0
1.11187744140625,-0.17945971092752072,17.733946475846324,0,0
1.112060546875,-0.1795372559130304,17.72929776721898,0,0
1.11212158203125,-0.17965721494989034,17.72471921368991,0,0
1.111846923828125,-0.17982559940045842,17.720211294467607,0,0
1.112030029296875,-0.1800476907861534,17.71577448930106,0,0
1.11163330078125,-0.18032786503710482,17.71140927852106,0,0
1.11163330078125,-0.18066940303164727,17.70711614308178,0,0
1.111785888671875,-0.18107425315304965,17.702895564602624,0,0
1.1094970703125,-0.181542822345557,17.69874802541044,0,0
1.109588623046875,-0.18207410365132043,17.694674008581952,0,0
1.109649658203125,-0.182666041446042,17.690673997986565,0,0
1.108154296875,-0.1833156016428572,17.686748478329402,0,0
1.106964111328125,-0.1840186994054454,17.68289793519476,0,0
1.107269287109375,-0.18477038671272444,17.67912285508975,0,0
1.104766845703125,-0.1855650718354162,17.675423725488383,0,0
1.104766845703125,-0.18639668945884985,17.67180103487589,0,0
1.103790283203125,-0.18725893465932686,17.66825527279342,0,0
1.10223388671875,-0.18814539423034235,17.664786929883057,0,0
1.10235595703125,-0.18904958934022173,17.66139649793316,0,0
1.099822998046875,-0.18996505092106458,17.658084469924088,0,0
1.099945068359375,-0.19088546263892262,17.654851340074238,0,0
1.098052978515625,-0.19180487875694296,17.651697603886443,0,0
1.0972900390625,-0.19271793043538207,17.648623758194734,0,0
1.097320556640625,-0.19361994271204488,17.64563030121148,0,0
1.09490966796875,-0.19450689992213296,17.642717732574862,0,0
1.095123291015625,-0.1953754132648719,17.63988655339677,0,0
1.094482421875,-0.19622275689825439,17.637137266311036,0,0
1.09222412109375,-0.1970467943363908,17.63447037552208,0,0
1.092437744140625,-0.1978460081242963,17.631886386853957,0,0
1.092193603515625,-0.1986196352567081,17.62938580779977,0,0
1.090301513671875,-0.19936752947134972,17.626969147571526,0,0
1.089874267578125,-0.20009002271709414,17.624636917150376,0,0
1.090087890625,-0.20078802092814624,17.62238962933729,0,0
1.089324951171875,-0.20146288027229886,17.62022779880417,0,0
1.08740234375,-0.20211608820562157,17.618151942145328,0,0
1.087615966796875,-0.20274929517149887,17.616162577929508,0,0
1.087677001953125,-0.20336450834530506,17.61426022675228,0,0
1.087615966796875,-0.20396382549381067,17.612445411288892,0,0
1.085601806640625,-0.2045488895100908,17.610718656347622,0,0
1.08502197265625,-0.2051207800332437,17.609080488923553,0,0
1.085205078125,-0.20568036100388118,17.607531438252867,0,0
1.085113525390625,-0.20622838730451723,17.606072035867598,0,0
1.08453369140625,-0.2067651209264156,17.604702815650867,0,0
1.08282470703125,-0.20728998064136664,17.60342431389265,0,0
1.082611083984375,-0.20780167677844055,17.602237069346042,0,0
1.08251953125,-0.20829857863774492,17.601141623284008,0,0
1.082916259765625,-0.208778729767359,17.60013851955673,0,0
1.0821533203125,-0.2092394059824042,17.599228304649397,0,0
1.080047607421875,-0.20967677540008656,17.59841152774064,0,0
1.080230712890625,-0.21008617939109994,17.59768874076143,0,0
1.0802001953125,-0.2104626875158498,17.5970604984546,0,0
1.080169677734375,-0.21080121306968577,17.596527358434912,0,0
1.080078125,-0.21109618568130348,17.596089881249725,0,0
1.080322265625,-0.21134115691626396,17.595748630440223,0,0
1.079925537109375,-0.2115284514675189,17.595504172603295,0,0
1.077728271484375,-0.21164907534630256,17.595357077453976,0,0
1.077728271484375,-0.21169326169823338,17.59530791788856,0,1
1.077911376953125,-0.21165140150800002,17.595337901332748,0,0
1.077911376953125,-0.2115146257609663,17.595427602673418,0,0
1.077880859375,-0.21127494179785183,17.59557664932339,0,0
1.078948974609375,-0.2109252710799669,17.59578466987616,0,0
1.080108642578125,-0.21045932722029892,17.59605129408088,0,0
1.080078125,-0.20987121558891006,17.596376152817538,0,0
1.080352783203125,-0.20915513665096502,17.59675887807238,0,0
1.080169677734375,-0.20830560174455268,17.597199102913493,0,0
1.082733154296875,-0.20731794443379675,17.597696461466633,0,0
1.082855224609375,-0.20618855408949385,17.59825058889126,0,0
1.084442138671875,-0.20491477510143055,17.59886112135673,0,0
1.085113525390625,-0.2034949112730883,17.599527696018733,0,0
1.08746337890625,-0.2019284159845466,17.60024995099593,0,0
1.088897705078125,-0.20021597583692272,17.601027525346737,0,0
1.090850830078125,-0.19835941303843893,17.60186005904635,0,0
1.092681884765625,-0.19636159044949164,17.602747192963935,0,0
1.09527587890625,-0.19422638114996518,17.603688568840028,0,0
1.09820556640625,-0.19195851930231708,17.6046838292641,0,0
1.100860595703125,-0.1895631892170766,17.60573261765231,0,0
1.103302001953125,-0.18704550074901155,17.606834578225463,0,0
1.105987548828125,-0.18441012874846488,17.60798935598711,0,0
1.1090087890625,-0.1816611547947319,17.60919659670186,0,0
1.111846923828125,-0.17880193986106652,17.610455946873866,0,0
1.115234375,-0.175834941432584,17.611767053725455,0,0
1.11822509765625,-0.17276149437353672,17.61312956517597,0,0
1.12103271484375,-0.16958163978859264,17.61454312982077,0,0
1.124176025390625,-0.16629414197404854,17.616007396910376,0,0
1.1278076171875,-0.1628966592038839,17.617522016329826,0,0
1.1307373046875,-0.15938588715168941,17.61908663857817,0,0
1.134246826171875,-0.1557576978187013,17.620700914748138,0,0
1.13775634765625,-0.1520073868111229,17.622364496505956,0,0
1.141754150390625,-0.14812993980805655,17.624077036071355,0,0
1.145172119140625,-0.14412022286236859,17.625838186197722,0,0
1.149261474609375,-0.13997318622186955,17.6276476001524,0,0
1.15283203125,-0.1356841782925713,17.62950493169715,0,0
1.157440185546875,-0.13124933614113055,17.631409835068794,0,0
1.160980224609375,-0.12666598862725276,17.63336196495999,0,0
1.16534423828125,-0.121933127964312,17.635360976500152,0,0
1.170135498046875,-0.1170519833835822,17.63740652523654,0,0
1.174285888671875,-0.1120265597767784,17.639498267115496,0,0
1.179351806640625,-0.10686411092282934,17.641635858463832,0,0
1.188995361328125,-0.10157525874056632,17.643818955970357,0,0
1.194305419921875,-0.0961729730372756,17.64604721666756,0,0
1.199859619140625,-0.0906706958350795,17.648320297913436,0,0
1.20526123046875,-0.0850810440447195,17.650637857373457,0,0
1.21087646484375,-0.07941550637053288,17.65299955300269,0,0
1.216400146484375,-0.07368450998879326,17.65540504302805,0,0
1.221954345703125,-0.0678975379280238,17.657853985930707,0,0
1.2279052734375,-0.062063277503499166,17.66034604042863,0,0
1.233795166015625,-0.05618972198958388,17.66288086545925,0,0
1.239776611328125,-0.05028416246705136,17.6654581201623,0,0
1.245513916015625,-0.04435312635005635,17.66807746386277,0,0
1.251373291015625,-0.03840236791558442,17.670738556053994,0,0
1.256927490234375,-0.03243696454289816,17.673441056380906,0,0
1.262664794921875,-0.02646152743829499,17.67618462462337,0,0
1.268310546875,-0.020480501932774307,17.678968920679726,0,0
1.273895263671875,-0.014498512237319468,17.681793604550386,0,0
1.279571533203125,-0.008520732932373196,17.684658336321647,0,0
1.284698486328125,-0.002553314717387692,17.687562776149573,0,0
1.29058837890625,0.003396106596041934,17.690506584244027,0,0
1.301666259765625,0.009318309465554897,17.693489420852845,0,0
1.3070068359375,0.015203716932939398,17.696510946246146,0,0
1.31243896484375,0.021044464271638655,17.699570820700746,0,0
1.317840576171875,0.02683556726380157,17.702668704484726,0,0
1.322998046875,0.03257482358718561,17.705804257842114,0,0
1.32818603515625,0.038262280162674564,17.70897714097771,0,0
1.33343505859375,0.043899657789089705,17.712187014042023,0,0
1.33856201171875,0.049489780258654865,17.715433537116354,0,0
1.343841552734375,0.055036053131255966,17.71871637019799,0,0
1.349273681640625,0.060542019938965935,17.72203517318553,0,0
1.35467529296875,0.06601104999203562,17.725389605864354,0,0
1.360198974609375,0.07144617952154031,17.728779327892184,0,0
1.365325927734375,0.07685004794680464,17.7322039987848,0,0
1.370697021484375,0.08222483246009338,17.735663277901878,0,0
1.375946044921875,0.08757214152903171,17.73915682443294,0,0
1.381500244140625,0.09289293106322886,17.74268429738343,0,0
1.386566162109375,0.09818749849588133,17.746245355560944,0,0
1.392059326171875,0.1034555149403569,17.749839657561537,0,0
1.3973388671875,0.10869606536467841,17.7534668617562,0,0
1.402618408203125,0.11390772665758636,17.75712662627742,0,0
1.407928466796875,0.11908867761411512,17.760818609005902,0,0
1.4130859375,0.12423681033293205,17.764542467557398,0,0
1.418212890625,0.1293498289295644,17.76829785926965,0,0
1.42327880859375,0.13442531501883057,17.772084441189463,0,0
1.428253173828125,0.13946075340620775,17.775901870059922,0,0
1.433502197265625,0.14445354812681463,17.7797498023077,0,0
1.438446044921875,0.14940108416365827,17.783627894030513,0,0
1.443450927734375,0.1543008445949488,17.78753580098469,0,0
1.4481201171875,0.15915051307862435,17.79147317857287,0,0
1.45294189453125,0.16394800061704753,17.795439681831805,0,0
1.45794677734375,0.16869143572395154,17.79943496542033,0,0
1.462554931640625,0.1733792138809807,17.803458683607403,0,0
1.46710205078125,0.17801009015522562,17.80751049026031,0,0
1.471649169921875,0.18258320731620975,17.811590038832968,0,0
1.47589111328125,0.1870980358064466,17.81569698235437,0,0
1.480499267578125,0.19155427003205489,17.819830973417154,0,0
1.484710693359375,0.19595173200928023,17.823991664166275,0,0
1.489349365234375,0.20029033083594233,17.828178706287822,0,0
1.493408203125,0.20457008514988265,17.832391750997957,0,0
1.49737548828125,0.20879113574543692,17.836630449031983,0,0
1.501708984375,0.2129536663086852,17.840894450633506,0,0
1.505615234375,0.2170577892644714,17.845183405543782,0,0
1.509429931640625,0.22110346061200822,17.84949696299113,0,0
1.51361083984375,0.22509037604536639,17.853834771680514,0,0
1.51739501953125,0.22901787604332746,17.858196479783217,0,0
1.52117919921875,0.2328849083919807,17.86258173492667,0,0
1.524627685546875,0.23668996250664226,17.866990184184406,0,0
1.52911376953125,0.2404309633414867,17.87142147406611,0,0
1.532012939453125,0.24410525224884988,17.87587525050785,0,0
1.53570556640625,0.2477095958417863,17.88035115886238,0,0
1.5390625,0.2512400620571707,17.884848843889614,0,0
1.54266357421875,0.25469185873784944,17.889367949747218,0,0
1.54620361328125,0.25805929931343285,17.893908119981305,0,0
1.5491943359375,0.26133587408519543,17.898468997517323,0,0
1.55279541015625,0.2645143266767034,17.903050224650986,0,0
1.556121826171875,0.2675867568690769,17.90765144303943,0,0
1.55889892578125,0.2705448242285413,17.91227229369243,0,0
1.56201171875,0.2733799588964482,17.91691241696377,0,0
1.564605712890625,0.2760834886943431,17.921571452542764,0,0
1.567626953125,0.27864675617354534,17.926249039445906,0,0
1.569610595703125,0.281061269788282,17.930944816008623,0,0
1.572418212890625,0.2833188353356557,17.93565841987719,0,0
1.57464599609375,0.285411691088628,17.940389488000793,0,0
1.576568603515625,0.28733272433293144,17.94513765662369,0,0
1.5780029296875,0.2890756640889476,17.949902561277533,0,0
1.579498291015625,0.29063508716588665,17.95468383677383,0,0
1.580352783203125,0.29200625186033324,17.95948111719654,0,0
1.581878662109375,0.29318486647218717,17.96429403589479,0,0
1.581939697265625,0.29416686730993785,17.969122225475754,0,0
1.584136962890625,0.2949482620738488,17.97396531779767,0,0
1.584320068359375,0.2955251919555479,17.97882294396299,0,0
1.5843505859375,0.29589418971781445,17.983694734311648,0,0
1.584503173828125,0.2960522709832505,17.98858031841454,1,0
1.58447265625,0.29599678518420425,17.993479325067067,0,0
1.58453369140625,0.29572532849053523,17.998391382282865,0,0
1.583892822265625,0.29523582916917784,18.00331611728767,0,0
1.582275390625,0.294526603054535,18.00825315651336,0,0
1.58221435546875,0.29359619244046803,18.013202125592052,0,0
1.58050537109375,0.29244316850369534,18.01816264935047,0,0
1.579498291015625,0.2910661113631246,18.02313435180434,0,0
1.577301025390625,0.2894636306385172,18.028116856153062,0,0
1.57598876953125,0.2876343029037767,18.03310978477438,0,0
1.574188232421875,0.28557665995826603,18.03811275921934,0,0
1.572265625,0.2832893867766798,18.04312540020733,0,0
1.569580078125,0.2807716551607433,18.048147327621265,0,0
1.566925048828125,0.27802337051587817,18.053178160502974,0,0
1.564208984375,0.27504528191434546,18.058217517048686,0,0
1.56134033203125,0.2718391123547632,18.06326501460471,0,0
1.558013916015625,0.2684078058535003,18.068320269663257,0,0
1.55426025390625,0.2647557906579585,18.07338289785841,0,0
1.550628662109375,0.2608891335923199,18.078452513962265,0,0
1.546295166015625,0.25681559800016507,18.08352873188123,0,0
1.54205322265625,0.25254464340094024,18.088611164652477,0,0
1.537506103515625,0.24808736213318647,18.09369942444055,0,0
1.532562255859375,0.24345636691047146,18.098793122534147,0,0
1.527740478515625,0.23866562546921596,18.10389186934307,0,0
1.522491455078125,0.23373024138089588,18.108995274395294,0,0
1.516998291015625,0.22866619002630523,18.11410294633427,0,0
1.511474609375,0.22348996513038327,18.119214492916342,0,0
1.505859375,0.21821813374491572,18.124329521008335,0,0
1.50048828125,0.21286689741260603,18.129447636585336,0,0
1.4952392578125,0.20745178218849292,18.134568444728625,0,0
1.489501953125,0.20198750510345156,18.13969154962377,0,0
1.484222412109375,0.19648792830992584,18.144816554558908,0,0
1.4786376953125,0.19096602424272138,18.14994306192319,0,0
1.473175048828125,0.18543387175705608,18.15507067320539,0,0
1.467437744140625,0.17990266091253337,18.160198988992725,0,0
1.462066650390625,0.1743826555119566,18.165327608969772,0,0
1.45672607421875,0.16888315933210624,18.170456131917653,0,0
1.451080322265625,0.1634125490203404,18.17558415571334,0,0
1.44537353515625,0.15797829184425724,18.18071127732914,0,0
1.43988037109375,0.152586828924181,18.185837092832386,0,0
1.43463134765625,0.1472433836821253,18.190961197385267,0,0
1.42962646484375,0.14195186826997735,18.196083185244902,0,0
1.424652099609375,0.13671497992787965,18.20120264976352,0,0
1.41912841796875,0.13153440488810603,18.206319183388878,0,0
1.414031982421875,0.12641093243916746,18.211432377664853,0,0
1.40936279296875,0.12134444491757061,18.216541823232184,0,0
1.404510498046875,0.11633398538098033,18.221647109829455,0,0
1.3997802734375,0.11137799171355214,18.22674782629422,0,0
1.39501953125,0.10647457692683576,18.23184356056435,0,0
1.39019775390625,0.10162176333168797,18.236933899679535,0,0
1.385498046875,0.09681765392767183,18.242018429783016,0,0
1.380889892578125,0.09206055880846098,18.247096736123453,0,0
1.3760986328125,0.08734911035885273,18.252168403057066,0,0
1.37139892578125,0.08268234615333335,18.257233014049877,0,0
1.36669921875,0.07805971768241238,18.262290151680226,0,0
1.361846923828125,0.07348102603430437,18.267339397641436,0,0
1.35736083984375,0.0689462990443577,18.272380332744675,0,0
1.3531494140625,0.06445568338594182,18.277412536922053,0,0
1.348480224609375,0.0600094498093453,18.282435589229888,0,0
1.3438720703125,0.05560803391738278,18.287449067852148,0,0
1.33953857421875,0.05125196629830049,18.292452550104162,0,0
1.3349609375,0.04694172358473217,18.29744561243647,0,0
1.330413818359375,0.0426775617315836,18.302427830438905,0,0
1.3260498046875,0.03845929500625734,18.307398778844863,0,0
1.32244873046875,0.034286093912338736,18.31235803153581,0,0
1.3179931640625,0.030156466825196803,18.317305161545946,0,0
1.3140869140625,0.02606837401400998,18.32223974106712,0,0
1.310394287109375,0.022019329760579933,18.327161341453916,0,0
1.30572509765625,0.018006494712796996,18.332069533228996,0,0
1.301971435546875,0.014026695136090825,18.33696388608858,0,0
1.29803466796875,0.010076326860591074,18.341843968908226,0,0
1.29443359375,0.006151325623529637,18.346709349748725,0,0
1.290771484375,0.0022473175097988546,18.3515595958623,0,0
1.286865234375,-0.0016401326250598397,18.356394273698953,0,0
1.283111572265625,-0.005515300051625233,18.361212948913057,0,0
1.279296875,-0.009382160939720684,18.36601518637014,0,0
1.275604248046875,-0.013244287041292824,18.37080055015392,0,0
1.2716064453125,-0.01710473795906535,18.37556860357353,0,0
1.26812744140625,-0.020965965264817685,18.380318909170956,0,0
1.2640380859375,-0.02482971598282909,18.385051028728714,0,0
1.26080322265625,-0.028696905466035226,18.389764523277737,0,0
1.256439208984375,-0.032567460228796516,18.394458953105485,0,0
1.252777099609375,-0.03644020525245414,18.399133877764253,0,0
1.2489013671875,-0.040312853113225404,18.403788856079746,0,0
1.244781494140625,-0.04418203488576079,18.408423446159826,0,0
1.24114990234375,-0.04804334130755992,18.41303720540353,0,0
1.23675537109375,-0.05189140315791497,18.417629690510264,0,0
1.233154296875,-0.05572002271565035,18.422200457489268,0,0
1.229034423828125,-0.05952233955346144,18.426749061669266,0,0
1.2254638671875,-0.0632909715499226,18.431275057708365,0,0
1.22161865234375,-0.06701809791497489,18.43577799960418,0,0
1.217864990234375,-0.0706955087493777,18.44025744070418,0,0
1.214385986328125,-0.0743146553912779,18.444712933716247,0,0
1.21038818359375,-0.07786671804902966,18.449144030719506,0,0
1.20672607421875,-0.08134274400736911,18.453550283175336,0,0
1.20343017578125,-0.0847338824829831,18.45793124193864,0,0
1.199493408203125,-0.08803163277480135,18.462286457269332,0,0
1.196014404296875,-0.09122812466404301,18.466615478844062,0,0
1.193023681640625,-0.09431648821585589,18.470917855768167,0,0
1.189849853515625,-0.09729116872681777,18.47519313658786,0,0
1.186737060546875,-0.10014810984339566,18.47944086930263,0,0
1.184295654296875,-0.10288490203473588,18.483660601377906,0,0
1.18157958984375,-0.10550087805745807,18.48785187975794,0,0
1.178955078125,-0.1079971170210966,18.492014250878903,0,0
1.1763916015625,-0.11037647397312333,18.49614726068224,0,0
1.174468994140625,-0.11264367233551828,18.500250454628254,0,0
1.17218017578125,-0.11480533253755548,18.504323377709923,0,0
1.17071533203125,-0.11686986507300492,18.50836557446692,0,0
1.168548583984375,-0.11884725909238636,18.512376588999953,0,0
1.1663818359375,-0.12074888461883149,18.516355964985205,0,0
1.16546630859375,-0.12258739722201012,18.520303245689153,0,0
1.163726806640625,-0.12437656560382052,18.524217973983518,0,0
1.16278076171875,-0.12613085034974889,18.52809969236049,0,0
1.16143798828125,-0.12786482793290288,18.5319479429482,0,0
1.16033935546875,-0.12959255369019487,18.535762267526387,0,0
1.158966064453125,-0.13132690060457763,18.539542207542333,0,0
1.15643310546875,-0.1330790275562968,18.543287304127034,0,0
1.15447998046875,-0.13485822737506148,18.546997098111593,0,0
1.15301513671875,-0.13667213269004985,18.550671130043824,0,0
1.15130615234375,-0.1385268739071867,18.554308940205154,0,0
1.148895263671875,-0.140427020315853,18.557910068627695,0,0
1.1468505859375,-0.14237557953252822,18.5614740551116,0,0
1.144989013671875,-0.1443741750602018,18.5650004392426,0,0
1.142974853515625,-0.14642319061899722,18.568488760409828,0,0
1.140655517578125,-0.1485217877914229,18.571938557823863,0,0
1.138427734375,-0.15066793765265837,18.57534937053497,0,0
1.13616943359375,-0.15285854016227815,18.578720737451615,0,0
1.133880615234375,-0.15508956279725059,18.5820521973592,0,0
1.13116455078125,-0.1573561789496805,18.585343288939026,0,0
1.12908935546875,-0.15965295604269406,18.588593550787483,0,0
1.1263427734375,-0.16197406442003862,18.59180252143548,0,0
1.12432861328125,-0.1643134400166175,18.594969739368114,0,0
1.121673583984375,-0.16666488908064608,18.598094743044538,0,0
1.119537353515625,-0.16902214871914142,18.60117707091809,0,0
1.11676025390625,-0.17137894465044373,18.604216261456635,0,0
1.11480712890625,-0.17372907625275802,18.607211853163122,0,0
1.112091064453125,-0.1760664928932579,18.610163384596415,0,0
1.109771728515625,-0.17838535961711613,18.61307039439228,0,0
1.10760498046875,-0.1806801511164773,18.615932421284665,0,0
1.105621337890625,-0.1829456964234966,18.61874900412715,0,0
1.103424072265625,-0.18517708288487308,18.62151968191467,0,0
1.1014404296875,-0.18736948509206225,18.624243993805404,0,0
1.0997314453125,-0.1895179798011854,18.626921479142943,0,0
1.0953369140625,-0.19161748068227322,18.629551677478638,0,0
1.09393310546875,-0.19366313371762486,18.632134128594178,0,0
1.092315673828125,-0.19565099826252103,18.634668372524395,0,0
1.089874267578125,-0.19757835717920916,18.637153949580274,0,0
1.088470458984375,-0.19944366438855535,18.63959040037218,0,0
1.087005615234375,-0.2012464657055529,18.64197726583331,0,0
1.085296630859375,-0.2029872244508587,18.644314087243345,0,0
1.083770751953125,-0.20466705745313207,18.646600406252308,0,0
1.08245849609375,-0.2062875228540771,18.648835764904664,0,0
1.080230712890625,-0.20785047950441102,18.651019705663593,0,0
1.0797119140625,-0.20935803016701848,18.65315177143548,0,0
1.077850341796875,-0.21081245538663687,18.655231505594607,0,0
1.076629638671875,-0.2122160582842741,18.657258452008094,0,0
1.0753173828125,-0.2135710478059759,18.65923215506094,0,0
1.07427978515625,-0.21487947623467554,18.66115215968139,0,0
1.072662353515625,-0.21614314653129346,18.663018011366383,0,0
1.07159423828125,-0.21736356474775104,18.664829256207295,0,0
1.070556640625,-0.21854196509896895,18.666585440915796,0,0
1.069488525390625,-0.21967928740630957,18.668286112849973,0,0
1.06768798828125,-0.22077613510537356,18.66993082004057,0,0
1.0675048828125,-0.22183284489199773,18.67151911121748,0,0
1.0655517578125,-0.22284958965440574,18.67305053583639,0,0
1.0657958984375,-0.22382639101685936,18.674524644105595,0,0
1.06353759765625,-0.2247630754070313,18.675940987013075,0,0
1.063201904296875,-0.22565930582489468,18.677299116353616,0,0
1.06298828125,-0.22651467576275275,18.67859858475625,0,0
1.0606689453125,-0.2273286946144661,18.679838945711783,0,0
1.060699462890625,-0.22810083361068054,18.68101975360051,0,0
1.060394287109375,-0.22883070787502302,18.68214056372012,0,0
1.058807373046875,-0.22951807133870375,18.683200932313774,0,0
1.05828857421875,-0.23016277072487606,18.684200416598305,0,0
1.0579833984375,-0.23076491407222546,18.68513857479263,0,0
1.057952880859375,-0.23132493468065318,18.6860149661463,0,0
1.057952880859375,-0.2318433019513974,18.686829150968194,0,0
1.055694580078125,-0.23232017548965714,18.68758069065541,0,0
1.055450439453125,-0.23275552212246542,18.688269147722245,0,0
1.055633544921875,-0.2331496315326906,18.688894085829403,0,0
1.05535888671875,-0.23350335726084562,18.68945506981327,0,0
1.055511474609375,-0.23381788617770077,18.68995166571538,0,0
1.05548095703125,-0.23409436855308519,18.69038344081202,0,0
1.055511474609375,-0.2343335586911448,18.690749963643956,0,0
1.0556640625,-0.23453546354665986,18.691050804046274,0,0
1.0555419921875,-0.234699017681092,18.69128553317842,0,0
1.054718017578125,-0.23482188115515676,18.691453723554293,0,0
1.05291748046875,-0.23490065142837027,18.6915549490725,0,0
1.05291748046875,-0.2349316713273471,18.69158878504673,0,1
1.05364990234375,-0.23491196566043784,18.691548704070097,0,0
1.0555419921875,-0.23483946552836327,18.69142876900697,0,0
1.05523681640625,-0.2347123160025811,18.69122944317494,0,0
1.05548095703125,-0.23452798900035463,18.690951191883343,0,0
1.05548095703125,-0.23428290073723732,18.690594482393948,0,0
1.055572509765625,-0.23397249009713414,18.690159783881775,0,0
1.055572509765625,-0.23359146139083586,18.68964756739601,0,0
1.055389404296875,-0.2331341393076711,18.689058305821032,0,0
1.056304931640625,-0.23259491401278606,18.6883924738376,0,0
1.057891845703125,-0.23196850176671663,18.68765054788412,0,0
1.058197021484375,-0.23124976740815303,18.686833006118096,0,0
1.05810546875,-0.2304334480081128,18.68594032837766,0,0
1.06011962890625,-0.22951424008510063,18.684972996143337,0,0
1.0604248046875,-0.22848701276272138,18.683931492499823,0,0
1.06195068359375,-0.2273468337799927,18.68281630209807,0,0
1.062774658203125,-0.22608897836705621,18.681627911117406,0,0
1.064361572265625,-0.2247090316069247,18.680366807227873,0,0
1.0655517578125,-0.22320300993003103,18.679033479552718,0,0
1.067779541015625,-0.2215674451780468,18.677628418631066,0,0
1.0689697265625,-0.2197993879316851,18.676152116380756,0,0
1.070556640625,-0.21789644126598487,18.67460506606133,0,0
1.072601318359375,-0.21585698320564625,18.672987762237266,0,0
1.0748291015625,-0.21368045256671958,18.671300700741355,0,0
1.076934814453125,-0.21136750344176283,18.669544378638257,0,0
1.079559326171875,-0.20892006952941505,18.667719294188288,0,0
1.081787109375,-0.2063414284208851,18.665825946811374,0,0
1.08489990234375,-0.20363626561741474,18.663864837051243,0,0
1.087646484375,-0.20081068634940974,18.661836466539768,0,0
1.091156005859375,-0.19787211035363758,18.65974133796158,0,0
1.094207763671875,-0.19482904262036171,18.657579955018832,0,0
1.09747314453125,-0.19169079844998385,18.65535282239624,0,0
1.100921630859375,-0.1884672782137605,18.653060445726293,0,0
1.104766845703125,-0.18516875402254812,18.65070333155471,0,0
1.108001708984375,-0.1818055728440831,18.648281987306124,0,0
1.111328125,-0.1783878762466815,18.645796921249985,0,0
1.115570068359375,-0.17492544363974377,18.643248642466684,0,0
1.119171142578125,-0.17142748794962764,18.640637660813955,0,0
1.122955322265625,-0.16790229244949081,18.637964486893452,0,0
1.12603759765625,-0.16435689741022846,18.635229632017623,0,0
1.130126953125,-0.16079699838358552,18.63243360817679,0,0
1.13323974609375,-0.15722695236135886,18.6295769280065,0,0
1.137115478515625,-0.15364978478797703,18.6266601047551,0,0
1.140655517578125,-0.15006719902744559,18.623683652251568,0,0
1.144256591796875,-0.14647956869950807,18.62064808487364,0,0
1.1475830078125,-0.14288593819753337,18.617553917516116,0,0
1.15118408203125,-0.13928411064077145,18.614401665559487,0,0
1.154998779296875,-0.13567077860105992,18.611191844838793,0,0
1.158111572265625,-0.13204161103590667,18.607924971612757,0,0
1.161834716796875,-0.1283913638862667,18.604601562533173,0,0
1.165252685546875,-0.12471408295122083,18.60122213461456,0,0
1.169097900390625,-0.1210033136242854,18.597787205204103,0,0
1.172454833984375,-0.11725226023063168,18.594297291951836,0,0
1.17645263671875,-0.11345393864670877,18.590752912781127,0,0
1.17987060546875,-0.10960134354030811,18.587154585859405,0,0
1.184112548828125,-0.10568761076262678,18.583502829569206,0,0
1.187774658203125,-0.10170614635514681,18.579798162479435,0,0
1.191986083984375,-0.09765071633589936,18.57604110331698,0,0
1.196044921875,-0.09351552082589916,18.572232170938555,0,0
1.199951171875,-0.08929527796972761,18.568371884302824,0,0
1.20440673828125,-0.08498535394167417,18.56446076244284,0,0
1.208770751953125,-0.08058190853546407,18.560499324438766,0,0
1.212982177734375,-0.07608199541155225,18.556488089390836,0,0
1.2176513671875,-0.07148367139551041,18.552427576392667,0,0
1.22247314453125,-0.0667861248595821,18.548318304504804,0,0
1.2274169921875,-0.061989711274907724,18.544160792728594,0,0
1.232177734375,-0.05709588769278433,18.53995555998034,0,0
1.237274169921875,-0.05210715750610745,18.53570312506572,0,0
1.242767333984375,-0.04702703302311333,18.53140400665454,0,0
1.247955322265625,-0.04185990822451395,18.527058723255756,0,0
1.253387451171875,-0.03661084699222993,18.522667793192785,0,0
1.258514404296875,-0.03128541653717513,18.51823173457913,0,0
1.264312744140625,-0.02588961056408927,18.51375106529429,0,0
1.2696533203125,-0.020429782877504896,18.509226302959956,0,0
1.275299072265625,-0.01491255030317272,18.504657964916532,0,0
1.2811279296875,-0.00934469405102932,18.500046568199913,0,0
1.287109375,-0.003733013190451412,18.4953926295186,0,0
1.29278564453125,0.001915922977090756,18.490696665231088,0,0
1.29852294921875,0.007596028569926833,18.485959191323545,0,0
1.304443359375,0.013301863154696322,18.481180723387844,0,0
1.3099365234375,0.019028724885816167,18.47636177659981,0,0
1.315948486328125,0.024772699200155318,18.471502865697833,0,0
1.321258544921875,0.03053065032573686,18.46660450496175,0,0
1.326904296875,0.036300123874573834,18.461667208192043,0,0
1.332611083984375,0.04207914406251692,18.456691488689305,0,0
1.3385009765625,0.047866007008248085,18.45167785923405,0,0
1.34381103515625,0.05365914823143948,18.446626832066784,0,0
1.3497314453125,0.05945699797064796,18.4415389188684,0,0
1.355316162109375,0.06525778563081551,18.436414630740842,0,0
1.361114501953125,0.0710593686844907,18.431254478188123,0,0
1.3673095703125,0.07685914102417572,18.426058971097575,0,0
1.372955322265625,0.08265406003193684,18.42082861872143,0,0
1.378692626953125,0.08844073619433268,18.41556392965873,0,0
1.38470458984375,0.09421546566709812,18.410265411837454,0,0
1.3905029296875,0.09997424617790569,18.40493357249704,0,0
1.396636962890625,0.10571287856362169,18.39956891817111,0,0
1.40203857421875,0.11142712654418391,18.39417195467057,0,0
1.407958984375,0.11711282769789916,18.38874318706695,0,0
1.413726806640625,0.12276593304638214,18.383283119676083,0,0
1.4195556640625,0.12838257802363387,18.37779225604202,0,0
1.424713134765625,0.13395919173514567,18.372271098921335,0,0
1.430694580078125,0.1394925303904198,18.366720150267593,0,0
1.436065673828125,0.14497966412595062,18.361139911216238,0,0
1.441741943359375,0.1504180281599017,18.355530882069694,0,0
1.447174072265625,0.15580552341065818,18.34989356228278,0,0
1.45245361328125,0.16114060558510696,18.34422845044843,0,0
1.457855224609375,0.16642233309970755,18.338536044283675,0,0
1.463348388671875,0.17165040058464476,18.332816840615926,0,0
1.468231201171875,0.176825206814743,18.32707133536956,0,0
1.473388671875,0.1819478889137403,18.32130002355277,0,0
1.47857666015625,0.18702026532230848,18.31550339924471,0,0
1.4835205078125,0.19204477742210818,18.309681955582942,0,0
1.48809814453125,0.19702443919761345,18.30383618475112,0,0
1.493072509765625,0.20196268286038993,18.297966577967024,0,0
1.49786376953125,0.2068631268901444,18.292073625470806,0,0
1.50244140625,0.2117293723769912,18.28615781651359,0,0
1.50750732421875,0.21656482621716228,18.280219639346264,0,0
1.511627197265625,0.22137252005262434,18.27425958120865,0,0
1.5166015625,0.2261548895357044,18.26827812831887,0,0
1.521240234375,0.23091352460924233,18.262275765863027,0,0
1.52581787109375,0.23564898426858655,18.256252977985156,0,0
1.530853271484375,0.2403606926689652,18.25021024777746,0,0
1.5357666015625,0.24504692987872095,18.24414805727077,0,0
1.54046630859375,0.24970496353473148,18.238066887425358,0,0
1.545196533203125,0.25433122970063493,18.23196721812194,0,0
1.5498046875,0.25892145179887466,18.225849528153006,0,0
1.55389404296875,0.26347066508876815,18.21971429521437,0,0
1.558563232421875,0.2679731130187058,18.213561995897038,0,0
1.563385009765625,0.2724221127811212,18.2073931056793,0,0
1.56793212890625,0.27681010001701795,18.2012080989191,0,0
1.572174072265625,0.2811288377558222,18.195007448846663,0,0
1.576263427734375,0.2853695634689929,18.1887916275574,0,0
1.58062744140625,0.2895229880094381,18.182561106005053,0,0
1.5845947265625,0.29357926166546144,18.176316353995112,0,0
1.58837890625,0.29752796863432585,18.170057840178462,0,0
1.59246826171875,0.3013581002269119,18.16378603204533,0,0
1.596099853515625,0.305058035277836,18.15750139591945,0,0
1.60003662109375,0.3086156024658122,18.151204396952487,0,0
1.603302001953125,0.31201821320704654,18.14489549911873,0,0
1.606781005859375,0.31525300413578206,18.13857516521,0,0
1.610443115234375,0.3183069992479248,18.13224385683084,0,0
1.613372802734375,0.3211673908622269,18.12590203439394,0,0
1.616119384765625,0.3238218994299471,18.11955015711579,0,0
1.618927001953125,0.3262590556544793,18.113188683012606,0,0
1.6212158203125,0.3284684187669456,18.106818068896473,0,0
1.623046875,0.33044078045873926,18.100438770371735,0,0
1.624542236328125,0.33216824793949584,18.094051241831643,0,0
1.626251220703125,0.3336441667884126,18.0876559364552,0,0
1.62786865234375,0.3348630640518908,18.081253306204285,0,0
1.628753662109375,0.33582076772803837,18.074843801820975,0,0
1.628753662109375,0.33651454259685093,18.068427872825126,0,0
1.628692626953125,0.3369429259053845,18.062005967512167,0,0
1.628570556640625,0.33710523023297045,18.055578532951152,1,0
1.628692626953125,0.3370010150678661,18.04914601498298,0,0
1.628814697265625,0.33662983690115844,18.042708858218912,0,0
1.628692626953125,0.33599138613295293,18.03626750603927,0,0
1.627777099609375,0.3350858788408155,18.029822400592373,0,0
1.626129150390625,0.3339143838179136,18.02337398279368,0,0
1.62506103515625,0.33247886276896704,18.016922692325174,0,0
1.62353515625,0.33078208166652795,18.010468967634953,0,0
1.6217041015625,0.32882765761064897,18.004013245937045,0,0
1.618988037109375,0.3266201717088496,17.997555963211422,0,0
1.61669921875,0.3241651247112667,17.991097554204238,0,0
1.6138916015625,0.32146875965816807,17.984638452428293,0,0
1.611083984375,0.3185379276605909,17.978179090163675,0,0
1.608001708984375,0.315380048953779,17.971719898458648,0,0
1.604705810546875,0.31200313154458287,17.965261307130724,0,0
1.6009521484375,0.3084157998137585,17.958803744767938,0,0
1.597259521484375,0.30462727331601935,17.952347638730345,0,0
1.593292236328125,0.30064730374573007,17.945893415151705,0,0
1.589019775390625,0.2964861207143469,17.939441498941385,0,0
1.584625244140625,0.2921543657320345,17.932992313786436,0,0
1.580047607421875,0.2876629773095423,17.9265462821539,0,0
1.575592041015625,0.28302306717177445,17.920103825293282,0,0
1.570404052734375,0.27824582724580155,17.913665363239236,0,0
1.565521240234375,0.2733424088707316,17.90723131481445,0,0
1.560699462890625,0.26832375665201236,17.900802097632702,0,0
1.55517578125,0.2632004865915043,17.894378128102133,0,0
1.54974365234375,0.25798276388943386,17.88795982142867,0,0
1.5447998046875,0.2526800974970864,17.881547591619693,0,0
1.539398193359375,0.24730119699922698,17.875141851487843,0,0
1.534027099609375,0.24185399246219788,17.86874301265502,0,0
1.52813720703125,0.2363456655933859,17.862351485556594,0,0
1.5230712890625,0.2307825847220227,17.85596767944576,0,0
1.517303466796875,0.22517025134287713,17.84959200239811,0,0
1.511444091796875,0.21951331452874212,17.843224861316344,0,0
1.505859375,0.21381553273612286,17.836866661935197,0,0
1.50048828125,0.20807970033248296,17.83051780882652,0,0
1.495269775390625,0.20230774406849733,17.824178705404556,0,0
1.489898681640625,0.1965010724014216,17.81784975393134,0,0
1.484039306640625,0.19066103997975756,17.811531355522355,0,0
1.478759765625,0.1847893443342982,17.805223910152275,0,0
1.473480224609375,0.17888838158289655,17.79892781666093,0,0
1.467864990234375,0.17296171518759498,17.792643472759433,0,0
1.46240234375,0.16701462390618005,17.78637127503643,0,0
1.45660400390625,0.16105458870051453,17.780111618964593,0,0
1.445709228515625,0.1550912850206841,17.77386489890721,0,0
1.44000244140625,0.14913532008998537,17.767631508124964,0,0
1.43487548828125,0.1431961924054826,17.761411838782887,0,0
1.429351806640625,0.13728116557904313,17.755206281957452,0,0
1.423736572265625,0.13139543106823476,17.749015227643834,0,0
1.418731689453125,0.1255426488844778,17.74283906476333,0,0
1.41278076171875,0.11972545313608499,17.73667818117094,0,0
1.4072265625,0.11394588465001326,17.730532963663094,0,0
1.401947021484375,0.10820567337138305,17.724403797985545,0,0
1.396728515625,0.10250650389222744,17.718291068841406,0,0
1.3907470703125,0.09685036600295312,17.712195159899352,0,0
1.385101318359375,0.09123979137968305,17.706116453801954,0,0
1.379791259765625,0.08567785947086659,17.70005533217419,0,0
1.374237060546875,0.08016815626618476,17.69401217563207,0,0
1.368438720703125,0.07471477575310827,17.687987363791457,0,0
1.363250732421875,0.06932224591444583,17.68198127527699,0,0
1.357696533203125,0.06399538370216555,17.675994287731168,0,0
1.352447509765625,0.05873917192301483,17.670026777823608,0,0
1.34698486328125,0.05355863214966025,17.66407912126039,0,0
1.34149169921875,0.04845861976462426,17.658151692793613,0,0
1.33642578125,0.043443519803400776,17.652244866231026,0,0
1.331390380859375,0.038516922950597915,17.64635901444585,0,0
1.327056884765625,0.03368142997844788,17.64049450938673,0,0
1.322021484375,0.028938649231240843,17.6346517220878,0,0
1.317352294921875,0.024289261089993363,17.628831022678924,0,0
1.31298828125,0.01973300384522468,17.62303278039606,0,0
1.30828857421875,0.01526862347411647,17.617257363591737,0,0
1.304290771484375,0.010893860655015707,17.611505139745724,0,0
1.299713134765625,0.006605465174290469,17.605776475475775,0,0
1.295654296875,0.002399208507168439,17.600071736548554,0,0
1.291534423828125,-0.001730128901095071,17.594391287890648,0,0
1.287750244140625,-0.005788747291019636,17.588735493599785,0,0
1.2840576171875,-0.009783715099573362,17.583104716956097,0,0
1.28033447265625,-0.013722742688430128,17.57749932043358,0,0
1.27685546875,-0.017613884603643673,17.571919665711672,0,0
1.273345947265625,-0.021465198462494617,17.56636611368693,0,0
1.269317626953125,-0.025284401943391294,17.56083902448487,0,0
1.266021728515625,-0.029078621730810827,17.555338757471944,0,0
1.262542724609375,-0.03285420088100335,17.54986567126761,0,0
1.2589111328125,-0.036616433690593524,17.544420123756552,0,0
1.25506591796875,-0.040369289582246615,17.539002472101018,0,0
1.251434326171875,-0.044115273062518716,17.533613072753322,0,0
1.247528076171875,-0.047855410864819134,17.528252281468404,0,0
1.24365234375,-0.051589310944595526,17.522920453316583,0,0
1.239593505859375,-0.055315312416015915,17.5176179426964,0,0
1.23602294921875,-0.05903071734322039,17.512345103347585,0,0
1.23193359375,-0.06273202142800052,17.507102288364173,0,0
1.22845458984375,-0.06641510286777466,17.50188985020773,0,0
1.224609375,-0.07007537528915263,17.49670814072068,0,0
1.221038818359375,-0.0737078978448809,17.491557511139817,0,0
1.21710205078125,-0.07730747951046878,17.486438312109872,0,0
1.214019775390625,-0.08086880367231898,17.481350893697247,0,0
1.210113525390625,-0.08438650825270542,17.47629560540386,0,0
1.206756591796875,-0.08785522293622532,17.47127279618111,0,0
1.20330810546875,-0.0912696426668376,17.466282814443975,0,0
1.1995849609375,-0.09462464361836007,17.461326008085198,0,0
1.19647216796875,-0.09791543852850111,17.456402724489664,0,0
1.193450927734375,-0.10113772241009512,17.45151331054882,0,0
1.190093994140625,-0.10428770690522009,17.44665811267527,0,0
1.18731689453125,-0.10736208931585949,17.44183747681748,0,0
1.184234619140625,-0.11035803380097252,17.43705174847459,0,0
1.181488037109375,-0.11327314141894394,17.43230127271137,0,0
1.1783447265625,-0.11610543071193084,17.427586394173264,0,0
1.175384521484375,-0.1188534160117265,17.422907457101616,0,0
1.173004150390625,-0.12151628560307673,17.418264805348947,0,0
1.17041015625,-0.12409403297691879,17.413658782394396,0,0
1.16815185546875,-0.1265874415592849,17.409089731359288,0,0
1.1658935546875,-0.12899797761931586,17.404557995022795,0,0
1.16375732421875,-0.13132764311090206,17.400063915837737,0,0
1.161224365234375,-0.13357883495066497,17.395607835946503,0,0
1.1591796875,-0.1357543021179398,17.39119009719711,0,0
1.15753173828125,-0.13785716140266896,17.386811041159344,0,0
1.15570068359375,-0.1398907885722939,17.382471009141074,0,0
1.15411376953125,-0.1418585382872479,17.378170342204644,0,0
1.1513671875,-0.14376348767024685,17.373909381183424,0,0
1.149749755859375,-0.14560843710084978,17.36968846669847,0,0
1.148406982421875,-0.14739608940673773,17.365507939175302,0,0
1.146392822265625,-0.14912909160192564,17.361368138860826,0,0
1.144378662109375,-0.15080997224899556,17.357269405840356,0,0
1.14306640625,-0.15244122650439307,17.353212080054778,0,0
1.141571044921875,-0.15402544765267812,17.34919650131785,0,0
1.140167236328125,-0.1555653013663569,17.345223009333598,0,0
1.138946533203125,-0.15706338748573198,17.34129194371387,0,0
1.136871337890625,-0.15852212544635502,17.337403643995998,0,0
1.13592529296875,-0.1599437653331134,17.333558449660604,0,0
1.134521484375,-0.16133046470579887,17.329756700149503,0,0
1.13311767578125,-0.16268428253981917,17.325998734883797,0,0
1.132049560546875,-0.1640071218763872,17.322284893282017,0,0
1.130950927734375,-0.16530066670968896,17.31861551477847,0,0
1.129364013671875,-0.16656628597384837,17.314990938841696,0,0
1.12823486328125,-0.16780499854042352,17.311411504993004,0,0
1.12677001953125,-0.16901756372989604,17.307877552825232,0,0
1.125885009765625,-0.17020460476393506,17.304389422021575,0,0
1.1243896484375,-0.17136668646054404,17.30094745237458,0,0
1.1240234375,-0.17250432797847703,17.297551983805246,0,0
1.121978759765625,-0.1736179590058233,17.2942033563823,0,0
1.121826171875,-0.174707898601542,17.29090191034159,0,0
1.1199951171875,-0.1757743835643026,17.2876479861056,0,0
1.119476318359375,-0.1768175980426427,17.284441924303145,0,0
1.118682861328125,-0.17783767213509102,17.281284065789173,0,0
1.116943359375,-0.17883463332398036,17.278174751664732,0,0
1.117156982421875,-0.17980837904549302,17.275114323297053,0,0
1.114898681640625,-0.18075868638428444,17.272103122339807,0,0
1.114532470703125,-0.18168527492622155,17.269141490753487,0,0
1.114227294921875,-0.18258792284877004,17.266229770825948,0,0
1.11199951171875,-0.1834664813939281,17.263368305193104,0,0
1.111846923828125,-0.18432092912808404,17.260557436859735,0,0
1.111236572265625,-0.18515157075337813,17.25779750922048,0,0
1.109527587890625,-0.18595912258878974,17.255088866081003,0,0
1.109649658203125,-0.1867447455848332,17.252431851679237,0,0
1.1097412109375,-0.1875100340252892,17.249826810706864,0,0
1.10760498046875,-0.1882567467872395,17.2472740883309,0,0
1.107147216796875,-0.1889866512240943,17.244774030215467,0,0
1.10699462890625,-0.18970173534796692,17.242326982543705,0,0
1.10711669921875,-0.19040424360861435,17.239933292039847,0,0
1.10552978515625,-0.19109630379402642,17.23759330599148,0,0
1.10491943359375,-0.19177966721793682,17.235307372271937,0,0
1.10498046875,-0.19245578130339525,17.23307583936288,0,0
1.1041259765625,-0.19312579375316227,17.23089905637705,0,0
1.1021728515625,-0.193790456960309,17.228777373081176,0,0
1.10223388671875,-0.19445035511719388,17.22671113991904,0,0
1.102294921875,-0.1951062520596865,17.224700708034764,0,0
1.1014404296875,-0.19575900704703886,17.22274642929624,0,0
1.099822998046875,-0.19640930602144052,17.220848656318733,0,0
1.0994873046875,-0.19705778878726524,17.219007742488664,0,0
1.09967041015625,-0.19770537280041306,17.217224041987613,0,0
1.099609375,-0.1983531638446742,17.21549790981646,0,0
1.097564697265625,-0.19900203018538679,17.213829701819712,0,0
1.097198486328125,-0.19965250278926383,17.212219774710075,0,0
1.097137451171875,-0.2003050737362532,17.210668486093144,0,0
1.0972900390625,-0.20096024459456097,17.209176194492333,0,0
1.09564208984375,-0.201618153240791,17.20774325937398,0,0
1.09490966796875,-0.20227835574895037,17.20637004117266,0,0
1.0947265625,-0.2029400120387007,17.205056901316702,0,0
1.094573974609375,-0.203602015280053,17.203804202253874,0,0
1.0924072265625,-0.2042628766716903,17.202612307477338,0,0
1.092529296875,-0.2049207953597286,17.201481581551736,0,0
1.09246826171875,-0.205573912791775,17.20041239013956,0,0
1.090728759765625,-0.20622032480193386,17.199405100027676,0,0
1.090179443359375,-0.20685806083209243,17.1984600791541,0,0
1.09002685546875,-0.20748532182388046,17.197577696634962,0,0
1.09014892578125,-0.20810057082299768,17.19675832279175,0,0
1.09027099609375,-0.20870214571568474,17.196002329178707,0,0
1.089599609375,-0.20928761569056284,17.19531008861049,0,0
1.087677001953125,-0.20985337490948103,17.194681975190072,0,0
1.08758544921875,-0.21039483045723553,17.19411836433685,0,0
1.087432861328125,-0.210906871801387,17.193619632815007,0,0
1.087677001953125,-0.21138397232127218,17.193186158762128,0,0
1.08746337890625,-0.21181981713601553,17.192818321718,0,0
1.087493896484375,-0.21220679740820042,17.192516502653746,0,0
1.08734130859375,-0.2125355896741828,17.192281084001134,0,0
1.085784912109375,-0.2127949557928952,17.192112449682178,0,0
1.08502197265625,-0.21297202118811834,17.192010985138996,0,0
1.084991455078125,-0.21305301439427043,17.191977077363894,0,1
1.085174560546875,-0.21302395053221676,17.192013950383938,0,0
1.085205078125,-0.2128709179203505,17.192124308884168,0,0
1.08489990234375,-0.21258019319048607,17.192307763423152,0,0
1.0848388671875,-0.21213853594275817,17.192563926397437,0,0
1.087158203125,-0.21153357600505868,17.192892412008575,0,0
1.08734130859375,-0.2107538297825147,17.193292836230444,0,0
1.087554931640625,-0.20978843103373793,17.193764816776845,0,0
1.088592529296875,-0.2086272259285683,17.19430797306939,0,0
1.089874267578125,-0.20726127014895548,17.19492192620564,0,0
1.090911865234375,-0.2056832832723169,17.195606298927554,0,0
1.092315673828125,-0.20388803107293382,17.196360715590167,0,0
1.09613037109375,-0.2018726410354858,17.197184802130565,0,0
1.09844970703125,-0.1996364533505071,17.198078186037083,0,0
1.10064697265625,-0.19718041354775162,17.199040496318815,0,0
1.1031494140625,-0.19450666062300503,17.2000713634753,0,0
1.106475830078125,-0.19161854302021425,17.201170419466525,0,0
1.109100341796875,-0.18852070918540736,17.20233729768314,0,0
1.112640380859375,-0.18521914090012673,17.203571632916926,0,0
1.1162109375,-0.1817212034368067,17.20487306133149,0,0
1.120269775390625,-0.17803562781171856,17.206241220433192,0,0
1.124359130859375,-0.17417234123556163,17.20767574904234,0,0
1.128143310546875,-0.17014223601907108,17.20917628726456,0,0
1.132843017578125,-0.16595700920899523,17.210742476462425,0,0
1.137725830078125,-0.1616290034775791,17.212373959227293,0,0
1.14239501953125,-0.15717087179728711,17.214070379351384,0,0
1.146942138671875,-0.15259515233182952,17.215831381800033,0,0
1.152069091796875,-0.14791396511281035,17.21765661268419,0,0
1.156951904296875,-0.14313880047044925,17.219545719233125,0,0
1.16204833984375,-0.13828028516029234,17.22149834976732,0,0
1.1668701171875,-0.13334796551534223,17.223514153671584,0,0
1.171539306640625,-0.12835022080363898,17.225592781368363,0,0
1.177215576171875,-0.12329431612835494,17.227733884291244,0,0
1.182220458984375,-0.11818642074064127,17.22993711485867,0,0
1.186981201171875,-0.11303153292757627,17.232202126447827,0,0
1.19195556640625,-0.10783353886776095,17.23452857336873,0,0
1.197052001953125,-0.10259549266706175,17.236916110838497,0,0
1.20245361328125,-0.09731991854071773,17.23936439495583,0,0
1.2076416015625,-0.09200898713434856,17.241873082675628,0,0
1.212982177734375,-0.08666460115503284,17.244441831783835,0,0
1.218505859375,-0.08128846033307913,17.247070300872437,0,0
1.22412109375,-0.07588207820021298,17.24975814931462,0,0
1.229644775390625,-0.07044670533880831,17.252505037240166,0,0
1.23516845703125,-0.06498320989714645,17.255310625510933,0,0
1.240447998046875,-0.0594920121498962,17.258174575696582,0,0
1.246337890625,-0.0539731018657333,17.261096550050407,0,0
1.251678466796875,-0.048426065062499024,17.264076211485392,0,0
1.257354736328125,-0.04285008365145084,17.267113223550375,0,0
1.262542724609375,-0.03724398816951345,17.27020725040641,0,0
1.268310546875,-0.03160641679835846,17.27335795680329,0,0
1.273956298828125,-0.02593600645394465,17.27656500805618,0,0
1.2799072265625,-0.02023149632220967,17.279828070022486,0,0
1.28558349609375,-0.014491717840893474,17.283146809078776,0,0
1.29119873046875,-0.008715568307967152,17.28652089209797,0,0
1.29718017578125,-0.002902058404093466,17.289949986426564,0,0
1.30267333984375,0.0029495834072195137,17.293433759862104,0,0
1.308868408203125,0.008839794268354156,17.296971880630725,0,0
1.314605712890625,0.014768577128575808,17.300564017364895,0,0
1.32086181640625,0.02073545396198645,17.304209839081263,0,0
1.32672119140625,0.026739467580398663,17.307909015158675,0,0
1.33270263671875,0.0327791779528989,17.31166121531632,0,0
1.3387451171875,0.038852599533235034,17.31546610959202,0,0
1.34490966796875,0.04495709971725518,17.31932336832063,0,0
1.350982666015625,0.05108932258611357,17.32323266211264,0,0
1.357513427734375,0.05724516635548953,17.327193661832837,0,0
1.363616943359375,0.06341983454795075,17.33120603857915,0,0
1.37030029296875,0.0696079633614151,17.335269463661607,0,0
1.376678466796875,0.07580381692534467,17.339383608581436,0,0
1.382843017578125,0.08200152667308042,17.34354814501027,0,0
1.389373779296875,0.08819528988993469,17.347762744769543,0,0
1.395416259765625,0.09437949515078627,17.35202707980991,0,0
1.401580810546875,0.10054879259641528,17.35634082219091,0,0
1.407928466796875,0.10669809960735804,17.36070364406066,0,0
1.41455078125,0.11282263478430685,17.36511521763574,0,0
1.420654296875,0.11891810006595158,17.369575215181165,0,0
1.42694091796875,0.12498093645815483,17.37408330899048,0,0
1.432952880859375,0.1310085097374616,17.378639171366,0,0
1.438751220703125,0.13699918201009953,17.38324247459915,0,0
1.444488525390625,0.14295224701222606,17.38789289095094,0,0
1.450408935546875,0.14886773813046134,17.39259009263254,0,0
1.45623779296875,0.1547462153026369,17.397333751785983,0,0
1.462005615234375,0.16058861108837563,17.402123540465016,0,0
1.467926025390625,0.16639612203099052,17.406959130616,0,0
1.473785400390625,0.17217014223761218,17.41184019405899,0,0
1.4791259765625,0.17791222427758946,17.416766402468905,0,0
1.485260009765625,0.18362399753050226,17.421737427356803,0,0
1.490509033203125,0.1893070560289353,17.42675294005128,0,0
1.49591064453125,0.1949628255628339,17.431812611680012,0,0
1.50146484375,0.20059232427651358,17.436916113151348,0,0
1.507232666015625,0.20619588179807152,17.442063115136058,0,0
1.51287841796875,0.2117729941313459,17.4472532880492,0,0
1.518218994140625,0.2173223052354567,17.45248630203207,0,0
1.52386474609375,0.2228415747636064,17.457761826934284,0,0
1.529449462890625,0.228327610904004,17.46307953229595,0,0
1.535064697265625,0.23377626228386075,17.46843908732999,0,0
1.540679931640625,0.23918250237715996,17.473840160904505,0,0
1.546142578125,0.24454056786127704,17.479282421525348,0,0
1.551910400390625,0.24984413147093903,17.484765537318687,0,0
1.55694580078125,0.2550865043394987,17.4902891760138,0,0
1.562103271484375,0.2602607859817512,17.495853004925863,0,0
1.567413330078125,0.2653598874920309,17.501456690938944,0,0
1.572540283203125,0.27037652722351513,17.50709990048905,0,0
1.57763671875,0.27530330990749996,17.512782299547286,0,0
1.58221435546875,0.2801328293688479,17.518503553603157,0,0
1.587188720703125,0.28485769634830943,17.524263327647926,0,0
1.591552734375,0.28947050020343745,17.530061286158144,0,0
1.596160888671875,0.29396375214745024,17.535897093079214,0,0
1.600677490234375,0.29832983499454435,17.541770411809136,0,0
1.60491943359375,0.30256100494855476,17.547680905182304,0,0
1.6085205078125,0.30664940216254694,17.55362823545345,0,0
1.612823486328125,0.3105869517768987,17.559612064281662,0,0
1.616363525390625,0.31436521294720293,17.56563205271455,0,0
1.620208740234375,0.3179753066534574,17.571687861172485,0,0
1.6236572265625,0.32140791665756485,17.577779149432963,0,0
1.626922607421875,0.32465332184875006,17.583905576615084,0,0
1.6298828125,0.3277014209233562,17.590066801164127,0,0
1.633026123046875,0.33054172679254223,17.59626248083623,0,0
1.635711669921875,0.33316339746446294,17.602492272683207,0,0
1.6383056640625,0.33555535000640924,17.608755833037446,0,0
1.64093017578125,0.33770643833314457,17.61505281749694,0,0
1.64337158203125,0.3396057371489163,17.621382880910396,0,0
1.644683837890625,0.341242926310968,17.6277456773625,0,0
1.646240234375,0.3426085757635375,17.634140860159256,0,0
1.648162841796875,0.343694283331299,17.64056808181345,0,0
1.648773193359375,0.34449290395316895,17.647026994030227,0,0
1.6484375,0.3449988000232591,17.653517247692797,0,0
1.650299072265625,0.34520785193752773,17.66003849284821,1,0
1.64935302734375,0.34511747237862517,17.66659037869329,0,0
1.648590087890625,0.3447267499111293,17.67317255356066,0,0
1.64862060546875,0.3440363875385264,17.679784664904886,0,0
1.64727783203125,0.3430485376884687,17.686426359288756,0,0
1.645843505859375,0.34176677465238764,17.69309728236961,0,0
1.64398193359375,0.3401959947681447,17.699797078885897,0,0
1.642059326171875,0.33834214017417236,17.706525392643723,0,0
1.64031982421875,0.33621193921164716,17.71328186650363,0,0
1.637603759765625,0.3338128028770902,17.720066142367408,0,0
1.63507080078125,0.3311528035503394,17.726877861165086,0,0
1.632049560546875,0.32824060423367457,17.733716662842,0,0
1.629486083984375,0.3250853903420628,17.740582186346018,0,0
1.62548828125,0.32169689408200486,17.74747406961486,0,0
1.6224365234375,0.31808542294011966,17.754391949563548,0,0
1.617919921875,0.31426179630519346,17.761335462071983,0,0
1.614349365234375,0.3102372099664648,17.768304241972665,0,0
1.61016845703125,0.30602310931583715,17.775297923038487,0,0
1.60565185546875,0.3016311516058119,17.782316137970703,0,0
1.601318359375,0.297073207255162,17.78935851838701,0,0
1.596710205078125,0.29236134527077906,17.796424694809758,0,0
1.591644287109375,0.2875078364547629,17.803514296654267,0,0
1.586944580078125,0.28252513718437233,17.81062695221731,0,0
1.58172607421875,0.2774258391402924,17.817762288665715,0,0
1.576263427734375,0.27222260667217435,17.82491993202507,0,0
1.571319580078125,0.2669280618827567,17.832099507168625,0,0
1.56561279296875,0.2615546550030033,17.839300637806247,0,0
1.560272216796875,0.25611456455639436,17.846522946473577,0,0
1.55487060546875,0.2506195922278468,17.85376605452131,0,0
1.549468994140625,0.24508109511605902,17.86102958210457,0,0
1.54345703125,0.23950996423065948,17.868313148172493,0,0
1.537811279296875,0.23391651047605974,17.87561637045788,0,0
1.532196044921875,0.22831022494452427,17.882938865467057,0,0
1.526885986328125,0.22269958179620944,17.89028024846982,0,0
1.521240234375,0.21709200276085747,17.897640133489574,0,0
1.51568603515625,0.2114939094752239,17.905018133293563,0,0
1.51025390625,0.2059107544337687,17.912413859383314,0,0
1.504791259765625,0.20034704100079234,17.919826921985162,0,0
1.499053955078125,0.1948063555094331,17.927256930040976,0,0
1.49420166015625,0.1892913923065659,17.934703491198988,0,0
1.488861083984375,0.18380405846853373,17.942166211804835,0,0
1.483489990234375,0.17834571386272216,17.949644696892694,0,0
1.477691650390625,0.17291736367007676,17.957138550176598,0,0
1.472137451171875,0.16751961444796332,17.96464737404193,0,0
1.466644287109375,0.16215243593034193,17.972170769537026,0,0
1.461639404296875,0.15681492210721115,17.979708336364983,0,0
1.45654296875,0.15150522539479366,17.987259672875595,0,0
1.45123291015625,0.14622066973283493,17.994824376057487,0,0
1.446014404296875,0.1409578850859444,18.002402041530367,0,0
1.441162109375,0.13571288189855013,18.009992263537477,0,0
1.43609619140625,0.1304811649551098,18.01759463493821,0,0
1.43115234375,0.12525794800971252,18.02520874720088,0,0
1.425933837890625,0.12003838967207262,18.032834190395675,0,0
1.4207763671875,0.11481775993610678,18.040470553187753,0,0
1.416015625,0.10959154720329024,18.048117422830575,0,0
1.4110107421875,0.10435562044481839,18.055774385159353,0,0
1.40618896484375,0.09910651290165971,18.063441024584684,0,0
1.40142822265625,0.09384178815698391,18.071116924086386,0,0
1.39642333984375,0.08856045748469944,18.07880166520751,0,0
1.391754150390625,0.08326342737882846,18.08649482804851,0,0
1.386871337890625,0.07795396801013008,18.09419599126163,0,0
1.377197265625,0.0726378540115579,18.10190473204543,0,0
1.3720703125,0.0673224081482733,18.109620626139563,0,0
1.367034912109375,0.062014728452604716,18.11734324781969,0,0
1.362548828125,0.05672057319833861,18.125072169892594,0,0
1.357421875,0.051444397234293504,18.13280696369151,0,0
1.352264404296875,0.046189794893189036,18.14054719907163,0,0
1.347686767578125,0.040959841864311446,18.1482924444058,0,0
1.342193603515625,0.03575735348894418,18.156042266580435,0,0
1.3375244140625,0.03058510513182352,18.163796230991608,0,0
1.332244873046875,0.025445981006220725,18.17155390154137,0,0
1.327301025390625,0.020343068187650436,18.179314840634255,0,0
1.322021484375,0.015279689812551941,18.18707860917399,0,0
1.317230224609375,0.010259360010714626,18.194844766560422,0,0
1.31243896484375,0.005285740987278138,18.202612870686632,0,0
1.30767822265625,0.0003626938209617195,18.21038247793631,0,0
1.302520751953125,-0.0045056270928596626,18.21815314318128,0,0
1.29791259765625,-0.00931476837008162,18.225924419779282,0,0
1.292999267578125,-0.014060065720099948,18.233695859571966,0,0
1.28851318359375,-0.018736732927825586,18.241467012883092,0,0
1.284088134765625,-0.023339897841876893,18.24923742851695,0,0
1.279327392578125,-0.02786458642995699,18.25700665375703,0,0
1.2747802734375,-0.032305747305007,18.26477423436488,0,0
1.2703857421875,-0.036658395464539105,18.27253971457921,0,0
1.2657470703125,-0.040917828481392304,18.280302637115238,0,0
1.261871337890625,-0.04507985670381462,18.288062543164237,0,0
1.258026123046875,-0.04914096131763085,18.29581897239332,0,0
1.253936767578125,-0.053098296001594415,18.303571462945506,0,0
1.25018310546875,-0.05694963201757436,18.311319551439947,0,0
1.246612548828125,-0.060693355049672285,18.319062772972458,0,0
1.24298095703125,-0.0643284572603033,18.32680066111625,0,0
1.23931884765625,-0.06785451285342824,18.334532747922918,0,0
1.236236572265625,-0.07127169535006607,18.342258563923682,0,0
1.233184814453125,-0.07458076644165355,18.349977638130877,0,0
1.229339599609375,-0.0777829975344888,18.35768949803964,0,0
1.226531982421875,-0.08088019409159442,18.365393669629945,0,0
1.22406005859375,-0.08387481434675231,18.3730896773688,0,0
1.221435546875,-0.08676989295873568,18.38077704421273,0,0
1.21844482421875,-0.08956875778333859,18.38845529161055,0,0
1.21588134765625,-0.09227483300244242,18.396123939506346,0,0
1.212982177734375,-0.09489163907131246,18.403782506342747,0,0
1.210784912109375,-0.09742288064025928,18.411430509064434,0,0
1.2083740234375,-0.09987249729030664,18.419067463121966,0,0
1.2060546875,-0.10224462695824914,18.426692882475802,0,0
1.2037353515625,-0.10454355031608284,18.43430627960065,0,0
1.2015380859375,-0.10677368874349347,18.441907165490065,0,0
1.199462890625,-0.10893963256247668,18.44949504966128,0,0
1.197418212890625,-0.11104615089650105,18.457069440160424,0,0
1.195648193359375,-0.11309815714057905,18.464629843567863,0,0
1.193389892578125,-0.11510064038089729,18.472175765003964,0,0
1.1915283203125,-0.11705863679112499,18.479706708135033,0,0
1.190185546875,-0.11897723740062371,18.48722217517959,0,0
1.188232421875,-0.12086148728302529,18.494721666914934,0,0
1.18646240234375,-0.1227161863159498,18.50220468268394,0,0
1.184814453125,-0.12454575685533431,18.509670720402205,0,0
1.18341064453125,-0.126354154760033,18.517119276565463,0,0
1.180908203125,-0.1281447572594639,18.52454984625726,0,0
1.17938232421875,-0.1299203735573813,18.531961923156977,0,0
1.178009033203125,-0.13168338548687097,18.539354999548102,0,0
1.176239013671875,-0.1334357639539718,18.546728566326838,0,0
1.174407958984375,-0.13517894688679616,18.554082113010963,0,0
1.172760009765625,-0.13691379530072992,18.561415127749058,0,0
1.170989990234375,-0.1386406509390837,18.568727097329948,0,0
1.168792724609375,-0.14035943963692116,18.57601750719254,0,0
1.167694091796875,-0.14206983563211004,18.58328584143589,0,0
1.166046142578125,-0.1437713634586802,18.59053158282966,0,0
1.163818359375,-0.1454633623638183,18.597754212824768,0,0
1.162109375,-0.14714504619067414,18.60495321156447,0,0
1.16082763671875,-0.14881572993042788,18.612128057895692,0,0
1.158966064453125,-0.15047496589424833,18.619278229380658,0,0
1.157501220703125,-0.15212253299128584,18.626403202308907,0,0
1.15618896484375,-0.15375840264524865,18.633502451709543,0,0
1.154052734375,-0.15538269765518828,18.64057545136386,0,0
1.15289306640625,-0.1569956942538587,18.64762167381826,0,0
1.151458740234375,-0.1585978603791997,18.654640590397527,0,0
1.149658203125,-0.16018981358087442,18.661631671218373,0,0
1.14892578125,-0.16177221406718395,18.668594385203352,0,0
1.146392822265625,-0.16334565850847835,18.67552820009508,0,0
1.145263671875,-0.1649106697626571,18.68243258247078,0,0
1.14404296875,-0.16646780005665093,18.68930699775719,0,0
1.14251708984375,-0.16801762353253402,18.69615091024572,0,0
1.141357421875,-0.1695605583143169,18.702963783108064,0,0
1.139129638671875,-0.17109672743385285,18.709745078412016,0,0
1.138153076171875,-0.17262598832565587,18.716494257137704,0,0
1.136688232421875,-0.17414802590743425,18.723210779194137,0,0
1.135345458984375,-0.17566232241493726,18.72989410343607,0,0
1.134490966796875,-0.17716798851744767,18.73654368768123,0,0
1.13189697265625,-0.17866358663157095,18.74315898872787,0,0
1.13128662109375,-0.1801471188069634,18.749739462372663,0,0
1.12908935546875,-0.18161617866194554,18.756284563428913,0,0
1.127655029296875,-0.18306813040145375,18.762793745745174,0,0
1.126678466796875,-0.18450029221450095,18.769266462224138,0,0
1.12469482421875,-0.18591006289837483,18.775702164841874,0,0
1.123992919921875,-0.18729496266045478,18.782100304667484,0,0
1.121612548828125,-0.18865270038955667,18.78846033188299,0,0
1.12115478515625,-0.18998132025932674,18.794781695803675,0,0
1.11956787109375,-0.1912793343281214,18.801063844898685,0,0
1.11871337890625,-0.1925457155605453,18.807306226812024,0,0
1.117340087890625,-0.19377980316760415,18.813508288383893,0,0
1.11627197265625,-0.19498124246297524,18.819669475672338,0,0
1.114532470703125,-0.1961500194096461,18.825789233975303,0,0
1.114105224609375,-0.19728659928667647,18.83186700785298,0,0
1.11224365234375,-0.19839206660935788,18.837902241150555,0,0
1.112091064453125,-0.19946819246181974,18.84389437702123,0,0
1.110107421875,-0.20051746417874802,18.849842857949678,0,0
1.109527587890625,-0.20154315486922333,18.855747125775803,0,0
1.109893798828125,-0.2025493499011955,18.86160662171884,0,0
1.10736083984375,-0.20354072368796708,18.867420786401816,0,0
1.1072998046875,-0.20452231303858304,18.87318905987639,0,0
1.107513427734375,-0.2054994597714194,18.878910881647965,0,0
1.10711669921875,-0.2064774157675539,18.884585690701254,0,0
1.104736328125,-0.207460639405678,18.89021292552609,0,0
1.104766845703125,-0.208452512425524,18.895792024143656,0,0
1.10491943359375,-0.2094553748119636,18.90132242413303,0,0
1.1029052734375,-0.21047023595337702,18.906803562658098,0,0
1.102447509765625,-0.2114963810158049,18.91223487649478,0,0
1.101837158203125,-0.21253126871656242,18.91761580205864,0,0
1.09979248046875,-0.21357051443628092,18.922945775432833,0,0
1.09967041015625,-0.2146079184927958,18.92822423239638,0,0
1.097900390625,-0.21563561532739475,18.933450608452794,0,0
1.0972900390625,-0.21664421394606292,18.938624338859068,0,0
1.095733642578125,-0.21762294999046825,18.94374485865498,0,0
1.094696044921875,-0.21855993764016332,18.948811602692764,0,0
1.0943603515625,-0.2194424537709794,18.953824005667098,0,0
1.0924072265625,-0.22025714932867993,18.958781502145456,0,0
1.09228515625,-0.22099027537401428,18.96368352659878,0,0
1.091766357421875,-0.22162795047768993,18.968529513432493,0,0
1.0899658203125,-0.22215635076253737,18.97331889701786,0,0
1.0899658203125,-0.22256201396888986,18.978051111723676,0,0
1.089996337890625,-0.22283228911208405,18.982725591948277,0,0
1.09033203125,-0.22295550473172454,18.987341772151897,0,1
1.089996337890625,-0.22292079977152965,18.991935448146034,0,0
1.090118408203125,-0.22271801410971723,18.996542684420938,0,0
1.09014892578125,-0.2223378433341279,19.001163318307636,0,0
1.091461181640625,-0.22177209639111753,19.00579718685065,0,0
1.092437744140625,-0.22101375905722903,19.010444126805407,0,0
1.092529296875,-0.22005686145586845,19.01510397463569,0,0
1.0948486328125,-0.21889644532093994,19.019776566511144,0,0
1.095947265625,-0.21752859270234168,19.02446173830478,0,0
1.097442626953125,-0.21595032157070027,19.029159325590484,0,0
1.09967041015625,-0.2141595013318899,19.03386916364062,0,0
1.101837158203125,-0.21215482394962445,19.038591087423573,0,0
1.104156494140625,-0.20993567846591224,19.043324931601376,0,0
1.106170654296875,-0.20750203560603933,19.048070530527358,0,0
1.109344482421875,-0.2048544870025204,19.052827718243773,0,0
1.112335205078125,-0.2019943023297791,19.05759632847951,0,0
1.115570068359375,-0.19892333724288688,19.062376194647822,0,0
1.118743896484375,-0.19564388423972287,19.067167149844014,0,0
1.122528076171875,-0.19215860585471548,19.07196902684326,0,0
1.1259765625,-0.18847052714873838,19.076781658098366,0,0
1.130096435546875,-0.1845830501782773,19.081604875737593,0,0
1.134307861328125,-0.18049997539957693,19.086438511562513,0,0
1.13885498046875,-0.17622546211802542,19.091282397045862,0,0
1.14349365234375,-0.17176389850915613,19.09613636332945,0,0
1.14825439453125,-0.1671197358313643,19.10100024122209,0,0
1.153411865234375,-0.16229733217473646,19.10587386119754,0,0
1.15838623046875,-0.15730080316690298,19.110757053392483,0,0
1.163421630859375,-0.15213391585899966,19.11564964760456,0,0
1.168487548828125,-0.14680012593637504,19.12055147329035,0,0
1.173980712890625,-0.14130277641286076,19.125462359563507,0,0
1.1798095703125,-0.1356453255690786,19.13038213519278,0,0
1.185516357421875,-0.1298314742203503,19.13531062860017,0,0
1.190948486328125,-0.12386526067198061,19.14024766785908,0,0
1.197052001953125,-0.11775129627397432,19.14519308069247,0,0
1.203094482421875,-0.11149512010937837,19.15014669447107,0,0
1.209259033203125,-0.10510352734582894,19.155108336211622,0,0
1.21533203125,-0.09858488187101566,19.160077832575126,0,0
1.2220458984375,-0.09194947930569826,19.165055009865142,0,0
1.228546142578125,-0.08520989011114778,19.1700396940261,0,0
1.23516845703125,-0.07838122164248093,19.175031710641658,0,0
1.241943359375,-0.07148136076207869,19.180030884933068,0,0
1.2552490234375,-0.06453074329568341,19.185037041757603,0,0
1.262298583984375,-0.05755062996641094,19.190050005606984,0,0
1.268585205078125,-0.050560386404243894,19.19506960060584,0,0
1.275482177734375,-0.0435758266394783,19.200095650510217,0,0
1.282318115234375,-0.03660912331115666,19.205127978706113,0,0
1.288726806640625,-0.029669193418258404,19.210166408208018,0,0
1.295135498046875,-0.02276210214945634,19.215210761657513,0,0
1.3018798828125,-0.01589158223385294,19.2202608613219,0,0
1.308685302734375,-0.009059548440390038,19.225316529092847,0,0
1.3153076171875,-0.0022664509463191304,19.23037758648505,0,0
1.32147216796875,0.004488451506851773,19.235443854634987,0,0
1.32843017578125,0.011206745170329713,19.24051515429963,0,0
1.334747314453125,0.01789049179337099,19.245591305855243,0,0
1.34161376953125,0.024541955961545986,19.250672129296184,0,0
1.34796142578125,0.031163413945080737,19.255757444233737,0,0
1.3548583984375,0.03775700092397952,19.26084706989501,0,0
1.36114501953125,0.04432459659418403,19.265940825121824,0,0
1.368011474609375,0.05086773782804073,19.271038528369655,0,0
1.374359130859375,0.0573875495646492,19.2761399977066,0,0
1.381103515625,0.0638846991243223,19.281245050812398,0,0
1.387542724609375,0.07035937045591271,19.286353504977463,0,0
1.394256591796875,0.07681126214524205,19.291465177101948,0,0
1.40087890625,0.08323963173744627,19.296579883694843,0,0
1.407318115234375,0.08964338887468475,19.301697440873156,0,0
1.413970947265625,0.09602119686750162,19.306817664361038,0,0
1.420257568359375,0.10237155181770034,19.31194036948901,0,0
1.426910400390625,0.10869284520609153,19.317065371193223,0,0
1.433135986328125,0.11498342293901403,19.322192484014693,0,0
1.43951416015625,0.12124163348897724,19.32732152209866,0,0
1.445831298828125,0.12746584418889548,19.3324522991939,0,0
1.452056884765625,0.13365443898800405,19.337584628652124,0,0
1.458740234375,0.1398058497213944,19.34271832342739,0,0
1.46453857421875,0.14591865233142462,19.347853196075558,0,0
1.470703125,0.15199164309507837,19.352989058753778,0,0
1.476318359375,0.1580237619786011,19.35812572322001,0,0
1.482391357421875,0.16401386705969406,19.363263000832596,0,0
1.488433837890625,0.16996048947078035,19.368400702549856,0,0
1.49493408203125,0.17586173262972782,19.373538638929706,0,0
1.500823974609375,0.1817153975097522,19.378676620129347,0,0
1.506256103515625,0.18751917644079558,19.383814455904975,0,0
1.51220703125,0.19327066700733114,19.388951955611507,0,0
1.5181884765625,0.19896724974546698,19.39408892820239,0,0
1.52374267578125,0.20460605603115567,19.399225182229387,0,0
1.52947998046875,0.21018402255223959,19.404360525842474,0,0
1.535369873046875,0.21569793771234022,19.409494766789724,0,0
1.540557861328125,0.2211445108138672,19.41462771241721,0,0
1.5458984375,0.2265204107231013,19.41975916966904,0,0
1.5516357421875,0.23182220496569672,19.424888945087307,0,0
1.5567626953125,0.2370463263788761,19.43001684481218,0,0
1.5621337890625,0.24218913528041508,19.435142674581986,0,0
1.5672607421875,0.24724698559230074,19.440266239733322,0,0
1.572357177734375,0.25221626946887504,19.44538734520125,0,0
1.57733154296875,0.2570934628706826,19.4505057955195,0,0
1.582183837890625,0.26187516259685917,19.455621394820692,0,0
1.58697509765625,0.2665581097683648,19.460733946836662,0,0
1.5916748046875,0.2711392083129687,19.465843254898765,0,0
1.59625244140625,0.2756155513994613,19.470949121938272,0,0
1.600860595703125,0.2799844662731382,19.476051350486745,0,0
1.60491943359375,0.2842435648922868,19.481149742676532,0,0
1.6087646484375,0.2883907123228103,19.4862441002412,0,0
1.61328125,0.29242386574053225,19.49133422451615,0,0
1.61712646484375,0.2963409396376445,19.496419916439123,0,0
1.62066650390625,0.30013977977345957,19.50150097655084,0,0
1.62457275390625,0.3038180958697717,19.50657720499569,0,0
1.627655029296875,0.3073732966185462,19.51164840152239,0,0
1.63140869140625,0.31080229626517736,19.516714365484766,0,0
1.6348876953125,0.3141013670294022,19.5217748958425,0,0
1.638031005859375,0.3172661189125397,19.526829791162005,0,0
1.641143798828125,0.3202915499238142,19.53187884961727,0,0
1.643890380859375,0.32317203975011727,19.536921868990788,0,0
1.647186279296875,0.32590130880743573,19.541958646674516,0,0
1.64971923828125,0.3284724610943154,19.54698897967087,0,0
1.652435302734375,0.33087812961328444,19.552012664593775,0,0
1.654815673828125,0.3331106365332913,19.557029497669777,0,0
1.65679931640625,0.3351621172199515,19.562039274739153,0,0
1.658721923828125,0.33702457595672325,19.5670417912571,0,0
1.660614013671875,0.33868987348656254,19.572036842294985,0,0
1.662506103515625,0.3401497607198759,19.57702422254157,0,0
1.663177490234375,0.34139599556657907,19.582003726304357,0,0
1.66546630859375,0.3424204476606712,19.586975147510955,0,0
1.665771484375,0.34321524378724566,19.591938279710465,0,0
1.666290283203125,0.3437729610247021,19.59689291607496,0,0
1.667999267578125,0.34408674892328256,19.601838849400938,0,0
1.66815185546875,0.34415059645240037,19.606775872110916,1,0
1.6683349609375,0.3439598740804518,19.611703776255002,0,0
1.66644287109375,0.34351169885988947,19.616622353512508,0,0
1.665924072265625,0.3428047193612678,19.621531395193674,0,0
1.6656494140625,0.34183859552173884,19.62643069224138,0,0
1.663909912109375,0.34061374585340176,19.631320035232903,0,0
1.6629638671875,0.3391313882176231,19.63619921438178,0,0
1.660736083984375,0.3373935479130767,19.64106801953966,0,0
1.658935546875,0.3354029564513975,19.64592624019821,0,0
1.65692138671875,0.3331629185988971,19.650773665491126,0,0
1.654571533203125,0.3306772586696771,19.655610084196095,0,0
1.652069091796875,0.3279503878204456,19.6604352847369,0,0
1.64923095703125,0.3249874101512153,19.665249055185512,0,0
1.64593505859375,0.3217941959847062,19.67005118326425,0,0
1.64288330078125,0.3183773955089293,19.674841456348002,0,0
1.63934326171875,0.3147444449281628,19.679619661466475,0,0
1.63531494140625,0.31090360269442946,19.6843855853065,0,0
1.63128662109375,0.3068639157341654,19.689139014214394,0,0
1.627227783203125,0.3026350831236231,19.69387973419836,0,0
1.62255859375,0.2982273183794385,19.698607530930953,0,0
1.61859130859375,0.2936512561038287,19.703322189751564,0,0
1.613494873046875,0.2889179138198936,19.70802349566898,0,0
1.60894775390625,0.28403868728506826,19.712711233364026,0,0
1.60369873046875,0.27902530236216844,19.717385187192153,0,0
1.599029541015625,0.2738897350125806,19.7220451411862,0,0
1.593292236328125,0.2686441493874702,19.726690879059124,0,0
1.588165283203125,0.2633007988918477,19.731322184206796,0,0
1.582611083984375,0.2578718509213222,19.73593883971089,0,0
1.577301025390625,0.2523692167796888,19.74054062834175,0,0
1.571685791015625,0.24680444560166362,19.745127332561385,0,0
1.56658935546875,0.24118868201566238,19.749698734526458,0,0
1.560821533203125,0.23553270801946846,19.754254616091348,0,0
1.555145263671875,0.22984701235256108,19.758794758811266,0,0
1.549468994140625,0.2241417672410894,19.763318943945418,0,0
1.543975830078125,0.21842673419988085,19.76782695246022,0,0
1.538116455078125,0.21271119858785528,19.77231856503257,0,0
1.532684326171875,0.20700392827074515,19.776793562053165,0,0
1.527252197265625,0.2013131522428307,19.781251723629843,0,0
1.521240234375,0.19564658294458656,19.78569282959107,0,0
1.515655517578125,0.19001137900816134,19.790116659489353,0,0
1.510284423828125,0.18441399605439324,19.794522992604797,0,0
1.504730224609375,0.1788600699936953,19.798911607948696,0,0
1.499420166015625,0.17335440060469698,19.80328228426712,0,0
1.494232177734375,0.16790098088151223,19.80763480004466,0,0
1.4888916015625,0.16250306632425388,19.81196893350813,0,0
1.483489990234375,0.15716324731364983,19.816284462630353,0,0
1.478363037109375,0.15188344531785947,19.82058116513403,0,0
1.473297119140625,0.14666486400385303,19.824858818495624,0,0
1.468292236328125,0.1415079864652004,19.829117199949298,0,0
1.4630126953125,0.1364126034741224,19.83335608649095,0,0
1.458648681640625,0.13137782200102005,19.83757525488224,0,0
1.453460693359375,0.12640211343376037,19.841774481654706,0,0
1.448638916015625,0.12148340470038105,19.84595354311394,0,0
1.44403076171875,0.11661910910610507,19.850112215343792,0,0
1.439239501953125,0.1118061265996601,19.85425027421065,0,0
1.434539794921875,0.10704087576887214,19.85836749536775,0,0
1.429901123046875,0.10231930652836213,19.862463654259578,0,0
1.4251708984375,0.09763687042082456,19.866538526126266,0,0
1.42083740234375,0.09298848306819299,19.870591886008103,0,0
1.41644287109375,0.0883685389768114,19.874623508750084,0,0
1.41156005859375,0.0837709870119337,19.878633169006463,0,0
1.407623291015625,0.07918938193723325,19.882620641245435,0,0
1.4034423828125,0.07461696692431848,19.886585699753812,0,0
1.399139404296875,0.07004692884764031,19.890528118641804,0,0
1.394927978515625,0.06547274943432108,19.894447671847807,0,0
1.39080810546875,0.060888529578153425,19.898344133143254,0,0
1.386322021484375,0.056289302759355064,19.902217276137566,0,0
1.38165283203125,0.05167129359801441,19.90606687428309,0,0
1.377197265625,0.04703202196563165,19.90989270088015,0,0
1.372802734375,0.04237030923590611,19.913694529082072,0,0
1.367767333984375,0.03768628981751071,19.9174721319004,0,0
1.36309814453125,0.0329813587542063,19.921225282210003,0,0
1.358306884765625,0.02825798935157174,19.92495375275435,0,0
1.353363037109375,0.02351950168200069,19.92865731615081,0,0
1.348785400390625,0.01876983890468626,19.932335744895973,0,0
1.343597412109375,0.014013345818732238,19.93598881137107,0,0
1.338897705078125,0.009254522821481294,19.93961628784743,0,0
1.33416748046875,0.00449775536251798,19.94321794649196,0,0
1.330047607421875,-0.00025285360990175143,19.946793559372754,0,0
1.3250732421875,-0.004993448207493964,19.95034289846466,0,0
1.3206787109375,-0.009720302310713316,19.953865735654976,0,0
1.31585693359375,-0.01442977567751108,19.957361842749187,0,0
1.311676025390625,-0.019118316157811607,19.96083099147668,0,0
1.306854248046875,-0.02378242127419633,19.964272953496653,0,0
1.302398681640625,-0.028418586301454357,19.967687500403944,0,0
1.2979736328125,-0.03302329783828331,19.97107440373497,0,0
1.293182373046875,-0.037593058863603576,19.974433434973747,0,0
1.2889404296875,-0.04212444484957868,19.977764365557892,0,0
1.284515380859375,-0.04661417900588699,19.98106696688476,0,0
1.280426025390625,-0.05105914399507122,19.984341010317547,0,0
1.2757568359375,-0.05545633172493539,19.98758626719151,0,0
1.271453857421875,-0.059802855782613865,19.990802508820245,0,0
1.267333984375,-0.06409607105841009,19.993989506501936,0,0
1.263427734375,-0.06833366702690319,19.997147031525774,0,0
1.259246826171875,-0.072513632822443,20.000274855178308,0,0
1.25555419921875,-0.07663415618079045,20.00337274874995,0,0
1.2513427734375,-0.08069352954254407,20.006440483541468,0,0
1.2479248046875,-0.0846900703183084,20.009477830870555,0,0
1.24395751953125,-0.08862202571412713,20.01248456207844,0,0
1.240631103515625,-0.0924874325317702,20.015460448536572,0,0
1.23681640625,-0.09628394811899019,20.01840526165331,0,0
1.233551025390625,-0.10000868492223938,20.021318772880722,0,0
1.230377197265625,-0.10365802688626242,20.02420075372139,0,0
1.22381591796875,-0.10722761159281674,20.02705097573529,0,0
1.2210693359375,-0.11071296299130563,20.029869210546693,0,0
1.2177734375,-0.11411057083840631,20.03265522985117,0,0
1.214752197265625,-0.11741850813736303,20.035408805422573,0,0
1.212188720703125,-0.12063639310606836,20.038129709120152,0,0
1.20941162109375,-0.12376508975853082,20.04081771289564,0,0
1.2066650390625,-0.12680632833966313,20.04347258880044,0,0
1.20379638671875,-0.1297623686732606,20.046094108992836,0,0
1.20123291015625,-0.13263579643966333,20.04868204574527,0,0
1.1988525390625,-0.13542937741748165,20.051236171451656,0,0
1.195953369140625,-0.13814589188468726,20.05375625863474,0,0
1.193511962890625,-0.1407880215089004,20.05624207995351,0,0
1.19110107421875,-0.14335834494346375,20.058693408210683,0,0
1.18902587890625,-0.14585932507853605,20.061110016360175,0,0
1.1864013671875,-0.14829321203291781,20.063491677514687,0,0
1.184173583984375,-0.1506619708091746,20.0658381649533,0,0
1.181884765625,-0.1529673199444826,20.068149252129096,0,0
1.17974853515625,-0.15521081720985794,20.070424712676918,0,0
1.17779541015625,-0.15739391262545696,20.07266432042103,0,0
1.17572021484375,-0.15951795083172807,20.074867849382976,0,0
1.173553466796875,-0.16158416661826192,20.07703507378937,0,0
1.171234130859375,-0.1635937790412297,20.079165768079786,0,0
1.16998291015625,-0.16554818465048377,20.081259706914686,0,0
1.1683349609375,-0.1674490337438566,20.08331666518337,0,0
1.16619873046875,-0.169298101221157,20.08533641801201,0,0
1.164520263671875,-0.17109720321048594,20.08731874077168,0,0
1.1632080078125,-0.1728482691720932,20.08926340908647,0,0
1.161102294921875,-0.17455339403174258,20.09117019884162,0,0
1.15997314453125,-0.17621484738742516,20.09303888619171,0,0
1.15899658203125,-0.17783504636572117,20.094869247568862,0,0
1.15643310546875,-0.17941642573494399,20.09666105969105,0,0
1.1563720703125,-0.18096134395328103,20.09841409957035,0,0
1.15399169921875,-0.18247205439978081,20.10012814452134,0,0
1.15325927734375,-0.18395063202834924,20.101802972169462,0,0
1.151458740234375,-0.1853989394995564,20.103438360459457,0,0
1.150390625,-0.18681866456701915,20.105034087663835,0,0
1.149200439453125,-0.18821134440337026,20.106589932391387,0,0
1.14794921875,-0.18957833378726083,20.108105673595716,0,0
1.14654541015625,-0.19092075184237636,20.10958109058384,0,0
1.145965576171875,-0.1922394536870089,20.111015963024816,0,0
1.14410400390625,-0.1935349779208638,20.11241007095837,0,0
1.143707275390625,-0.19480747819171165,20.11376319480363,0,0
1.141693115234375,-0.19605670671586994,20.115075115367848,0,0
1.141571044921875,-0.19728203367848757,20.11634561385514,0,0
1.1392822265625,-0.19848247542739356,20.117574471875354,0,0
1.139434814453125,-0.19965674351633028,20.118761471452835,0,0
1.137481689453125,-0.2008032791947717,20.119906395035358,0,0
1.136749267578125,-0.20192027022919867,20.12100902550299,0,0
1.13580322265625,-0.20300572929335123,20.122069146177072,0,0
1.134246826171875,-0.20405761764548147,20.123086540829163,0,0
1.134246826171875,-0.20507396145128146,20.12406099369006,0,0
1.13232421875,-0.2060529332429964,20.12499228945881,0,0
1.131866455078125,-0.20699294162240964,20.125880213311827,0,0
1.131988525390625,-0.20789272657313787,20.126724550911945,0,0
1.1304931640625,-0.20875125022939636,20.12752508841757,0,0
1.129425048828125,-0.20956753294731978,20.128281612491833,0,0
1.129425048828125,-0.21034077342400723,20.128993910311767,0,0
1.1295166015625,-0.21107044171215875,20.12966176957754,0,0
1.128570556640625,-0.21175598830274492,20.130284978521694,0,0
1.126861572265625,-0.21239658065918804,20.130863325918394,0,0
1.1265869140625,-0.21299137189087872,20.131396601092757,0,0
1.126617431640625,-0.21354001712208814,20.13188459393015,0,0
1.12689208984375,-0.21404279716028318,20.132327094885532,0,0
1.12677001953125,-0.21450024476132482,20.13272389499287,0,0
1.127197265625,-0.21491259534331425,20.133074785874467,0,0
1.126983642578125,-0.2152792589788816,20.133379559750438,0,0
1.126739501953125,-0.21559839693134922,20.133638009448127,0,0
1.12457275390625,-0.21586686201598398,20.133849928411557,0,0
1.12445068359375,-0.21608078525113364,20.134015110710955,0,0
1.1246337890625,-0.21623651023867652,20.134133351052206,0,0
1.12457275390625,-0.21633118032151527,20.134204444786427,0,0
1.1246337890625,-0.2163628536273394,20.13422818791946,0,1
1.124481201171875,-0.21633053390996615,20.13420532305976,0,0
1.1268310546875,-0.21623414674560357,20.13413688930495,0,0
1.126708984375,-0.21607410483706288,20.13402312835066,0,0
1.12713623046875,-0.2158505799417747,20.133864282496052,0,0
1.12725830078125,-0.21556308653571796,20.13366059463297,0,0
1.127044677734375,-0.21521056497135305,20.133412308235116,0,0
1.12823486328125,-0.2147916957622277,20.133119667347238,0,0
1.12957763671875,-0.214305062769909,20.132782916574417,0,0
1.129486083984375,-0.21374895233675417,20.13240230107134,0,0
1.130096435546875,-0.2131211481665405,20.131978066531666,0,0
1.13201904296875,-0.2124189955923455,20.131510459177363,0,0
1.131927490234375,-0.2116394143393842,20.13099972574817,0,0
1.13330078125,-0.21077880371556046,20.13044611349104,0,0
1.13433837890625,-0.20983308785020768,20.12984987014966,0,0
1.135223388671875,-0.20879781862314536,20.129211243953993,0,0
1.136627197265625,-0.20766825204592668,20.128530483609904,0,0
1.137786865234375,-0.20643945556367305,20.127807838288778,0,0
1.13916015625,-0.20510642430817416,20.127043557617235,0,0
1.141387939453125,-0.2036641549291495,20.126237891666864,0,0
1.142364501953125,-0.20210762128892615,20.125391090944007,0,0
1.144378662109375,-0.20043174916374853,20.124503406379613,0,0
1.146453857421875,-0.19863150306515084,20.123575089319107,0,0
1.1484375,-0.19670194981146377,20.12260639151234,0,0
1.150726318359375,-0.19463823181642337,20.12159756510357,0,0
1.15277099609375,-0.192435567655832,20.120548862621522,0,0
1.15521240234375,-0.1900893426505817,20.119460536969438,0,0
1.158172607421875,-0.18759523343479267,20.11833284141527,0,0
1.16046142578125,-0.18494927146618328,20.117166029581842,0,0
1.16363525390625,-0.1821478846199089,20.1159603554371,0,0
1.166534423828125,-0.17918799208213906,20.11471607328445,0,0
1.169647216796875,-0.17606711554760995,20.113433437753063,0,0
1.173248291015625,-0.17278348730651458,20.11211270378834,0,0
1.177093505859375,-0.16933610549210037,20.110754126642345,0,0
1.180633544921875,-0.16572467012769382,20.109357961864344,0,0
1.184356689453125,-0.16194951977538802,20.107924465291386,0,0
1.188812255859375,-0.15801168091609943,20.10645389303893,0,0
1.19256591796875,-0.1539129361499339,20.104946501491547,0,0
1.1973876953125,-0.14965585513853083,20.10340254729368,0,0
1.20172119140625,-0.14524381567158778,20.101822287340443,0,0
1.206634521484375,-0.14068099123094863,20.10020597876849,0,0
1.2115478515625,-0.13597230105302777,20.098553878946948,0,0
1.21649169921875,-0.13112334289875827,20.096866245468416,0,0
1.221710205078125,-0.12614033245411016,20.09514333613998,0,0
1.226959228515625,-0.1210300678988448,20.09338540897436,0,0
1.23272705078125,-0.11579987360765853,20.091592722181044,0,0
1.237945556640625,-0.11045748314473364,20.08976553415755,0,0
1.243896484375,-0.10501091234930736,20.087904103480675,0,0
1.249847412109375,-0.09946833641586082,20.086008688897902,0,0
1.255401611328125,-0.09383791848622657,20.084079549318762,0,0
1.261688232421875,-0.08812763969558374,20.08211694380634,0,0
1.2672119140625,-0.0823451965644153,20.08012113156882,0,0
1.273773193359375,-0.07649793600641311,20.07809237195105,0,0
1.279876708984375,-0.07059275518540495,20.076030924426263,0,0
1.285980224609375,-0.06463592585691594,20.073937048587755,0,0
1.291900634765625,-0.05863295616039841,20.071811004140717,0,0
1.298095703125,-0.05258861029628122,20.069653050894065,0,0
1.304534912109375,-0.04650700202390297,20.06746344875239,0,0
1.310638427734375,-0.040391623935523716,20.065242457707914,0,0
1.3167724609375,-0.034245343938423975,20.062990337832574,0,0
1.323150634765625,-0.02807047408581297,20.060707349270103,0,0
1.329132080078125,-0.021868903572631954,20.05839375222826,0,0
1.335601806640625,-0.015642256306558466,20.056049806971032,0,0
1.341766357421875,-0.00939206122284924,20.053675773810987,0,0
1.348114013671875,-0.0031199124054080915,20.051271913101623,0,0
1.3546142578125,0.003172387839688748,20.048838485229844,0,0
1.360870361328125,0.009482714393478739,20.04637575060846,0,0
1.367340087890625,0.015808524321624454,20.043883969668748,0,0
1.373443603515625,0.022146727350711798,20.041363402853158,0,0
1.379638671875,0.028493470593321364,20.03881431060796,0,0
1.385772705078125,0.034843814526941894,20.036236953376083,0,0
1.39208984375,0.04119134450398316,20.033631591589916,0,0
1.3980712890625,0.047527784055566506,20.03099848566427,0,0
1.404449462890625,0.05384261652802648,20.02833789598934,0,0
1.416534423828125,0.060123170111447743,20.025650082923754,0,0
1.422332763671875,0.06635605983143307,20.022935306787716,0,0
1.42828369140625,0.07252945541044546,20.020193827856172,0,0
1.434051513671875,0.0786343511679322,20.017425906352095,0,0
1.440093994140625,0.08466448171003335,20.014631802439776,0,0
1.44598388671875,0.09061587587030571,20.011811776218263,0,0
1.45159912109375,0.09648650631119317,20.008966087714782,0,0
1.457672119140625,0.10227597908961883,20.006094996878307,0,0
1.4630126953125,0.10798524831211408,20.003198763573128,0,0
1.46856689453125,0.11361633214545555,20.00027764757255,0,0
1.47381591796875,0.11917195018131843,19.997331908552617,0,0
1.479583740234375,0.12465511041712504,19.994361806085916,0,0
1.485321044921875,0.13006881005426443,19.991367599635474,0,0
1.490753173828125,0.13541594759478293,19.988349548548687,0,0
1.495849609375,0.14069931994337237,19.985307912051336,0,0
1.501220703125,0.14592151205000858,19.982242949241694,0,0
1.5068359375,0.15108471933728612,19.97915491908464,0,0
1.511993408203125,0.15619068251503046,19.976044080405924,0,0
1.517364501953125,0.16124073917725418,19.972910691886433,0,0
1.522247314453125,0.16623586014519906,19.969755012056567,0,0
1.5269775390625,0.17117657320471782,19.96657729929066,0,0
1.532440185546875,0.1760627732992796,19.96337781180149,0,0
1.537322998046875,0.18089357622955538,19.96015680763484,0,0
1.542022705078125,0.18566729839267626,19.956914544664144,0,0
1.5469970703125,0.19038141793803265,19.953651280585188,0,0
1.55194091796875,0.19503248530742662,19.950367272910903,0,0
1.556365966796875,0.19961608435421385,19.947062778966185,0,0
1.56134033203125,0.20412681184433917,19.94373805588284,0,0
1.5660400390625,0.2085582624606758,19.940393360594545,0,0
1.5701904296875,0.21290306907894221,19.93702894983192,0,0
1.5748291015625,0.21715291476675427,19.933645080117643,0,0
1.57904052734375,0.22129847745733006,19.930242007761635,0,0
1.583221435546875,0.22532939482789177,19.926819988856327,0,0
1.587799072265625,0.22923429023511038,19.923379279271998,0,0
1.591552734375,0.2330008902369887,19.919920134652166,0,0
1.595489501953125,0.2366161991346443,19.91644281040904,0,0
1.599151611328125,0.24006662172517013,19.91294756171909,0,0
1.60296630859375,0.24333806310266884,19.90943464351862,0,0
1.606414794921875,0.2464161148295922,19.905904310499444,0,0
1.60980224609375,0.2492863415018961,19.902356817104643,0,0
1.61285400390625,0.25193461577132265,19.898792417524362,0,0
1.61517333984375,0.25434742017373024,19.895211365691697,0,0
1.6177978515625,0.25651202017995195,19.89161391527861,0,0
1.619964599609375,0.258416540058702,19.888000319691994,0,0
1.622039794921875,0.2600500817961662,19.884370832069695,0,0
1.62420654296875,0.261402962402226,19.880725705276706,0,0
1.625,0.262467040941179,19.87706519190136,0,0
1.626373291015625,0.26323598877130017,19.87338954425161,0,0
1.626220703125,0.26370536391084315,19.869699014351397,0,0
1.626220703125,0.2638724445026341,19.865993853937052,1,0
1.6263427734375,0.2637358567860514,19.86227431445379,0,0
1.62628173828125,0.2632952387581796,19.85854064705224,0,0
1.626190185546875,0.2625511926505737,19.8547931025851,0,0
1.625396728515625,0.26150550174651105,19.851031931603792,0,0
1.6236572265625,0.2601613665200061,19.847257384355203,0,0
1.6226806640625,0.2585234341023444,19.843469710778542,0,0
1.620849609375,0.2565977082460439,19.839669160502186,0,0
1.6187744140625,0.2543915394381049,19.835855982840638,0,0
1.616455078125,0.2519136379147947,19.83203042679155,0,0
1.613555908203125,0.24917399372330126,19.828192741032804,0,0
1.610809326171875,0.2461837095911009,19.824343173919626,0,0
1.607696533203125,0.24295481029809596,19.820481973481844,0,0
1.6043701171875,0.23950010009438874,19.81660938742112,0,0
1.600738525390625,0.2358330542071807,19.812725663108317,0,0
1.596923828125,0.23196767934993093,19.80883104758089,0,0
1.593170166015625,0.2279183480278964,19.804925787540366,0,0
1.5887451171875,0.2236996473107115,19.80101012934986,0,0
1.58477783203125,0.21932622988821723,19.797084319031683,0,0
1.5802001953125,0.214812661793877,19.793148602265003,0,0
1.57574462890625,0.2101732907144064,19.789203224383566,0,0
1.571075439453125,0.20542211558123838,19.78524843037349,0,0
1.566436767578125,0.200572652059675,19.781284464871103,0,0
1.561798095703125,0.19563783680078903,19.77731157216087,0,0
1.5567626953125,0.1906299796269561,19.773329996173352,0,0
1.552093505859375,0.1855607209978808,19.769339980483284,0,0
1.547210693359375,0.18044099610357703,19.765341768307625,0,0
1.542266845703125,0.17528105097721738,19.761335602503756,0,0
1.53704833984375,0.17009046562428265,19.757321725567696,0,0
1.532196044921875,0.16487810808794526,19.75330037963239,0,0
1.52728271484375,0.1596520741691507,19.74927180646606,0,0
1.521881103515625,0.15441967752254143,19.745236247470608,0,0
1.5172119140625,0.14918742810367974,19.741193943680102,0,0
1.512237548828125,0.14396100622712554,19.737145135759288,0,0
1.5072021484375,0.13874532016889257,19.7330900640022,0,0
1.502197265625,0.13354458797695568,19.7290289683308,0,0
1.497314453125,0.12836236223350941,19.724962088293708,0,0
1.492431640625,0.12320154730440308,19.720889663064955,0,0
1.4876708984375,0.11806446398363646,19.71681193144283,0,0
1.48248291015625,0.112952932821173,19.71272913184876,0,0
1.477813720703125,0.10786830479914655,19.708641502326284,0,0
1.472412109375,0.10281140748757145,19.704549280540046,0,0
1.46807861328125,0.0977824348289434,19.700452703774857,0,0
1.463623046875,0.09278090968855664,19.696352008934838,0,0
1.45867919921875,0.0878058397403281,19.692247432542608,0,0
1.45404052734375,0.08285592789248421,19.688139210738516,0,0
1.449249267578125,0.07792965564593161,19.68402757927995,0,0
1.44488525390625,0.07302530445082744,19.67991277354069,0,0
1.439971923828125,0.06814102156434079,19.675795028510347,0,0
1.435546875,0.06327490039146819,19.67167457879381,0,0
1.431182861328125,0.05842505679385955,19.66755165861078,0,0
1.426483154296875,0.05358976262769685,19.663426501795378,0,0
1.422149658203125,0.04876761787497159,19.659299341795773,0,0
1.418182373046875,0.04395774470834683,19.655170411673886,0,0
1.413787841796875,0.0391601093374294,19.65103994410514,0,0
1.409698486328125,0.03437596945459907,19.646908171378293,0,0
1.405364990234375,0.029608320750480126,19.642775325395274,0,0
1.39715576171875,0.02486199582233949,19.638641637671128,0,0
1.3931884765625,0.020142846871106946,19.634507339333986,0,0
1.3890380859375,0.01545636634852464,19.6303726611251,0,0
1.384674072265625,0.010806929044074676,19.626237833398932,0,0
1.380523681640625,0.006197844853736726,19.622103086123282,0,0
1.37646484375,0.001631606571223361,19.617968648879497,0,0
1.372100830078125,-0.002889886042255093,19.613834750862715,0,0
1.367950439453125,-0.007365138663788844,19.609701620882166,0,0
1.363922119140625,-0.01179294827507128,19.605569487361528,0,0
1.359588623046875,-0.016172319071227282,19.601438578339337,0,0
1.35540771484375,-0.020502419207776106,19.59730912146945,0,0
1.3515625,-0.02478260930638803,19.593181344021552,0,0
1.34722900390625,-0.029012479868229316,19.589055472881725,0,0
1.34344482421875,-0.03319188002976493,19.58493173455308,0,0
1.339691162109375,-0.037320947172344195,19.580810355156412,0,0
1.335235595703125,-0.04140011470518234,19.576691560430916,0,0
1.331390380859375,-0.04543020258107738,19.572575575734984,0,0
1.327728271484375,-0.049412635298791995,19.56846262604701,0,0
1.324188232421875,-0.05334958765142127,19.564352935966276,0,0
1.32049560546875,-0.057243949057217844,19.56024672971387,0,0
1.317138671875,-0.06109920644764619,19.55614423113368,0,0
1.31353759765625,-0.06491931319495714,19.552045663693388,0,0
1.3101806640625,-0.06870854485156339,19.547951250485593,0,0
1.30670166015625,-0.07247135334053538,19.5438612142289,0,0
1.30316162109375,-0.07621223768724297,19.539775777269114,0,0
1.30023193359375,-0.07993561951933192,19.535695161580456,0,0
1.29620361328125,-0.08364569099751742,19.53161958876686,0,0
1.292999267578125,-0.08734630548526381,19.527549280063273,0,0
1.28948974609375,-0.09104097685856806,19.523484456337037,0,0
1.285858154296875,-0.09473290542560134,19.519425338089317,0,0
1.282440185546875,-0.09842500568126793,19.515372145456567,0,0
1.2786865234375,-0.1021199843596219,19.51132509821204,0,0
1.275634765625,-0.10582043090828384,19.507284415767362,0,0
1.271331787109375,-0.10952888499768293,19.503250317174153,0,0
1.2685546875,-0.11324792786332033,19.499223021125665,0,0
1.265228271484375,-0.11698022585691621,19.49520274595852,0,0
1.261566162109375,-0.1207283886377016,19.491189709654442,0,0
1.258392333984375,-0.12449475992332179,19.48718412984207,0,0
1.25518798828125,-0.12828124760236498,19.483186223798807,0,0
1.25146484375,-0.13208910437797583,19.479196208452702,0,0
1.248199462890625,-0.13591870057694952,19.475214300384422,0,0
1.24432373046875,-0.13976938849392137,19.471240715829207,0,0
1.24078369140625,-0.1436394536752866,19.467275670678927,0,0
1.237030029296875,-0.14752613584379864,19.46331938048414,0,0
1.233551025390625,-0.15142567135370918,19.459372060456236,0,0
1.229522705078125,-0.15533331936162195,19.455433925469602,0,0
1.22601318359375,-0.15924341712347537,19.45150519006384,0,0
1.222015380859375,-0.16314949041597654,19.447586068446004,0,0
1.21868896484375,-0.16704437087407933,19.44367677449295,0,0
1.21441650390625,-0.1709202957573916,19.439777521753637,0,0
1.21112060546875,-0.17476903940910746,19.435888523451553,0,0
1.2071533203125,-0.1785820875764293,19.43200999248715,0,0
1.203643798828125,-0.1823508069821837,19.42814214144031,0,0
1.199981689453125,-0.18606661299357788,19.424285182572888,0,0
1.19677734375,-0.18972112471924846,19.42043932783127,0,0
1.19305419921875,-0.19330626724220365,19.416604788849003,0,0
1.189727783203125,-0.19681437852652836,19.412781776949434,0,0
1.186614990234375,-0.200238371324513,19.40897050314841,0,0
1.183319091796875,-0.20357187906547916,19.40517117815705,0,0
1.180572509765625,-0.20680933911626836,19.401384012384497,0,0
1.1773681640625,-0.2099460412730756,19.397609215940754,0,0
1.17486572265625,-0.21297816620906113,19.393846998639578,0,0
1.1722412109375,-0.21590279662415762,19.390097570001377,0,0
1.169464111328125,-0.2187178805820659,19.38636113925616,0,0
1.166961669921875,-0.22142222577672185,19.382637915346546,0,0
1.164703369140625,-0.22401557501806715,19.378928106930815,0,0
1.16265869140625,-0.22649865483520867,19.37523192238596,0,0
1.160736083984375,-0.22887310171943626,19.371549569810856,0,0
1.159088134765625,-0.23114127218785796,19.36788125702938,0,0
1.156524658203125,-0.2333060309137348,19.364227191593656,0,0
1.15509033203125,-0.23537067868775144,19.360587580787282,0,0
1.15386962890625,-0.2373389691776263,19.35696263162863,0,0
1.1512451171875,-0.23921503287131882,19.353352550874177,0,0
1.15045166015625,-0.24100333373658542,19.34975754502188,0,0
1.14886474609375,-0.24270872893053827,19.34617782031459,0,0
1.1473388671875,-0.2443364484258162,19.342613582743496,0,0
1.146331787109375,-0.24589202979274083,19.339065038051636,0,0
1.145263671875,-0.24738126811275268,19.335532391737434,0,0
1.144073486328125,-0.24881008801756405,19.33201584905826,0,0
1.143402099609375,-0.2501843609058474,19.328515615034064,0,0
1.14166259765625,-0.25150975415708066,19.325031894451026,0,0
1.1414794921875,-0.25279165814232796,19.321564891865265,0,0
1.1396484375,-0.25403516397621295,19.318114811606556,0,0
1.139068603515625,-0.2552450765205156,19.314681857782137,0,0
1.138763427734375,-0.256425933740153,19.311266234280502,0,0
1.136810302734375,-0.25758192413605985,19.307868144775277,0,0
1.1368408203125,-0.2587168109294328,19.304487792729113,0,0
1.135986328125,-0.2598339242498521,19.301125381397625,0,0
1.134429931640625,-0.26093608022129006,19.297781113833363,0,0
1.1343994140625,-0.26202554616862295,19.29445519288985,0,0
1.13330078125,-0.2631040805595189,19.291147821225618,0,0
1.132080078125,-0.2641729104999406,19.28785920130832,0,0
1.131744384765625,-0.2652327699890461,19.284589535418856,0,0
1.131195068359375,-0.26628396319472186,19.281339025655562,0,0
1.12921142578125,-0.2673263309952187,19.278107873938424,0,0
1.12933349609375,-0.2683593414041504,19.27489628201332,0,0
1.1282958984375,-0.26938229013708553,19.271704451456326,0,0
1.12689208984375,-0.27039438820011164,19.268532583678063,0,0
1.1270751953125,-0.27139485093854454,19.265380879928042,0,0
1.12646484375,-0.27238293912719086,19.2622495412991,0,0
1.12432861328125,-0.27335785044679295,19.259138768731848,0,0
1.12457275390625,-0.27431881323145035,19.256048763019155,0,0
1.124481201171875,-0.2752653125761101,19.252979724810697,0,0
1.123077392578125,-0.27619697996453546,19.249931854617497,0,0
1.122039794921875,-0.2771134183399641,19.246905352816565,0,0
1.121673583984375,-0.27801439623401875,19.243900419655542,0,0
1.12200927734375,-0.27890006017224256,19.240917255257372,0,0
1.120697021484375,-0.2797707665024165,19.23795605962504,0,0
1.1195068359375,-0.2806268722625545,19.235017032646358,0,0
1.119415283203125,-0.28146890427596805,19.23210037409872,0,0
1.1195068359375,-0.28229778902122427,19.229206283654023,0,0
1.119537353515625,-0.2831146432703139,19.226334960883474,0,0
1.1180419921875,-0.2839202935163266,19.22348660526258,0,0
1.11688232421875,-0.2847151322774309,19.220661416176064,0,0
1.116851806640625,-0.2854994928856295,19.217859592922906,0,0
1.117034912109375,-0.28627399466358183,19.21508133472136,0,0
1.1170654296875,-0.287039356094257,19.212326840714056,0,0
1.1171875,-0.2877958010394099,19.2095963099731,0,0
1.115081787109375,-0.2885425371096841,19.20688994150527,0,0
1.11456298828125,-0.2892777833890985,19.204207934257187,0,0
1.11480712890625,-0.2899992641241217,19.201550487120567,0,0
1.114990234375,-0.2907044426328233,19.19891779893752,0,0
1.1148681640625,-0.2913901649978271,19.196310068505838,0,0
1.114776611328125,-0.2920520956391335,19.193727494584397,0,0
1.11376953125,-0.29268433732816923,19.19117027589853,0,0
1.111968994140625,-0.29327949927278196,19.188638611145482,0,0
1.112060546875,-0.29382932487082547,19.18613269899989,0,0
1.111907958984375,-0.29432544661759596,19.183652738119317,0,0
1.1119384765625,-0.29475971334467155,19.181198927149783,0,0
1.112091064453125,-0.2951241215951096,19.178771464731426,0,0
1.1116943359375,-0.2954106753310628,19.176370549504085,0,0
1.1119384765625,-0.2956113547467383,19.173996380113042,0,0
1.11199951171875,-0.2957181970099717,19.171649155214713,0,0
1.112060546875,-0.2957234026432144,19.16932907348243,0,1
1.111785888671875,-0.2956195109071115,19.16702936224272,0,0
1.11212158203125,-0.2953997577406156,19.164743045647842,0,0
1.1123046875,-0.2950585558016622,19.162470017738766,0,0
1.114593505859375,-0.29459182545995855,19.160210172705852,0,0
1.11456298828125,-0.2939969228462228,19.157963404887372,0,0
1.115478515625,-0.2932723932092747,19.15572960876806,0,0
1.116851806640625,-0.29241797929950925,19.153508678977698,0,0
1.118194580078125,-0.29143475897342513,19.151300510289687,0,0
1.119598388671875,-0.29032512499824326,19.149104997619666,0,0
1.121856689453125,-0.28909263998397594,19.14692203602407,0,0
1.12353515625,-0.28774177539754897,19.14475152069881,0,0
1.125396728515625,-0.286277556221863,19.14259334697789,0,0
1.1273193359375,-0.2847052868613741,19.140447410332015,0,0
1.12969970703125,-0.28303038725572627,19.138313606367312,0,0
1.131744384765625,-0.28125820810184565,19.13619183082396,0,0
1.13409423828125,-0.279393810142753,19.134081979574894,0,0
1.136962890625,-0.27744174049084847,19.131983948624498,0,0
1.139251708984375,-0.2754057391151289,19.12989763410731,0,0
1.1417236328125,-0.2732884141919065,19.127822932286765,0,0
1.144500732421875,-0.2710910262704496,19.125759739553896,0,0
1.146697998046875,-0.26881337877570155,19.12370795242612,0,0
1.149322509765625,-0.2664538022802938,19.121667467545965,0,0
1.15179443359375,-0.2640092783704824,19.11963818167987,0,0
1.1546630859375,-0.2614756409748195,19.11761999171695,0,0
1.157440185546875,-0.25884775569625706,19.115612794667804,0,0
1.16021728515625,-0.256119672488912,19.113616487663304,0,0
1.163055419921875,-0.2532848234035494,19.111630967953452,0,0
1.166412353515625,-0.2503362833162037,19.10965613290618,0,0
1.1695556640625,-0.24726700052661216,19.107691880006215,0,0
1.172760009765625,-0.2440699729439681,19.105738106853924,0,0
1.1766357421875,-0.24073843697606762,19.103794711164177,0,0
1.1796875,-0.2372660678268578,19.101861590765257,0,0
1.1837158203125,-0.233647210082535,19.099938643597724,0,0
1.18780517578125,-0.22987714318879698,19.098025767713334,0,0
1.19195556640625,-0.22595225572097533,19.09612286127394,0,0
1.19610595703125,-0.22187012219001512,19.094229822550435,0,0
1.200592041015625,-0.21762961855003554,19.0923465499217,0,0
1.205230712890625,-0.2132310880746271,19.09047294187353,0,0
1.209991455078125,-0.20867648330893687,19.088608896997602,0,0
1.215545654296875,-0.20396942861511885,19.08675431399047,0,0
1.2205810546875,-0.19911514158589735,19.084909091652538,0,0
1.226165771484375,-0.19412024338361508,19.083073128887044,0,0
1.23138427734375,-0.18899259123508677,19.081246324699098,0,0
1.23748779296875,-0.18374116892850503,19.079428578194676,0,0
1.243621826171875,-0.17837590555431415,19.077619788579664,0,0
1.2496337890625,-0.1729073120921819,19.075819855158905,0,0
1.255157470703125,-0.16734607534193524,19.074028677335235,0,0
1.26141357421875,-0.1617028460440444,19.07224615460858,0,0
1.26727294921875,-0.1559882022087563,19.070472186575003,0,0
1.274139404296875,-0.15021258147035343,19.0687066729258,0,0
1.279876708984375,-0.1443860789331775,19.066949513446616,0,0
1.286407470703125,-0.13851821020877214,19.065200608016525,0,0
1.292144775390625,-0.13261779450788497,19.063459856607192,0,0
1.298980712890625,-0.126692951310765,19.06172715928196,0,0
1.304962158203125,-0.12075107711496808,19.06000241619504,0,0
1.31146240234375,-0.11479875618710478,19.058285527590627,0,0
1.3175048828125,-0.10884168782535227,19.056576393802082,0,0
1.32354736328125,-0.10288470673049366,19.05487491525112,0,0
1.32928466796875,-0.09693194881643993,19.053180992446972,0,0
1.335601806640625,-0.09098716529599213,19.05149452598561,0,0
1.341796875,-0.08505404025886604,19.04981541654895,0,0
1.34832763671875,-0.07913634236022082,19.048143564904038,0,0
1.354095458984375,-0.07323792398203303,19.046478871902348,0,0
1.360321044921875,-0.0673627387041385,19.04482123847896,0,0
1.36700439453125,-0.061514915693361885,19.04317056565186,0,0
1.373016357421875,-0.05569871755538147,19.04152675452116,0,0
1.379547119140625,-0.04991834268127378,19.03988970626842,0,0
1.385406494140625,-0.0441777155940354,19.038259322155895,0,0
1.391357421875,-0.03848036337011504,19.036635503525837,0,0
1.397491455078125,-0.032829401137214484,19.03501815179983,0,0
1.40325927734375,-0.027227560992468744,19.03340716847807,0,0
1.40924072265625,-0.021677201325842416,19.031802455138717,0,0
1.415191650390625,-0.016180300086788307,19.030203913437216,0,0
1.42095947265625,-0.010738410978357343,19.028611445105664,0,0
1.426605224609375,-0.005352598562249983,19.02702495195215,0,0
1.432342529296875,-2.341437102348909e-05,19.025444335860136,0,0
1.437835693359375,0.0052490894501613095,19.02386949878785,0,0
1.443359375,0.010465332442098518,19.022300342767643,0,0
1.4486083984375,0.0156261414421206,19.020736769905422,0,0
1.4541015625,0.02073263553192453,19.019178682380037,0,0
1.4595947265625,0.02578611660254032,19.017625982442727,0,0
1.464569091796875,0.030788014618767123,19.01607857241654,0,0
1.469696044921875,0.03573980421040707,19.014536354695757,0,0
1.475128173828125,0.040642836475334454,19.012999231745386,0,0
1.48028564453125,0.04549821452598837,19.01146710610059,0,0
1.485565185546875,0.05030679806308358,19.009939880366183,0,0
1.490325927734375,0.05506924227981286,19.00841745721609,0,0
1.49560546875,0.05978597203466213,19.006899739392875,0,0
1.500640869140625,0.06445713157320246,19.0053866297072,0,0
1.505279541015625,0.0690825731987545,19.003878031037384,0,0
1.510894775390625,0.07366186198057478,19.0023738463289,0,0
1.515350341796875,0.07819432854097536,19.000873978593923,0,0
1.520599365234375,0.08267919077777536,18.999378330910858,0,0
1.525299072265625,0.08711566981435775,18.997886806423928,0,0
1.52984619140625,0.09150306888717155,18.9963993083427,0,0
1.53448486328125,0.09584077487830725,18.994915739941675,0,0
1.53900146484375,0.10012816282672324,18.993436004559893,0,0
1.54376220703125,0.10436449551966229,18.991960005600504,0,0
1.548492431640625,0.10854891484888526,18.990487646530376,0,0
1.552978515625,0.11268054633244037,18.98901883087972,0,0
1.55633544921875,0.11675855811730412,18.98755346224171,0,0
1.5609130859375,0.12078193623341255,18.986091444272112,0,0
1.565277099609375,0.12474909161790101,18.98463268068895,0,0
1.569122314453125,0.12865762236549108,18.983177075272135,0,0
1.573699951171875,0.13250422925715533,18.981724531863144,0,0
1.577880859375,0.13628468749614162,18.980274954364695,0,0
1.5819091796875,0.13999392194609225,18.97882824674043,0,0
1.585693359375,0.143626101891563,18.97738431301461,0,0
1.589813232421875,0.14717464269750757,18.97594305727182,0,0
1.593536376953125,0.15063218737263767,18.974504383656676,0,0
1.59722900390625,0.15399063517161896,18.973068196373564,0,0
1.600677490234375,0.15724115763548788,18.97163439968636,0,0
1.6044921875,0.1603741821078816,18.970202897918178,0,0
1.607818603515625,0.16337943075708344,18.968773595451136,0,0
1.610992431640625,0.16624603326785778,18.967346396726093,0,0
1.614715576171875,0.16896266140036834,18.96592120624245,0,0
1.61761474609375,0.17151774583678536,18.964497928557915,0,0
1.6204833984375,0.17389978821955043,18.9630764682883,0,0
1.62286376953125,0.17609760367425417,18.96165673010732,0,0
1.625579833984375,0.17810042942587406,18.960238618746423,0,0
1.628021240234375,0.17989804235958712,18.95882203899458,0,0
1.62969970703125,0.18148097091772106,18.95740689569814,0,0
1.63128662109375,0.18284065580811454,18.95599309376066,0,0
1.633697509765625,0.18396949978371854,18.95458053814278,0,0
1.634307861328125,0.18486100330830751,18.953169133862026,0,0
1.63623046875,0.1855100175637581,18.951758785992745,0,0
1.636322021484375,0.1859129646992588,18.950349399665946,0,0
1.63641357421875,0.18606790786192876,18.948940880069188,1,0
1.636199951171875,0.1859743247904975,18.947533132446505,0,0
1.636199951171875,0.18563264944586302,18.946126062098287,0,0
1.636260986328125,0.18504390246636523,18.944719574381203,0,0
1.636077880859375,0.1842096205256892,18.94331357470813,0,0
1.63604736328125,0.18313208586217722,18.941907968548108,0,0
1.6336669921875,0.18181464168850364,18.94050266142625,0,0
1.63348388671875,0.18026175735576294,18.93909755892372,0,0
1.631439208984375,0.17847886868550183,18.937692566677693,0,0
1.629547119140625,0.17647224591828137,18.93628759038133,0,0
1.62762451171875,0.17424882396780572,18.93488253578376,0,0
1.625457763671875,0.17181594700098377,18.933477308690065,0,0
1.623260498046875,0.1691811883205568,18.932071814961304,0,0
1.620880126953125,0.16635228967993268,18.930665960514496,0,0
1.617919921875,0.16333715422853098,18.92925965132267,0,0
1.61492919921875,0.16014378593679945,18.927852793414864,0,0
1.612060546875,0.15678013435315857,18.926445292876185,0,0
1.60845947265625,0.15325393350274166,18.925037055847866,0,0
1.6053466796875,0.14957256461492,18.92362798852729,0,0
1.602081298828125,0.14574295433658674,18.922217997168104,0,0
1.598419189453125,0.14177159327307753,18.92080698808024,0,0
1.59490966796875,0.13766464830515177,18.91939486763006,0,0
1.59075927734375,0.133428055842222,18.917981542240398,0,0
1.587158203125,0.12906756559280774,18.916566918390707,0,0
1.583160400390625,0.12458880277279849,18.915150902617142,0,0
1.579010009765625,0.11999741456355943,18.9137334015127,0,0
1.574676513671875,0.11529923673380048,18.91231432172734,0,0
1.570220947265625,0.11050038437312312,18.910893569968138,0,0
1.56610107421875,0.10560730048193077,18.90947105299942,0,0
1.560943603515625,0.10062682555640863,18.90804667764294,0,0
1.55633544921875,0.09556620967040648,18.90662035077803,0,0
1.55126953125,0.090432983697361,18.90519197934179,0,0
1.54669189453125,0.08523478613791675,18.903761470329272,0,0
1.5418701171875,0.07997928508063547,18.902328730793663,0,0
1.53668212890625,0.07467420006080261,18.900893667846514,0,0
1.531829833984375,0.06932730983906983,18.899456188657936,0,0
1.526702880859375,0.06394639813893949,18.898016200456823,0,0
1.52178955078125,0.05853920562957152,18.89657361053109,0,0
1.5166015625,0.05311341542749293,18.895128326227905,0,0
1.511444091796875,0.04767662875149796,18.89368025495396,0,0
1.506561279296875,0.04223631251162298,18.8922293041757,0,0
1.50152587890625,0.036799778217040446,18.890775381419605,0,0
1.496490478515625,0.03137423116105184,18.889318394272472,0,0
1.49114990234375,0.025966808130191102,18.88785825038168,0,0
1.486419677734375,0.02058453115412205,18.886394857455524,0,0
1.481109619140625,0.01523423038689209,18.884928123263478,0,0
1.47650146484375,0.009922498547619299,18.883457955636505,0,0
1.471282958984375,0.004655671170300579,18.881984262467416,0,0
1.46649169921875,-0.0005602024830928531,18.88050695171118,0,0
1.46148681640625,-0.005719437211029535,18.87902593138524,0,0
1.456939697265625,-0.01081681803454293,18.87754110956989,0,0
1.452301025390625,-0.015847656957196407,18.87605239440863,0,0
1.44769287109375,-0.020807774505615897,18.874559694108505,0,0
1.44293212890625,-0.025693482297736915,18.8730629169405,0,0
1.438690185546875,-0.030501635443319373,18.871561971239924,0,0
1.4344482421875,-0.035229683881219664,18.870056765406794,0,0
1.430206298828125,-0.039875626062634534,18.868547207906225,0,0
1.42559814453125,-0.04443794103067786,18.867033207268847,0,0
1.42144775390625,-0.048915654054630164,18.865514672091233,0,0
1.417694091796875,-0.05330849872620576,18.863991511036307,0,0
1.413909912109375,-0.05761696670014908,18.862463632833784,0,0
1.409820556640625,-0.0618422019791767,18.860930946280615,0,0
1.406005859375,-0.06598592618937178,18.85939336024144,0,0
1.40228271484375,-0.07005048933449645,18.857850783649035,0,0
1.3983154296875,-0.07403897777739794,18.8563031255048,0,0
1.39520263671875,-0.07795532393793297,18.85475029487922,0,0
1.39178466796875,-0.08180433398549482,18.853192200912353,0,0
1.388641357421875,-0.08559155359040777,18.851628752814328,0,0
1.385406494140625,-0.08932303697145727,18.85005985986586,0,0
1.38189697265625,-0.0930051408082245,18.848485431418716,0,0
1.378936767578125,-0.09664440697644339,18.84690537689629,0,0
1.37567138671875,-0.10024749269069295,18.845319605794103,0,0
1.37225341796875,-0.10382109716783337,18.843728027680324,0,0
1.369110107421875,-0.10737194993089569,18.842130552196345,0,0
1.366302490234375,-0.11090684593999223,18.840527089057318,0,0
1.362884521484375,-0.11443259870465981,18.838917548052706,0,0
1.35955810546875,-0.11795596714548973,18.837301839046876,0,0
1.3563232421875,-0.12148371222266985,18.835679871979657,0,0
1.35308837890625,-0.12502274547219366,18.834051556866942,0,0
1.34991455078125,-0.1285802447837488,18.83241680380125,0,0
1.34710693359375,-0.13216367643133262,18.830775522952372,0,0
1.344085693359375,-0.13578066688196228,18.829127624567953,0,0
1.34100341796875,-0.13943872949203495,18.827473018974104,0,0
1.337860107421875,-0.143144956188769,18.825811616576058,0,0
1.33502197265625,-0.14690572071368316,18.82414332785879,0,0
1.33172607421875,-0.1507263311722066,18.82246806338763,0,0
1.32904052734375,-0.15461059796868598,18.820785733808965,0,0
1.32550048828125,-0.15856033482893833,18.81909624985087,0,0
1.322265625,-0.16257486269950772,18.817399522323772,0,0
1.315673828125,-0.16665083689987253,18.81569546212114,0,0
1.312042236328125,-0.17078285882958835,18.813983980220144,0,0
1.3082275390625,-0.17496462619957115,18.81226498768238,0,0
1.30499267578125,-0.17918968436353944,18.81053839565453,0,0
1.3006591796875,-0.18345147663546046,18.8088041153691,0,0
1.296905517578125,-0.1877432021274085,18.807062058145117,0,0
1.292816162109375,-0.19205781499691474,18.805312135388853,0,0
1.2886962890625,-0.1963881163059475,18.80355425859457,0,0
1.28521728515625,-0.2007268396143511,18.801788339345226,0,0
1.281036376953125,-0.20506664984933323,18.800014289313253,0,0
1.27703857421875,-0.20940007552497622,18.798232020261295,0,0
1.273193359375,-0.21371949941409993,18.796441444042966,0,0
1.268829345703125,-0.21801723029312728,18.794642472603634,0,0
1.26513671875,-0.222285625939824,18.79283501798117,0,0
1.261138916015625,-0.22651723749993802,18.791018992306757,0,0
1.25750732421875,-0.23070489511967093,18.78919430780568,0,0
1.253662109375,-0.23484171844398932,18.787360876798108,0,0
1.24951171875,-0.23892114249575436,18.785518611699903,0,0
1.24615478515625,-0.24293704450443643,18.78366742502346,0,0
1.24267578125,-0.24688388351371632,18.78180722937849,0,0
1.23895263671875,-0.25075672076487476,18.779937937472877,0,0
1.2359619140625,-0.25455117979073505,18.778059462113507,0,0
1.2322998046875,-0.2582634114453233,18.776171716207106,0,0
1.229034423828125,-0.26189007603317416,18.774274612761094,0,0
1.22601318359375,-0.265428385900639,18.772368064884443,0,0
1.22320556640625,-0.26887612809730715,18.770451985788547,0,0
1.2197265625,-0.2722315997774961,18.768526288788088,0,0
1.217010498046875,-0.27549359580309607,18.766590887301913,0,0
1.214263916015625,-0.27866149843560317,18.764645694853943,0,0
1.21142578125,-0.2817353359357512,18.762690625074036,0,0
1.208953857421875,-0.2847157878586931,18.76072559169891,0,0
1.20654296875,-0.2876041802554603,18.758750508573044,0,0
1.204132080078125,-0.29040243809707733,18.756765289649593,0,0
1.202178955078125,-0.29311298208590675,18.75476984899131,0,0
1.199920654296875,-0.29573857240777085,18.752764100771486,0,0
1.197784423828125,-0.29828212886886585,18.750747959274875,0,0
1.19573974609375,-0.30074660889979327,18.74872133889863,0,0
1.193389892578125,-0.30313498128061034,18.74668415415328,0,0
1.191741943359375,-0.305450278460101,18.744636319663652,0,0
1.190155029296875,-0.30769562584133725,18.742577750169865,0,0
1.188232421875,-0.3098741350122669,18.74050836052829,0,0
1.18621826171875,-0.3119887736296446,18.738428065712515,0,0
1.18505859375,-0.31404235890757937,18.73633678081436,0,0
1.183685302734375,-0.31603752543922287,18.734234421044818,0,0
1.181427001953125,-0.31797656615618297,18.732120901735108,0,0
1.180755615234375,-0.3198613372989947,18.729996138337643,0,0
1.178558349609375,-0.3216932681994573,18.727860046427047,0,0
1.17755126953125,-0.32347337342692195,18.725712541701174,0,0
1.176177978515625,-0.32520227693377757,18.723553539982145,0,0
1.17486572265625,-0.3268802081988126,18.721382957217347,0,0
1.17352294921875,-0.32850696735168894,18.719200709480493,0,0
1.1708984375,-0.3300820503822144,18.717006712972665,0,0
1.171051025390625,-0.3316050344904069,18.71480088402334,0,0
1.16845703125,-0.33307597937654754,18.712583139091482,0,0
1.168701171875,-0.33449563883721095,18.71035339476656,0,0
1.167510986328125,-0.3358654887935463,18.70811156776965,0,0
1.166168212890625,-0.3371875958106182,18.70585757495449,0,0
1.166290283203125,-0.33846447957374315,18.70359133330856,0,0
1.16473388671875,-0.33969900368829475,18.701312759954188,0,0
1.163665771484375,-0.3408942807235109,18.69902177214961,0,0
1.163970947265625,-0.3420537044867232,18.696718287290086,0,0
1.163055419921875,-0.34318088254541745,18.694402222909005,0,0
1.16143798828125,-0.34427939226554904,18.692073496678983,0,0
1.16162109375,-0.34535275071605775,18.689732026412987,0,0
1.161285400390625,-0.3464044963288537,18.687377730065464,0,0
1.1600341796875,-0.3474380180729731,18.685010525733432,0,0
1.1591796875,-0.3484564016699595,18.682630331657663,0,0
1.15924072265625,-0.3494625420113925,18.68023706622377,0,0
1.159088134765625,-0.3504591511302563,18.677830647963397,0,0
1.157867431640625,-0.3514484646787215,18.67541099555533,0,0
1.15673828125,-0.3524320658060851,18.672978027826666,0,0
1.1563720703125,-0.35341110892329775,18.670531663753994,0,0
1.156829833984375,-0.3543865559546768,18.668071822464515,0,0
1.155914306640625,-0.3553589857789144,18.66559842323725,0,0
1.154266357421875,-0.3563282700205085,18.6631113855042,0,0
1.15399169921875,-0.3572936824642381,18.660610628851533,0,0
1.153839111328125,-0.35825427113063135,18.658096073020758,0,0
1.153045654296875,-0.3592089530888235,18.65556763790995,0,0
1.15155029296875,-0.3601564489920873,18.65302524357488,0,0
1.1514892578125,-0.361095475536071,18.650468810230304,0,0
1.151611328125,-0.36202500095877765,18.647898258251093,0,0
1.1513671875,-0.362944097539592,18.64531350817349,0,0
1.14990234375,-0.3638515476093893,18.642714480696306,0,0
1.149017333984375,-0.36474578601611657,18.64010109668214,0,0
1.14910888671875,-0.3656252535358988,18.637473277158637,0,0
1.149139404296875,-0.36648861097892027,18.634830943319656,0,0
1.14923095703125,-0.36733446453411334,18.632174016526573,0,0
1.14697265625,-0.36816095999798526,18.62950241830948,0,0
1.1468505859375,-0.36896585902701284,18.626816070368434,0,0
1.146484375,-0.3697470584104016,18.624114894574717,0,0
1.146759033203125,-0.37050289995339336,18.621398812972085,0,0
1.146759033203125,-0.3712319833635819,18.61866774777802,0,0
1.146514892578125,-0.3719327351585562,18.615921621385,0,0
1.146759033203125,-0.3726029961383981,18.61316035636176,0,0
1.144927978515625,-0.37323979675596397,18.61038387545457,0,0
1.1444091796875,-0.37383956728249446,18.607592101588498,0,0
1.14422607421875,-0.3743987743038577,18.604784957868695,0,0
1.14404296875,-0.3749144963350763,18.601962367581688,0,0
1.144195556640625,-0.3753846336490825,18.59912425419664,0,0
1.144195556640625,-0.3758078804265741,18.596270541366668,0,0
1.1446533203125,-0.37618358478030023,18.593401152930134,0,0
1.146331787109375,-0.37651140298589764,18.59051601291192,0,0
1.146697998046875,-0.3767905584412784,18.58761504552476,0,0
1.146240234375,-0.3770189402298999,18.584698175170526,0,0
1.14642333984375,-0.37719265060780377,18.581765326441555,0,0
1.146331787109375,-0.37730611685758875,18.578816424121936,0,0
1.146453857421875,-0.377352396105255,18.575851393188856,0,1
1.146575927734375,-0.3773234852963854,18.572762474056795,0,0
1.146484375,-0.3772106687564398,18.56944246463751,0,0
1.146484375,-0.3770049710732345,18.565892138605864,0,0
1.148345947265625,-0.3766976241795009,18.56211228590335,0,0
1.14886474609375,-0.37628021185131644,18.558103712559202,0,0
1.14886474609375,-0.3757445289991369,18.553867240509152,0,0
1.151153564453125,-0.3750825943308198,18.5494037074119,0,0
1.15130615234375,-0.3742867737822505,18.544713966463373,0,0
1.153564453125,-0.3733497642950826,18.539798886208896,0,0
1.1541748046875,-0.3722645427539951,18.53465935035324,0,0
1.1566162109375,-0.371024361832256,18.52929625756869,0,0
1.158203125,-0.36962270778937933,18.523710521301165,0,0
1.15972900390625,-0.36805321702484073,18.517903069574537,0,0
1.161712646484375,-0.36630972792877203,18.511874844793027,0,0
1.163970947265625,-0.364386521023672,18.50562680354201,0,0
1.166656494140625,-0.3622785286110036,18.49915991638707,0,0
1.16900634765625,-0.3599813994467028,18.49247516767149,0,0
1.172119140625,-0.3574915176717659,18.485573555312225,0,0
1.17498779296875,-0.3548060380691189,18.478456090594428,0,0
1.178192138671875,-0.3519229236445996,18.471123797964555,0,0
1.181915283203125,-0.34884098198708385,18.463577714822204,0,0
1.185089111328125,-0.34555988679137173,18.455818891310663,0,0
1.1890869140625,-0.3420802223356555,18.447848390106312,0,0
1.193267822265625,-0.33840356938435967,18.439667286206884,0,0
1.197296142578125,-0.3345325381954827,18.4312766667187,0,0
1.201690673828125,-0.3304707648567303,18.422677630642944,0,0
1.20648193359375,-0.3262229498123585,18.413871288660985,0,0
1.211273193359375,-0.32179487035384946,18.404858762918906,0,0
1.2161865234375,-0.3171933272548426,18.395641186811243,0,0
1.221282958984375,-0.31242610760397377,18.386219704763985,0,0
1.22674560546875,-0.30750198541166196,18.37659547201701,0,0
1.232513427734375,-0.3024306664183515,18.366769654405864,0,0
1.23809814453125,-0.29722261212006235,18.356743428143087,0,0
1.24395751953125,-0.291888811622797,18.34651797959906,0,0
1.250030517578125,-0.2864405805742982,18.336094505082503,0,0
1.2559814453125,-0.2808893632391604,18.325474210620644,0,0
1.261749267578125,-0.27524655664905007,18.31465831173913,0,0
1.26824951171875,-0.2695234279145138,18.30364803324175,0,0
1.2745361328125,-0.2637310407193322,18.29244460899006,0,0
1.28082275390625,-0.2578800775437577,18.2810492816829,0,0
1.28729248046875,-0.25198062233273577,18.269463302635934,0,0
1.293609619140625,-0.24604198028438648,18.25768793156126,0,0
1.29974365234375,-0.24007255055691348,18.2457244363471,0,0
1.30633544921875,-0.23407978212901734,18.233574092837685,0,0
1.312255859375,-0.2280701960655283,18.22123818461341,0,0
1.318817138671875,-0.22204945154760378,18.20871800277121,0,0
1.32489013671875,-0.2160224567778748,18.196014845705363,0,0
1.3311767578125,-0.20999350399699182,18.183130018888626,0,0
1.33746337890625,-0.2039664268915798,18.1700648346539,0,0
1.343475341796875,-0.1979447838979941,18.15682061197637,0,0
1.35040283203125,-0.1919320258350062,18.143398676256222,0,0
1.35626220703125,-0.18593157024013404,18.129800359102006,0,0
1.362945556640625,-0.17994679399856528,18.116026998114634,0,0
1.368804931640625,-0.17398105177590456,18.102079936672148,0,0
1.37579345703125,-0.16803771843539494,18.08796052371526,0,0
1.38177490234375,-0.16212014882731024,18.073670113533677,0,0
1.38787841796875,-0.1562315806334275,18.059210065553355,0,0
1.394287109375,-0.150375122276512,18.044581744124674,0,0
1.40032958984375,-0.14455380383829836,18.029786518311525,0,0
1.40692138671875,-0.13877055959425477,18.014825761681497,0,0
1.412689208984375,-0.13302812948132375,17.99970085209708,0,0
1.4190673828125,-0.127328955978575,17.984413171507985,0,0
1.424591064453125,-0.12167514629530993,17.968964105744597,0,0
1.4310302734375,-0.11606850160871374,17.95335504431267,0,0
1.436920166015625,-0.11051052193226393,17.937587380189203,0,0
1.442718505859375,-0.1050023252372457,17.921662509619644,0,0
1.448577880859375,-0.09954456807847878,17.90558183191633,0,0
1.453857421875,-0.09413746909056359,17.889346749258387,0,0
1.459503173828125,-0.08878095954441434,17.872958666492927,0,0
1.46502685546875,-0.0834749215401212,17.856418990937723,0,0
1.470733642578125,-0.07821939251848695,17.83972913218535,0,0
1.476531982421875,-0.07301463542665884,17.822890501908788,0,0
1.481689453125,-0.06786109477488206,17.805904513668573,0,0
1.486846923828125,-0.06275939551888787,17.78877258272156,0,0
1.492523193359375,-0.057710486706708114,17.771496125831188,0,0
1.497894287109375,-0.05271577386633919,17.75407656107947,0,0
1.503387451171875,-0.047777083756480376,17.736515307680563,0,0
1.5084228515625,-0.04289654187684394,17.718813785796083,0,0
1.51348876953125,-0.03807651348116914,17.700973416352088,0,0
1.518798828125,-0.03331963760183668,17.68299562085783,0,0
1.52362060546875,-0.02862886462072442,17.664881821226267,0,0
1.52850341796875,-0.024007473619823416,17.646633439596354,0,0
1.53350830078125,-0.01945912513252429,17.628251898157167,0,0
1.53851318359375,-0.014987892838475597,17.609738618973875,0,0
1.543182373046875,-0.010598194579877096,17.591095023815523,0,0
1.548095703125,-0.006294670401672808,17.572322533984757,0,0
1.552642822265625,-0.0020820573410153254,17.553422570149422,0,0
1.55718994140625,0.0020349396617564686,17.534396552176073,0,0
1.56170654296875,0.006051767800121344,17.51524589896545,0,0
1.5662841796875,0.009964165432879063,17.495972028289884,0,0
1.570526123046875,0.013768372966828896,17.476576356632716,0,0
1.57440185546875,0.017461358583125336,17.457060299029642,0,0
1.578521728515625,0.02104094650409921,17.437425268912136,0,0
1.582977294921875,0.024505914810332652,17.417672677952837,0,0
1.58587646484375,0.02785618581292379,17.39780393591299,0,0
1.590179443359375,0.031092986916643583,17.37782045049191,0,0
1.593536376953125,0.03421891555736975,17.357723627178554,0,0
1.597381591796875,0.037238079620665776,17.337514869105075,0,0
1.60040283203125,0.04015633031754179,17.317195576902513,0,0
1.603973388671875,0.04298145439847478,17.296767148558562,0,0
1.607330322265625,0.045723336359337174,17.276230979277386,0,0
1.610504150390625,0.04839418559838923,17.2555884613416,0,0
1.6134033203125,0.051008788707814806,17.23484098397627,0,0
1.6165771484375,0.05358467363689645,17.21398993321512,0,0
1.61956787109375,0.0561422085488405,17.19303669176877,0,0
1.622589111328125,0.05870471431427626,17.171982638895127,0,0
1.625213623046875,0.06129855001319989,17.15082915027191,0,0
1.6282958984375,0.06395307954612431,17.12957759787127,0,0
1.63079833984375,0.06670050387459914,17.108229349836545,0,0
1.6343994140625,0.06957561080804547,17.08678577036118,0,0
1.63726806640625,0.07261552753992073,17.06524821956968,0,0
1.64031982421875,0.07585946239445684,17.043618053400795,0,0
1.64398193359375,0.07934830106827698,17.021896623492772,0,0
1.647247314453125,0.08312405266832115,17.000085277070728,0,0
1.650665283203125,0.08722916661325891,16.978185356836168,0,0
1.65435791015625,0.09170559021467495,16.956198200858598,0,0
1.658721923828125,0.09659356224061244,16.93412514246928,0,0
1.662750244140625,0.10193028260848885,16.911967510157076,0,0
1.667205810546875,0.1077484254262511,16.889726627466377,0,0
1.672454833984375,0.11407438700059183,16.867403812897187,0,0
1.677764892578125,0.12092636018766695,16.84500037980725,0,0
1.6845703125,0.1283124141853854,16.822517636316277,0,0
1.69207763671875,0.13622877093811409,16.799956885212268,0,0
1.70068359375,0.14465851728177756,16.777319423859897,0,0
1.710296630859375,0.15357089097423834,16.754606544110924,0,0
1.72027587890625,0.16292113563686325,16.731819532216743,0,0
1.730987548828125,0.1726508160941915,16.708959668742875,0,0
1.742218017578125,0.182688455423978,16.686028228485586,0,0
1.754241943359375,0.19295048428977865,16.663026480390467,0,0
1.7659912109375,0.2033425533402571,16.639955687473066,0,0
1.77850341796875,0.21376114987714634,16.61681710674149,0,0
1.791229248046875,0.22409548336772486,16.593611989121037,0,0
1.804412841796875,0.23422977849147097,16.570341579380774,0,0
1.817352294921875,0.24404610596353454,16.54700711606209,0,0
1.830322265625,0.25342771495599403,16.52360983140923,0,0
1.843505859375,0.2622628115290879,16.50015095130172,0,0
1.856719970703125,0.2704488841492561,16.476631695188765,0,0
1.86981201171875,0.27789774268506234,16.45305327602552,0,0
1.881134033203125,0.2845412031681778,16.42941690021133,0,0
1.882568359375,0.2903363000174389,16.40572376752974,0,0
1.88226318359375,0.29526747990962227,16.381975071090473,0,0
1.881500244140625,0.29934421223063745,16.358171997273253,0,0
1.882476806640625,0.30259569045936996,16.33431572567339,0,0
1.884307861328125,0.30506561878882743,16.31040742904928,0,0
1.88470458984375,0.30680860391182935,16.286448273271652,0,0
1.885040283203125,0.3078878849941257,16.26243941727464,0,0
1.884765625,0.3083735872694357,16.238382013008593,1,0
1.885284423828125,0.3083412352631495,16.214277205394666,0,0
1.8851318359375,0.30787074906003364,16.190126132281176,0,0
1.885009765625,0.3070460184504098,16.165929924401595,0,0
1.885467529296875,0.30595493331867224,16.14168970533435,0,0
1.885772705078125,0.30468986094560174,16.117406591464253,0,0
1.8828125,0.3033483589502215,16.093081691945578,0,0
1.86138916015625,0.3020318366262276,16.068716108666855,0,0
1.828704833984375,0.3008364821101,16.04431093621727,0,0
1.816253662109375,0.29983307288775096,16.01986726185462,0,0
1.867095947265625,0.29904668376688665,15.995386165474978,0,0
1.88226318359375,0.29845685100733715,15.97086871958381,0,0
1.88104248046875,0.2980192779363433,15.946315989268784,0,0
1.88104248046875,0.29768700618418154,15.921729032173973,0,0
1.881439208984375,0.29741854568559034,15.897108898475702,0,0
1.881927490234375,0.29717898204012994,15.872456630859835,0,0
1.881988525390625,0.29694030365321644,15.847773264500542,0,0
1.880706787109375,0.2966816976388867,15.823059827040556,0,0
1.879150390625,0.296389268721231,15.798317338572863,0,0
1.8790283203125,0.2960550656866428,15.773546811623799,0,0
1.878326416015625,0.2956759609242084,15.748749251137573,0,0
1.87811279296875,0.2952528900392676,15.72392565446218,0,0
1.87786865234375,0.29479042566783764,15.699077011336641,0,0
1.877532958984375,0.2942965308014475,15.67420430387964,0,0
1.87640380859375,0.2937823525427583,15.649308506579445,0,0
1.876068115234375,0.2932618538318342,15.624390586285175,0,0
1.874755859375,0.2927512413100425,15.599451502199312,0,0
1.873992919921875,0.29226825630634623,15.574492205871515,0,0
1.872406005859375,0.2918312934601619,15.549513641193668,0,0
1.870880126953125,0.29145825779762813,15.524516744396154,0,0
1.86932373046875,0.29116510750823293,15.49950244404534,0,0
1.8682861328125,0.2909641792021588,15.474471661042267,0,0
1.867431640625,0.290862541140146,15.449425308622489,0,0
1.867279052734375,0.29086058774165113,15.424364292357057,0,0
1.868072509765625,0.2909510509951766,15.39928951015468,0,0
1.87188720703125,0.29111883201936606,15.374201852264937,0,0
1.87841796875,0.29134249768268533,15.34910220128262,0,0
1.881134033203125,0.2915979181561085,15.323991432153154,0,0
1.880889892578125,0.29186267572924884,15.29887041217904,0,0
1.880523681640625,0.2921188673824473,15.273740001027363,0,0
1.880523681640625,0.2923536136905477,15.248601050738312,0,0
1.8798828125,0.2925584029281624,15.223454405734675,0,0
1.8800048828125,0.29272822136060245,15.198300902832342,0,0
1.8798828125,0.2928607329759252,15.17314137125176,0,0
1.8797607421875,0.29295559907504715,15.147976632630305,0,0
1.8798828125,0.2930139266018549,15.122807501035624,0,0
1.8800048828125,0.29303781538389234,15.09763478297983,0,0
1.87994384765625,0.29303002480535184,15.072459277434628,0,0
1.87994384765625,0.29299370374618605,15.047281775847283,0,0
1.879852294921875,0.292932106150078,15.022103062157429,0,0
1.88006591796875,0.2928483098005411,14.996923912814765,0,0
1.880340576171875,0.2927450263404005,14.971745096797491,0,0
1.880462646484375,0.2926245609066345,14.946567375631584,0,0
1.88055419921875,0.29248886133474383,14.92139150341086,0,0
1.88079833984375,0.29233956522687027,14.896218226817778,0,0
1.880889892578125,0.2921780469740738,14.87104828514499,0,0
1.88079833984375,0.29200547174859454,14.845882410317632,0,0
1.88079833984375,0.2918227931848031,14.82072132691631,0,0
1.88104248046875,0.29163069564488103,14.795565752200801,0,0
1.8809814453125,0.2914295757454791,14.770416396134399,0,0
1.881072998046875,0.2912195806043417,14.745273961408959,0,0
1.8804931640625,0.2910005974761353,14.720139143470561,0,0
1.880828857421875,0.2907721194923195,14.695012630545808,0,0
1.88116455078125,0.2905331201181783,14.669895103668743,0,0
1.88134765625,0.2902821513624142,14.644787236708348,0,0
1.88031005859375,0.290017543715206,14.619689696396643,0,0
1.880706787109375,0.28973736511022197,14.594603142357325,0,0
1.880645751953125,0.2894392002400848,14.569528227135,0,0
1.8807373046875,0.28912009249030074,14.544465596224885,0,0
1.880828857421875,0.2887766879923291,14.519415888103094,0,0
1.880340576171875,0.2884054027381649,14.494379734257398,0,0
1.880462646484375,0.28800250469654065,14.469357759218457,0,0
1.88104248046875,0.28756419923231163,14.444350580591575,0,0
1.879119873046875,0.2870868040206574,14.419358809088873,0,0
1.879547119140625,0.28656673966929286,14.394383048561933,0,0
1.880584716796875,0.2860003769199115,14.369423896034865,0,0
1.878753662109375,0.2853842438616265,14.344481941737792,0,0
1.87713623046875,0.2847152370989498,14.31955776914075,0,0
1.87652587890625,0.2839901048896544,14.29465195498797,0,0
1.87799072265625,0.283204735800814,14.26976506933255,0,0
1.8795166015625,0.28235444300162255,14.244897675571476,0,0
1.879852294921875,0.2814354987552994,14.220050330481005,0,0
1.879150390625,0.2804470343544748,14.19522358425239,0,0
1.879730224609375,0.279392441282601,14.170417980527944,0,0
1.881561279296875,0.2782805050260323,14.14563405643737,0,0
1.881072998046875,0.27712697913636253,14.120872342634462,0,0
1.88037109375,0.27595636575765514,14.096133363334037,0,0
1.881683349609375,0.27480323861587586,14.071417636349189,0,0
1.881591796875,0.27371335988124545,14.04672567312878,0,0
1.868927001953125,0.2727440521012041,14.022057978795198,0,0
1.839508056640625,0.2719594154907585,13.997415052182367,0,0
1.810272216796875,0.2714144976692318,13.972797385873951,0,0
1.832275390625,0.2711317905518258,13.948205466241857,0,0
1.877288818359375,0.2710886922140702,13.923639773484858,0,0
1.877410888671875,0.27123005322669547,13.89910078166748,0,0
1.876983642578125,0.2714927036816894,13.87458895875904,0,0
1.87725830078125,0.2718202665410324,13.850104766672905,0,0
1.87762451171875,0.2721660959541869,13.825648661305861,0,0
1.8782958984375,0.27249296126858324,13.801221092577707,0,0
1.877838134765625,0.2727728990693237,13.77682250447094,0,0
1.875640869140625,0.2729868114063546,13.752453335070621,0,0
1.876190185546875,0.2731233734839145,13.728114016604344,0,0
1.87628173828125,0.27317769134191877,13.703804975482333,0,0
1.87408447265625,0.2731503532789516,13.679526632337664,0,0
1.87506103515625,0.273046603605404,13.655279402066567,0,0
1.87493896484375,0.2728755106859213,13.631063693868848,0,0
1.873382568359375,0.27264948526278876,13.606879911288353,0,0
1.873321533203125,0.2723838390681744,13.58272845225356,0,0
1.87261962890625,0.2720960673388412,13.558609709118205,0,0
1.871826171875,0.2718051350844755,13.534524068701966,0,0
1.870574951171875,0.271530777913392,13.51047191233122,0,0
1.868408203125,0.2712924802937522,13.486453615879835,0,0
1.868438720703125,0.2711080469274616,13.462469549809983,0,0
1.866729736328125,0.2709921102477765,13.438520079213003,0,0
1.8662109375,0.2709548304421644,13.414605563850255,0,0
1.865509033203125,0.2710006787278157,13.390726358194044,0,0
1.865264892578125,0.2711273021795078,13.366882811468471,0,0
1.867706298828125,0.27132479149274036,13.34307526769036,0,0
1.874176025390625,0.27157621743281346,13.319304065710106,0,0
1.878692626953125,0.27186048688070585,13.295569539252597,0,0
1.877960205078125,0.27215681293994887,13.271872016958003,0,0
1.87774658203125,0.27244814680101004,13.248211822422647,0,0
1.87774658203125,0.27272212410643887,13.224589274239765,0,0
1.877349853515625,0.27297055899931394,13.201004686040267,0,0
1.877166748046875,0.2731887044765119,13.177458366533427,0,0
1.876861572265625,0.2733745141974251,13.153950619547562,0,0
1.87701416015625,0.2735279250080377,13.130481744070584,0,0
1.87677001953125,0.2736502604027157,13.107052034290565,0,0
1.876983642578125,0.2737437704378859,13.08366177963618,0,0
1.876739501953125,0.273811260065158,13.06031126481711,0,0
1.876800537109375,0.2738557587576126,13.037000769864322,0,0
1.876983642578125,0.27388022450502003,13.01373057017034,0,0
1.87689208984375,0.27388732725716836,12.990500936529324,0,0
1.877349853515625,0.27387932941820714,12.96731213517716,0,0
1.877685546875,0.27385808105093956,12.944164427831373,0,0
1.877410888671875,0.2738251271022462,12.921058071730974,0,0
1.877838134765625,0.273781792047191,12.89799331967619,0,0
1.877716064453125,0.2737291806496845,12.874970420068088,0,0
1.8778076171875,0.2736681684015115,12.85198961694807,0,0
1.877899169921875,0.27359938718090554,12.829051150037255,0,0
1.87799072265625,0.2735232074059748,12.806155254775742,0,0
1.878204345703125,0.2734397638027298,12.783302162361727,0,0
1.87811279296875,0.27334902199354427,12.760492099790499,0,0
1.8780517578125,0.2732508217897711,12.737725289893325,0,0
1.878143310546875,0.2731448515607706,12.715001951376118,0,0
1.878204345703125,0.2730306086008377,12.69232229885807,0,0
1.87811279296875,0.2729074051924942,12.66968654291004,0,0
1.878021240234375,0.2727743754090888,12.647094890092848,0,0
1.8782958984375,0.2726304561357744,12.624547542995408,0,0
1.877410888671875,0.2724743570660955,12.602044700272685,0,0
1.877777099609375,0.2723044458917351,12.579586556683518,0,0
1.877655029296875,0.27211857789779337,12.557173303128254,0,0
1.87762451171875,0.2719140477639811,12.534805126686244,0,0
1.876617431640625,0.2716875865825972,12.512482210653156,0,0
1.87774658203125,0.27143524110910383,12.490204734578116,0,0
1.878082275390625,0.27115241504932885,12.467972874300688,0,0
1.8770751953125,0.27083427965585694,12.445786801987667,0,0
1.876922607421875,0.27047609565420805,12.4236466861697,0,0
1.87646484375,0.27007313252044385,12.401552691777729,0,0
1.875701904296875,0.26962044605955715,12.379504980179236,0,0
1.87493896484375,0.26911263901659144,12.357503709214344,0,0
1.8748779296875,0.2685435726361115,12.335549033231674,0,0
1.876495361328125,0.2679063689462863,12.31364110312407,0,0
1.8775634765625,0.26719424167734296,12.291780066364087,0,0
1.878448486328125,0.2664021934528952,12.269966067039329,0,0
1.87884521484375,0.26552901532182466,12.248199245887562,0,0
1.8787841796875,0.2645790717572911,12.22647974033164,0,0
1.87841796875,0.2635636942035528,12.204807684514257,0,0
1.87860107421875,0.262502233016769,12.183183209332455,0,0
1.878570556640625,0.26142300388532747,12.161606442471976,0,0
1.878997802734375,0.26036435553834547,12.140077508441395,0,0
1.8775634765625,0.25937577388625394,12.11859652860605,0,0
1.85931396484375,0.2585173020324786,12.097163621221767,0,0
1.827728271484375,0.2578521201926942,12.075778901468382,0,0
1.805084228515625,0.2574275995199198,12.05444248148307,0,0
1.8499755859375,0.2572527532320904,12.033154470393457,0,0
1.8756103515625,0.2572930040598833,12.011914974350502,0,0
1.87493896484375,0.25748898350524907,11.990724096561218,0,0
1.875152587890625,0.25777956692109316,11.969581937321141,0,0
1.874969482421875,0.25811247832630174,11.948488594046621,0,0
1.875701904296875,0.2584458152195451,11.927444161306868,0,0
1.8756103515625,0.2587478291055343,11.906448730855823,0,0
1.87322998046875,0.25899661788202544,11.885502391663783,0,0
1.872406005859375,0.25917913593010655,11.864605229948847,0,0
1.871978759765625,0.25928953510554925,11.843757329208119,0,0
1.8712158203125,0.25932761089701273,11.822958770248702,0,0
1.87109375,0.2592977388147003,11.802209631218508,0,0
1.87054443359375,0.259208129076818,11.781509987636811,0,0
1.870147705078125,0.2590702531174116,11.760859912424612,0,0
1.869476318359375,0.258898333607792,11.740259475934774,0,0
1.8695068359375,0.25870884480013,11.719708745981974,0,0
1.868438720703125,0.2585200668746128,11.699207787872375,0,0
1.867462158203125,0.2583515802730032,11.678756664433157,0,0
1.866424560546875,0.25822347699458037,11.65835543604178,0,0
1.8642578125,0.2581552108531747,11.638004160655054,0,0
1.86309814453125,0.2581640592521703,11.617702893837984,0,0
1.8621826171875,0.25826332352021464,11.597451688792415,0,0
1.86114501953125,0.2584606236666483,11.577250596385424,0,0
1.861541748046875,0.2587564998765203,11.557099665177555,0,0
1.8624267578125,0.25914347746543154,11.53699894145077,0,0
1.8663330078125,0.2596060346375831,11.516948469236256,0,0
1.8726806640625,0.2601222084888592,11.496948290341956,0,0
1.8760986328125,0.2606672469901267,11.476998444379918,0,0
1.875762939453125,0.2612180836026525,11.457098968793417,0,0
1.87548828125,0.26175630082641616,11.437249898883884,0,0
1.875152587890625,0.2622687156550659,11.417451267837581,0,0
1.87518310546875,0.26274666381514333,11.397703106752106,0,0
1.875,0.2631851073711598,11.378005444662652,0,0
1.874603271484375,0.26358184513593974,11.35835830856808,0,0
1.874969482421875,0.263936765944199,11.338761723456754,0,0
1.874755859375,0.2642511997382188,11.319215712332182,0,0
1.875,0.2645274391183351,11.299720296238442,0,0
1.875030517578125,0.26476838109261824,11.280275494285394,0,0
1.875152587890625,0.26497724636007763,11.260881323673686,0,0
1.875335693359375,0.2651573712197112,11.241537799719552,0,0
1.875396728515625,0.26531205976332645,11.222244935879385,0,0
1.8753662109375,0.26544446775267805,11.203002743774134,0,0
1.87579345703125,0.2655574963572147,11.183811233213456,0,0
1.875732421875,0.2656537423908544,11.164670412219698,0,0
1.8758544921875,0.2657355108343321,11.145580287051638,0,0
1.8760986328125,0.2658048250173508,11.126540862228048,0,0
1.876007080078125,0.26586343850477634,11.10755214055104,0,0
1.876220703125,0.2659128598942917,11.088614123129204,0,0
1.87615966796875,0.2659543633058678,11.069726809400558,0,0
1.87646484375,0.2659890032215898,11.05089019715528,0,0
1.876373291015625,0.2660176639875268,11.032104282558254,0,0
1.87640380859375,0.2660411152434658,11.013369060171392,0,0
1.876373291015625,0.26606001968368065,10.994684522975788,0,0
1.87640380859375,0.2660748990362526,10.97605066239365,0,0
1.876373291015625,0.2660861008346772,10.957467468310035,0,0
1.876373291015625,0.26609377456467653,10.938934929094405,0,0
1.87640380859375,0.26609785228676913,10.92045303162196,0,0
1.87646484375,0.26609804727575875,10.902021761294806,0,0
1.87615966796875,0.2660938593762787,10.883641102062905,0,0
1.875946044921875,0.26608450997829086,10.865311036444837,0,0
1.875885009765625,0.2660687709692776,10.84703154554838,0,0
1.8760986328125,0.2660448029588851,10.828802609090895,0,0
1.8760986328125,0.26601013907600224,10.810624205419503,0,0
1.8756103515625,0.2659617573801863,10.792496311531105,0,0
1.876312255859375,0.26589611027095195,10.774418903092187,0,0
1.876800537109375,0.26580925104913766,10.756391954458438,0,0
1.876373291015625,0.26569722317295635,10.738415438694215,0,0
1.8759765625,0.2655564288522964,10.720489327591778,0,0
1.875640869140625,0.26538365726384516,10.702613591690367,0,0
1.874969482421875,0.26517586541360844,10.684788200295097,0,0
1.873687744140625,0.26492982088569283,10.667013121495657,0,0
1.873382568359375,0.2646415496951404,10.649288322184834,0,0
1.87481689453125,0.2643058862243157,10.631613768076878,0,0
1.876708984375,0.2639168622928799,10.613989423725645,0,0
1.877197265625,0.2634692136384239,10.5964152525426,0,0
1.8770751953125,0.2629602823384982,10.57889121681463,0,0
1.877349853515625,0.2623914687208272,10.561417277721684,0,0
1.87738037109375,0.26176918835896096,10.543993395354228,0,0
1.877410888671875,0.261105705360793,10.526619528730548,0,0
1.877716064453125,0.26041999803046756,10.509295635813855,0,0
1.8773193359375,0.2597386419394948,10.49202167352925,0,0
1.877349853515625,0.2590966258783918,10.474797597780485,0,0
1.86712646484375,0.25853726948168326,10.457623363466585,0,0
1.83917236328125,0.2581076895821001,10.440498924498288,0,0
1.80804443359375,0.25784411372352334,10.423424233814313,0,0
1.873321533203125,0.2577523520723642,10.406399243397482,0,0
1.873382568359375,0.257804592467903,10.389423904290656,0,0
1.873016357421875,0.25795748534113955,10.372498166612534,0,0
1.873291015625,0.25816936426153536,10.355621979573252,0,0
1.8740234375,0.2584051055195964,10.338795291489868,0,0
1.874542236328125,0.25863631330610604,10.322018049801652,0,0
1.872894287109375,0.2588415969984075,10.305290201085228,0,0
1.872528076171875,0.25900637252530734,10.288611691069566,0,0
1.87152099609375,0.2591220113171276,10.27198246465081,0,0
1.87115478515625,0.25918478946656276,10.255402465906956,0,0
1.871002197265625,0.2591950239915787,10.238871638112373,0,0
1.870941162109375,0.2591565239075974,10.222389923752173,0,0
1.870574951171875,0.2590763391424311,10.205957264536424,0,0
1.870269775390625,0.2589646258663652,10.189573601414232,0,0
1.869781494140625,0.2588344653590463,10.17323887458764,0,0
1.86895751953125,0.25870157698323376,10.156953023525414,0,0
1.86737060546875,0.25858380344628756,10.140715986976671,0,0
1.8665771484375,0.2585002258348435,10.12452770298434,0,0
1.865020751953125,0.25846998307391905,10.108388108898508,0,0
1.8634033203125,0.2585109222331552,10.092297141389615,0,0
1.8614501953125,0.25863798565432916,10.076254736461491,0,0
1.860626220703125,0.2588613115154969,10.060260829464276,0,0
1.859893798828125,0.2591843657887328,10.044315355107177,0,0
1.861083984375,0.2596025521660397,10.028418247471098,0,0
1.864013671875,0.2601027849670798,10.01256944002115,0,0
1.870330810546875,0.2606647194875415,9.996768865618977,0,0
1.874755859375,0.2612641368088861,9.981016456534995,0,0
1.87481689453125,0.26187755688200154,9.965312144460478,0,0
1.874298095703125,0.2624857542421557,9.9496558605195,0,0
1.8739013671875,0.2630748163185029,9.934047535280754,0,0
1.873687744140625,0.2636355406863061,9.918487098769267,0,0
1.87347412109375,0.2641624534996222,9.90297448047792,0,0
1.873382568359375,0.2646529366689932,9.887509609378906,0,0
1.873260498046875,0.26510648658488023,9.872092413935034,0,0
1.87322998046875,0.2655240778384408,9.856722822110894,0,0
1.8734130859375,0.26590763443017273,9.841400761383913,0,0
1.873687744140625,0.26625965441225946,9.826126158755281,0,0
1.87359619140625,0.2665829958847759,9.810898940760763,0,0
1.87353515625,0.26688070585736506,9.79571903348137,0,0
1.873809814453125,0.26715579797845335,9.780586362553931,0,0
1.873992919921875,0.2674110672308959,9.765500853181527,0,0
1.874359130859375,0.2676490523943093,9.750462430143811,0,0
1.874298095703125,0.2678721088829051,9.73547101780722,0,0
1.874298095703125,0.2680824611834522,9.72052654013506,0,0
1.87432861328125,0.2682821522177459,9.705628920697478,0,0
1.874420166015625,0.2684729372135735,9.690778082681314,0,0
1.87445068359375,0.26865620648438193,9.675973948899856,0,0
1.874725341796875,0.2688329625704763,9.661216441802464,0,0
1.8746337890625,0.26900384786666687,9.646505483484086,0,0
1.875213623046875,0.26916921917497016,9.631840995694679,0,0
1.8751220703125,0.26932928640642,9.617222899848498,0,0
1.875030517578125,0.2694842690471432,9.602651117033293,0,0
1.87506103515625,0.2696344421498533,9.58812556801939,0,0
1.875,0.26978006917119873,9.573646173268676,0,0
1.875335693359375,0.26992134904191833,9.559212852943457,0,0
1.875274658203125,0.27005845473132595,9.54482552691524,0,0
1.8751220703125,0.27019161285329785,9.530484114773396,0,0
1.875335693359375,0.27032112367300964,9.51618853583371,0,0
1.87542724609375,0.2704473576147108,9.50193870914685,0,0
1.875213623046875,0.27057080534097944,9.487734553506737,0,0
1.875030517578125,0.2706920919998906,9.473575987458778,0,0
1.875274658203125,0.2708118912476775,9.459462929308064,0,0
1.875,0.27093084557659214,9.4453952971274,0,0
1.874908447265625,0.27104952653256503,9.431373008765304,0,0
1.874755859375,0.27116834536066414,9.417395981853849,0,0
1.87481689453125,0.27128742276530426,9.403464133816465,0,0
1.87451171875,0.27140648599086914,9.389577381875615,0,0
1.873992919921875,0.2715247341751047,9.375735643060375,0,0
1.874420166015625,0.27164060893820824,9.361938834213952,0,0
1.8741455078125,0.2717516107487776,9.348186872001078,0,0
1.874176025390625,0.2718542682206529,9.334479672915334,0,0
1.8740234375,0.2719441472836437,9.320817153286374,0,0
1.874359130859375,0.27201585425183145,9.30719922928707,0,0
1.875457763671875,0.2720632179732353,9.29362581694056,0,0
1.874420166015625,0.2720797526060474,9.280096832127228,0,0
1.873931884765625,0.2720590290183449,9.26661219059156,0,0
1.87359619140625,0.2719945675161783,9.253171807948966,0,0
1.87408447265625,0.2718795491002577,9.239775599692477,0,0
1.87322998046875,0.27170680017359605,9.226423481199378,0,0
1.873199462890625,0.2714689564260272,9.21311536773775,0,0
1.874359130859375,0.27115868874173465,9.19985117447295,0,0
1.8753662109375,0.2707693818207688,9.186630816473981,0,0
1.876068115234375,0.27029650908129144,9.173454208719807,0,0
1.87628173828125,0.269739318274049,9.160321266105573,0,0
1.876220703125,0.2691023477336412,9.147231903448763,0,0
1.876434326171875,0.26839664669067403,9.134186035495258,0,0
1.876312255859375,0.26764083860006627,9.121183576925347,0,0
1.876220703125,0.2668621522890177,9.108224442359637,0,0
1.87615966796875,0.2660974115226993,9.095308546364901,0,0
1.87615966796875,0.26539397252591956,9.08243580345985,0,0
1.866302490234375,0.2648098954292334,9.069606128120832,0,0
1.83624267578125,0.2644096012529451,9.056819434787451,0,0
1.80548095703125,0.26424889388372336,9.04407563786813,0,0
1.8310546875,0.26435180114123835,9.031374651745596,0,0
1.87261962890625,0.2646981531812252,9.01871639078228,0,0
1.87237548828125,0.2652361362283954,9.006100769325682,0,0
1.8719482421875,0.2659060795996233,8.993527701713624,0,0
1.871917724609375,0.26665427171106065,8.980997102279478,0,0
1.872711181640625,0.2674354144342218,8.968508885357286,0,0
1.873443603515625,0.26821220497016235,8.956062965286867,0,0
1.872833251953125,0.2689552112215702,8.943659256418787,0,0
1.872161865234375,0.2696425732862593,8.931297673119342,0,0
1.871185302734375,0.2702591253902148,8.9189781297754,0,0
1.870697021484375,0.27079507858838675,8.906700540799259,0,0
1.870635986328125,0.2712446961654639,8.894464820633367,0,0
1.870391845703125,0.2716052916202839,8.882270883755028,0,0
1.869354248046875,0.27187652263359796,8.870118644681048,0,0
1.868988037109375,0.2720596811892987,8.858008017972272,0,0
1.868011474609375,0.2721568639521319,8.845938918238126,0,0
1.867401123046875,0.2721701422282721,8.833911260141061,0,0
1.865631103515625,0.2721007269087438,8.821924958400931,0,0
1.864166259765625,0.2719479462244284,8.809979927799352,0,0
1.86260986328125,0.271707958197905,8.798076083183963,0,0
1.8607177734375,0.2713723390453861,8.78621333947265,0,0
1.859375,0.27092669521941637,8.77439161165772,0,0
1.858917236328125,0.27034948407245973,8.76261081481001,0,0
1.85968017578125,0.2696114828489774,8.750870864082932,0,0
1.862396240234375,0.26867648441080505,8.739171674716493,0,0
1.868072509765625,0.26750386284551453,8.727513162041227,0,0
1.87353515625,0.2660535615406944,8.715895241482098,0,0
1.871063232421875,0.26429270860536375,8.704317828562354,0,0
1.8662109375,0.26220093215830637,8.692780838907307,0,0
1.86151123046875,0.2597719169187104,8.681284188248078,0,0
1.8568115234375,0.2570119118051605,8.669827792425288,0,0
1.852203369140625,0.25393737746887657,8.658411567392704,0,0
1.84698486328125,0.25057285036077115,8.64703542922084,0,0
1.8419189453125,0.24694904187052483,8.635699294100473,0,0
1.837158203125,0.24310108963346588,8.624403078346175,0,0
1.83203125,0.23906706382028553,8.61314669839974,0,0
1.826873779296875,0.23488675913629853,8.601930070833603,0,0
1.82183837890625,0.2306006440554878,8.590753112354175,0,0
1.816680908203125,0.22624891143029685,8.579615739805176,0,0
1.8121337890625,0.22187068509070956,8.56851787017089,0,0
1.80712890625,0.21750343691223573,8.557459420579397,0,0
1.80224609375,0.21318256018296383,8.546440308305728,0,0
1.797821044921875,0.20894097601983436,8.535460450775032,0,0
1.79290771484375,0.2048087567201963,8.524519765565646,0,0
1.788787841796875,0.20081278472089212,8.513618170412142,0,0
1.785003662109375,0.1969764805240256,8.50275558320836,0,0
1.78070068359375,0.19331968437834723,8.491931922010343,0,0
1.77734375,0.1898586253433321,8.481147105039286,0,0
1.77459716796875,0.18660594271072048,8.470401050684409,0,0
1.770843505859375,0.18357088604375596,8.459693677505815,0,0
1.768341064453125,0.1807595870345882,8.449024904237284,0,0
1.76556396484375,0.17817523646095845,8.438394649789053,0,0
1.763580322265625,0.17581828589881265,8.427802833250537,0,0
1.761383056640625,0.17368678362819073,8.417249373893027,0,0
1.759307861328125,0.1717767589360118,8.406734191172344,0,0
1.757476806640625,0.17008251937553148,8.396257204731462,0,0
1.7564697265625,0.16859687395207648,8.385818334403082,0,0
1.75457763671875,0.16731141361766474,8.375417500212185,0,0
1.75421142578125,0.1662168477278805,8.365054622378544,0,0
1.7518310546875,0.1653032779936122,8.354729621319198,0,0
1.751953125,0.16456031319444347,8.344442417650894,0,0
1.75177001953125,0.16397718188229726,8.3341929321925,0,0
1.749664306640625,0.16354304188770305,8.323981085967379,0,0
1.74951171875,0.16324713196693666,8.313806800205727,0,0
1.74945068359375,0.16307857088133287,8.303669996346887,0,0
1.74969482421875,0.16302632061711142,8.293570596041624,0,0
1.749664306640625,0.16307955002199262,8.28350852115438,0,0
1.749359130859375,0.16322806712556376,8.273483693765472,0,0
1.7493896484375,0.16346254260993398,8.263496036173292,0,0
1.74945068359375,0.1637745382266523,8.253545470896453,0,0
1.749542236328125,0.16415649013186112,8.24363192067592,0,0
1.749359130859375,0.16460168004596593,8.233755308477091,0,0
1.749603271484375,0.1651041191090851,8.223915557491873,0,0
1.749359130859375,0.16565833458857007,8.214112591140722,0,0
1.749298095703125,0.1662590672282525,8.20434633307464,0,0
1.749542236328125,0.16690087301450096,8.194616707177161,0,0
1.750091552734375,0.16757775295956556,8.184923637566314,0,0
1.751739501953125,0.1682830644370158,8.175267048596528,0,0
1.7520751953125,0.16900986495987874,8.165646864860546,0,0
1.75189208984375,0.16975139928950062,8.156063011191304,0,0
1.75189208984375,0.170501183379496,8.146515412663758,0,0
1.75244140625,0.1712526246631629,8.137003994596725,0,0
1.754486083984375,0.17199873862711532,8.127528682554667,0,0
1.754302978515625,0.17273240760072245,8.118089402349474,0,0
1.75439453125,0.17344685004514063,8.108686080042201,0,0
1.754486083984375,0.17413567668605623,8.099318641944796,0,0
1.7568359375,0.17479270765741572,8.089987014621798,0,0
1.75677490234375,0.17541223058852454,8.08069112489202,0,0
1.756805419921875,0.1759896151657076,8.071430899830197,0,0
1.756805419921875,0.17652159008609528,8.062206266768616,0,0
1.756866455078125,0.17700605275985418,8.053017153298722,0,0
1.7567138671875,0.17744176691030775,8.043863487272722,0,0
1.7567138671875,0.1778280881061427,8.034745196805122,0,0
1.756927490234375,0.17816472862124053,8.025662210274305,0,0
1.756866455078125,0.1784516336756047,8.01661445632402,0,0
1.756683349609375,0.17868895154495754,8.007601863864911,0,0
1.75689697265625,0.1788770088778211,7.99862436207599,0,0
1.756622314453125,0.17901630704879498,7.989681880406096,0,0
1.756744384765625,0.17910758242652436,7.980774348575341,0,0
1.75665283203125,0.17915191838469927,7.971901696576544,0,0
1.756805419921875,0.17915093060663007,7.9630638546766175,0,0
1.7568359375,0.17910705798678028,7.954260753417967,0,0
1.754638671875,0.17902377870862432,7.945492323619863,0,0
1.754486083984375,0.17890536537390644,7.9367584963797775,0,0
1.754608154296875,0.1787563009865033,7.928059203074726,0,0
1.754364013671875,0.1785810332728919,7.919394375362582,0,0
1.754119873046875,0.1783842243772495,7.910763945183379,0,0
1.751800537109375,0.17817094790439578,7.902167844760581,0,0
1.7518310546875,0.17794637854636638,7.89360600660236,0,0
1.75164794921875,0.17771523101050557,7.8850783635028385,0,0
1.75079345703125,0.17748153349859802,7.876584848543332,0,0
1.7491455078125,0.17724860324485361,7.868125395093546,0,0
1.749420166015625,0.1770187457165462,7.859699936812803,0,0
1.749237060546875,0.17679292488160697,7.85130840765122,0,0
1.7470703125,0.1765707238346919,7.842950741850877,0,0
1.746673583984375,0.17635015525159217,7.834626873946983,0,0
1.746337890625,0.17612712461597493,7.82633673876902,0,0
1.744384765625,0.17589496234478752,7.818080271441864,0,0
1.744476318359375,0.17564404475543152,7.809857407386918,0,0
1.743743896484375,0.17536141049961862,7.801668082323199,0,0
1.741912841796875,0.17503051945738127,7.793512232268445,0,0
1.742401123046875,0.1746310268426516,7.785389793540185,0,0
1.7408447265625,0.17413858158061565,7.777300702756803,0,0
1.739837646484375,0.17352479912336485,7.76924489683859,0,0
1.739501953125,0.17275726711589343,7.761222313008796,0,0
1.737701416015625,0.1717996087274807,7.753232888794647,0,0
1.7371826171875,0.17061171280912737,7.7452765620283754,0,0
1.7364501953125,0.16915015547520287,7.737353270848212,0,0
1.734832763671875,0.1673689645701482,7.729462953699398,0,0
1.733612060546875,0.16522066281919606,7.721605549335161,0,0
1.73236083984375,0.16265745025910536,7.713780996817691,0,0
1.730316162109375,0.15963265663321763,7.705989235519107,0,0
1.728179931640625,0.15610248243937763,7.698230205122414,0,0
1.725555419921875,0.15202788571110554,7.690503845622438,0,0
1.721435546875,0.14737652239747617,7.6828100973267786,0,0
1.716644287109375,0.14212451711587584,7.675148900856717,0,0
1.710418701171875,0.13625776978598197,7.667520197148145,0,0
1.703399658203125,0.1297726816298236,7.659923927452473,0,0
1.69549560546875,0.12267632890300406,7.652360033337527,0,0
1.686798095703125,0.11498618833576327,7.644828456688436,0,0
1.67706298828125,0.10672950910534221,7.637329139708522,0,0
1.667236328125,0.09794237150774257,7.629862024920183,0,0
1.656341552734375,0.08866852322352353,7.622427055165742,0,0
1.64520263671875,0.07895808100323598,7.615024173608322,0,0
1.633941650390625,0.06886613128570285,7.607653323732699,0,0
1.6220703125,0.058451321982702475,7.600314449346138,0,0
1.610260009765625,0.04777451580658054,7.59300749457925,0,0
1.598175048828125,0.036897493652634394,7.585732403886806,0,0
1.586090087890625,0.02588172335348149,7.578489122048581,0,0
1.574432373046875,0.014787251095963017,7.5712775941701675,0,0
1.56231689453125,0.003671779632550165,7.564097765683785,0,0
1.550750732421875,-0.0074100765810274916,7.556949582349101,0,0
1.539398193359375,-0.018407398793163998,7.549832990254027,0,0
1.528228759765625,-0.029273381286691713,7.542747935815519,0,0
1.51708984375,-0.03996555452909145,7.535694365780368,0,0
1.50640869140625,-0.05044592183149588,7.528672227226004,0,0
1.495941162109375,-0.060681053071013846,7.521681467561253,0,0
1.486114501953125,-0.07064207816951762,7.514722034527145,0,0
1.476409912109375,-0.08030452468998162,7.507793876197666,0,0
1.466796875,-0.08964804139226862,7.500896940980547,0,0
1.45794677734375,-0.09865611981534234,7.494031177618021,0,0
1.448944091796875,-0.10731584360749519,7.487196535187601,0,0
1.4405517578125,-0.11561764965961141,7.480392963102806,0,0
1.432525634765625,-0.123555119476839,7.4736204111139655,0,0
1.425262451171875,-0.13112473770142075,7.466878829308943,0,0
1.4173583984375,-0.1383255624220972,7.460168168113893,0,0
1.410736083984375,-0.1451589263123681,7.453488378294016,0,0
1.40435791015625,-0.15162820249388953,7.446839410954289,0,0
1.39825439453125,-0.15773847027522286,7.4402212175402385,0,0
1.39208984375,-0.16349608911305746,7.433633749838648,0,0
1.386077880859375,-0.16890841281186358,7.427076959978328,0,0
1.38092041015625,-0.17398373967940306,7.42055080043083,0,0
1.376068115234375,-0.17873132376335388,7.414055224011199,0,0
1.371429443359375,-0.18316125504347103,7.407590183878704,0,0
1.366912841796875,-0.18728425252242598,7.401155633537572,0,0
1.363128662109375,-0.19111149311755066,7.394751526837713,0,0
1.3590087890625,-0.1946544708776936,7.388377817975477,0,0
1.355560302734375,-0.19792487813470006,7.382034461494352,0,0
1.352020263671875,-0.2009345544060116,7.3757214122857215,0,0
1.3494873046875,-0.20369545734119043,7.369438625589582,0,0
1.3460693359375,-0.2062195756067995,7.363186056995285,0,0
1.34344482421875,-0.20851886986639678,7.356963662442253,0,0
1.34130859375,-0.2106053256148518,7.350771398220723,0,0
1.339324951171875,-0.21249095084256742,7.344609220972474,0,0
1.337249755859375,-0.21418759945946553,7.33847708769156,0,0
1.335601806640625,-0.2157067569388159,7.332374955725042,0,0
1.33319091796875,-0.2170594408776435,7.326302782773722,0,0
1.33197021484375,-0.21825627818428173,7.320260526892881,0,0
1.331085205078125,-0.21930762252763708,7.31424814649301,0,0
1.329345703125,-0.22022348494504673,7.308265600340558,0,0
1.328582763671875,-0.22101337246384212,7.3023128475586585,0,0
1.327667236328125,-0.22168620314332838,7.296389847627886,0,0
1.325897216796875,-0.22225027504030104,7.2904965603869805,0,0
1.326446533203125,-0.2227132990253189,7.284632946033614,0,0
1.325469970703125,-0.22308233969791735,7.2787989651251275,0,0
1.32373046875,-0.2233636189269005,7.272994578579278,0,0
1.3236083984375,-0.22356259542725154,7.267219747674998,0,0
1.3238525390625,-0.22368426488293913,7.261474434053156,0,0
1.32379150390625,-0.22373309025547256,7.2557585997173,0,0
1.323577880859375,-0.22371253830047844,7.250072207034443,0,0
1.321380615234375,-0.2236248058400292,7.244415218735806,0,0
1.32110595703125,-0.22347121294061845,7.238787597917596,0,0
1.321136474609375,-0.22325303832584326,7.233189308041787,0,0
1.321075439453125,-0.22297209161162074,7.22762031293688,0,0
1.321197509765625,-0.22263081192171624,7.222080576798703,0,0
1.321197509765625,-0.2222322001237348,7.216570064191176,0,0
1.321319580078125,-0.2217797709792224,7.21108874004712,0,0
1.3209228515625,-0.22127758097383143,7.205636569669035,0,0
1.32122802734375,-0.22073038903111258,7.2002135187299094,0,0
1.322357177734375,-0.22014380815993279,7.194819553274011,0,0
1.32379150390625,-0.21952407072747449,7.189454639717712,0,0
1.32379150390625,-0.2188773148185299,7.184118744850291,0,0
1.323760986328125,-0.21820890554234945,7.17881183583475,0,0
1.32373046875,-0.21752328921725184,7.173533880208652,0,0
1.323455810546875,-0.21682431297442128,7.168284845884932,0,0
1.323333740234375,-0.21611574392713956,7.163064701152755,0,0
1.324554443359375,-0.21540176999500704,7.157873414678335,0,0
1.326019287109375,-0.21468709611492914,7.152710955505803,0,0
1.32611083984375,-0.21397644610352273,7.147577293058053,0,0
1.326324462890625,-0.21327394422997326,7.1424723971376,0,0
1.3260498046875,-0.21258293514727827,7.137396237927452,0,0
1.326202392578125,-0.2119062469001881,7.132348785991977,0,0
1.326019287109375,-0.2112466235331863,7.127330012277804,0,0
1.328643798828125,-0.2106069765130107,7.122339888114685,0,0
1.328857421875,-0.20999001601089076,7.1173783852164165,0,0
1.328704833984375,-0.20939741678762613,7.11244547568172,0,0
1.328948974609375,-0.20882930581493106,7.107541131995165,0,0
1.32879638671875,-0.20828431025900754,7.102665327028098,0,0
1.32879638671875,-0.20775979892003968,7.0978180340395465,0,0
1.328887939453125,-0.207252133610819,7.092999226677169,0,0
1.32855224609375,-0.20675692377250576,7.088208878978202,0,0
1.3284912109375,-0.2062693129772356,7.083446965370394,0,0
1.32861328125,-0.20578430855522095,7.078713460672992,0,0
1.328704833984375,-0.2052970476019453,7.074008340097678,0,0
1.32843017578125,-0.20480296356423253,7.069331579249586,0,0
1.328582763671875,-0.20429797031227942,7.064683154128253,0,0
1.328826904296875,-0.20377867772724062,7.060063041128648,0,0
1.32861328125,-0.2032425451403459,7.0554712170421485,0,0
1.328643798828125,-0.20268802632557295,7.050907659057583,0,0
1.328826904296875,-0.20211479291407955,7.046372344762241,0,0
1.328460693359375,-0.20152399187947315,7.041865252142913,0,0
1.328826904296875,-0.20091852306506547,7.0373863595869395,0,0
1.330230712890625,-0.20030321842911677,7.032935645883268,0,0
1.331024169921875,-0.19968459338334887,7.0285130902235124,0,0
1.3309326171875,-0.19907021073399242,7.0241186722030395,0,0
1.3311767578125,-0.19846819328803655,7.019752371822058,0,0
1.331268310546875,-0.19788714168233879,7.015414169486717,0,0
1.331207275390625,-0.19733625213783795,7.011104046010207,0,0
1.3309326171875,-0.19682550282084052,7.006821982613902,0,0
1.332611083984375,-0.1963658084569739,7.002567960928478,0,0
1.333526611328125,-0.19596875052924217,6.998341962995065,0,0
1.33349609375,-0.19564574329484904,6.994143971266405,0,0
1.333709716796875,-0.19540716393530624,6.9899739686080276,0,0
1.33349609375,-0.1952618616041251,6.985831938299418,0,0
1.33367919921875,-0.19521689779817597,6.981717864035228,0,0
1.333099365234375,-0.19527730785890543,6.977631729926476,0,0
1.330810546875,-0.19544603527202908,6.97357352050177,0,0
1.33111572265625,-0.1957243175863095,6.969543220708533,0,0
1.330841064453125,-0.19611217999651293,6.9655408159142675,0,0
1.32952880859375,-0.1966084575337828,6.9615662919078005,0,0
1.328643798828125,-0.1972105803175905,6.957619634900569,0,0
1.327911376953125,-0.19791453834460393,6.953700831527894,0,0
1.326019287109375,-0.1987149265267292,6.949809868850299,0,0
1.324951171875,-0.19960503821123868,6.945946734354814,0,0
1.32373046875,-0.20057705436278708,6.942111415956313,0,0
1.321624755859375,-0.20162220607423267,6.938303901998857,0,0
1.32086181640625,-0.20273091472516816,6.934524181257057,0,0
1.318939208984375,-0.20389291303231022,6.93077224293744,0,0
1.316986083984375,-0.20509731482685334,6.927048076679851,0,0
1.315704345703125,-0.20633276632355343,6.923351672558856,0,0
1.314178466796875,-0.20758762541915055,6.919683021085154,0,0
1.311767578125,-0.20885003861104956,6.91604211320703,0,0
1.310302734375,-0.21010810002085628,6.9124289403118,0,0
1.30902099609375,-0.2113501244480886,6.9088434942272725,0,0
1.306488037109375,-0.21256482244964428,6.905285767223248,0,0
1.3048095703125,-0.21374150476094753,6.901755752013017,0,0
1.30401611328125,-0.21487043142848086,6.89825344175488,0,0
1.301727294921875,-0.21594302820829087,6.894778830053679,0,0
1.301177978515625,-0.21695191520342147,6.89133191096236,0,0
1.299224853515625,-0.2178909264220117,6.887912678983536,0,0
1.2989501953125,-0.21875509714850322,6.884521129071082,0,0
1.296783447265625,-0.21954059238714077,6.88115725663174,0,0
1.29638671875,-0.22024469183490464,6.877821057526746,0,0
1.29547119140625,-0.22086582691088838,6.8745125280734705,0,0
1.29425048828125,-0.22140353636173773,6.871231665047075,0,0
1.2943115234375,-0.22185835839540183,6.867978465682221,0,0
1.29425048828125,-0.22223160556860241,6.864752927674725,0,0
1.291717529296875,-0.22252501334929523,6.861555049183323,0,0
1.291778564453125,-0.22274072409170587,6.858384828831377,0,0
1.29193115234375,-0.22288163172610284,6.855242265708652,0,0
1.291961669921875,-0.22295138450074944,6.852127359373085,0,0
1.29150390625,-0.22295391706894757,6.849040109852598,0,0
1.291748046875,-0.22289299398297652,6.845980517646895,0,0
1.291839599609375,-0.2227718842158715,6.842948583729326,0,0
1.289459228515625,-0.2225931836749499,6.8399443095487324,0,0
1.28924560546875,-0.22235918310540004,6.8369676970313344,0,0
1.289337158203125,-0.22207273620209717,6.834018748582643,0,0
1.28948974609375,-0.22173787571429227,6.831097467089372,0,0
1.28955078125,-0.22135987855340133,6.828203855921396,0,0
1.289154052734375,-0.2209451665592523,6.825337918933718,0,0
1.291351318359375,-0.22050119858997777,6.822499660468459,0,0
1.2918701171875,-0.22003598223905327,6.819689085356881,0,0
1.2918701171875,-0.21955714078645855,6.816906198921412,0,0
1.29168701171875,-0.2190711866769216,6.8141510069777285,0,0
1.291900634765625,-0.21858337940781358,6.8114235158368235,0,0
1.291839599609375,-0.21809785988323888,6.808723732307115,0,0
1.291595458984375,-0.2176178017874865,6.806051663696596,0,0
1.291717529296875,-0.21714560873722463,6.803407317814982,0,0
1.291656494140625,-0.2166831460040858,6.800790702975894,0,0
1.29168701171875,-0.21623192354918722,6.798201827999059,0,0
1.291839599609375,-0.21579321849084276,6.795640702212562,0,0
1.29205322265625,-0.2153681302859192,6.793107335455088,0,0
1.29180908203125,-0.21495756921512027,6.79060173807821,0,0
1.291839599609375,-0.21456227481282378,6.788123920948707,0,0
1.2918701171875,-0.21418291319947796,6.785673895450896,0,0
1.2918701171875,-0.21382016789326616,6.783251673488989,0,0
1.29193115234375,-0.21347476838764667,6.7808572674895,0,0
1.291748046875,-0.21314749203089156,6.77849069040365,0,0
1.29168701171875,-0.2128391907080166,6.7761519557098175,0,0
1.291748046875,-0.21255084359753504,6.773841077416017,0,0
1.291778564453125,-0.2122835665176019,6.771558070062394,0,0
1.291717529296875,-0.21203854023274155,6.769302948723764,0,0
1.291595458984375,-0.21181691353228085,6.767075729012166,0,0
1.29193115234375,-0.21161970500898636,6.764876427079458,0,0
1.2918701171875,-0.21144762731452596,6.762705059619935,0,0
1.29217529296875,-0.21130079448861477,6.7605616438729745,0,0
1.2916259765625,-0.21117840119163625,6.758446197625724,0,0
1.290985107421875,-0.2110785568324553,6.756358739215803,0,0
1.289520263671875,-0.21099848554790673,6.75429928753405,0,0
1.289093017578125,-0.21093513924726737,6.7522678620273,0,0
1.28924560546875,-0.2108858950388011,6.7502644827011755,0,0
1.28936767578125,-0.21084884903076753,6.748289170122941,0,0
1.2894287109375,-0.21082259719473853,6.746341945424365,0,0
1.289276123046875,-0.21080579769651708,6.744422830304609,0,0
1.289306640625,-0.21079676360889948,6.742531847033191,0,0
1.287139892578125,-0.21079327099602696,6.740669018452935,0,0
1.287017822265625,-0.21079284910850257,6.738834367982978,0,0
1.28680419921875,-0.21079340647635486,6.737027919621823,0,0
1.28692626953125,-0.21079358144822463,6.735249697950374,0,0
1.286865234375,-0.21079259775769948,6.733499728135105,0,0
1.286834716796875,-0.21078989587997257,6.731778035931138,0,0
1.286834716796875,-0.2107847425942029,6.73008464768547,0,0
1.28570556640625,-0.2107759344413557,6.728419590340173,0,0
1.2845458984375,-0.2107618359383643,6.7267828914356445,0,0
1.284454345703125,-0.2107408472402512,6.725174579113906,0,0
1.284271240234375,-0.2107119147066706,6.723594682121925,0,0
1.2843017578125,-0.2106746748878243,6.722043229814985,0,0
1.284149169921875,-0.2106292805850724,6.720520252160089,0,0
1.28424072265625,-0.2105761239918517,6.719025779739417,0,0
1.28472900390625,-0.21051549171529776,6.7175598437537865,0,0
1.28350830078125,-0.21044716817802067,6.716122476026193,0,0
1.282073974609375,-0.21037033891799484,6.714713709005373,0,0
1.281890869140625,-0.21028410402534187,6.713333575769412,0,0
1.281951904296875,-0.2101881867287076,6.711982110029382,0,0
1.28204345703125,-0.21008320761541732,6.710659346133038,0,0
1.281890869140625,-0.20997051034173084,6.709365319068552,0,0
1.28192138671875,-0.20985187562808186,6.708100064468277,0,0
1.282318115234375,-0.2097292434736045,6.706863618612574,0,0
1.2813720703125,-0.20960442179471211,6.70565601843368,0,0
1.279571533203125,-0.2094790646784027,6.704477301519588,0,0
1.279632568359375,-0.20935524834027314,6.703327506118036,0,0
1.27978515625,-0.20923624032441038,6.702206671140465,0,0
1.279571533203125,-0.2091267854240404,6.701114836166102,0,0
1.279754638671875,-0.20903292861663061,6.700052041446006,0,0
1.279571533203125,-0.2089617296552288,6.699018327907238,0,0
1.2794189453125,-0.20892098817989835,6.698013737157038,0,0
1.279571533203125,-0.20891898083426416,6.697038311487046,0,0
1.279541015625,-0.20896414946891567,6.69609209387759,0,0
1.279571533203125,-0.20906467453397992,6.695175128002027,0,0
1.279571533203125,-0.2092279658235671,6.694287458231102,0,0
1.279449462890625,-0.20946011240154144,6.693429129637399,0,0
1.277557373046875,-0.20976543932921948,6.692600187999818,0,0
1.276947021484375,-0.21014647947711013,6.691800679808101,0,0
1.277252197265625,-0.2106042437545391,6.691030652267436,0,0
1.275634765625,-0.21113823941464785,6.690290153303076,0,0
1.274322509765625,-0.21174629210192292,6.6895792315650455,0,0
1.27435302734375,-0.21242458264689595,6.688897936432891,0,0
1.27197265625,-0.21316774853317122,6.688246318020476,0,0
1.27203369140625,-0.21396889490541082,6.68762442718084,0,0
1.26959228515625,-0.21481964674336906,6.687032315511123,0,0
1.267303466796875,-0.21571039830864827,6.686470035357522,0,0
1.2672119140625,-0.21663086933487677,6.685937639820342,0,0
1.264373779296875,-0.2175706612764954,6.685435182759056,0,0
1.26446533203125,-0.21851953734058754,6.684962718797483,0,0
1.2620849609375,-0.219467551764296,6.684520303328968,0,0
1.262054443359375,-0.22040507435521728,6.684107992521669,0,0
1.25982666015625,-0.22132271528692504,6.683725843323881,0,0
1.259307861328125,-0.22221125753185766,6.683373913469413,0,0
1.257354736328125,-0.22306167667799126,6.683052261483068,0,0
1.257232666015625,-0.22386520216690742,6.68276094668614,0,0
1.25494384765625,-0.22461333492608967,6.682500029202004,0,0
1.254791259765625,-0.22529788876232357,6.682269569961756,0,0
1.253387451171875,-0.22591108377647612,6.682069630709943,0,0
1.252105712890625,-0.22644563300000684,6.681900274010322,0,0
1.25225830078125,-0.22689485407320661,6.681761563251721,0,0
1.251190185546875,-0.2272526959388606,6.6816535626539535,0,0
1.249908447265625,-0.2275136611399458,6.681576337273799,0,0
1.250091552734375,-0.22767289989280243,6.681529953011064,0,0
1.25006103515625,-0.2277263501588819,6.681514476614699,0,1
1.249969482421875,-0.22767056475914266,6.681575028060528,0,0
1.250030517578125,-0.22750234476157008,6.681756303783712,0,0
1.250152587890625,-0.22721843484087198,6.6820577455855865,0,0
1.249908447265625,-0.22681532860909553,6.682478808069389,0,0
1.249908447265625,-0.22628923621084437,6.683018958441578,0,0
1.24993896484375,-0.2256362549091605,6.68367767631743,0,0
1.250274658203125,-0.22485265105008947,6.684454453530761,0,0
1.251220703125,-0.22393509783821564,6.685348793947698,0,0
1.252532958984375,-0.2228806950675678,6.686360213284378,0,0
1.25238037109375,-0.22168678156176708,6.687488238928484,0,0
1.25396728515625,-0.22035084948794628,6.68873240976451,0,0
1.2548828125,-0.21887065734685093,6.690092276002681,0,0
1.256072998046875,-0.21724432342311242,6.691567399011409,0,0
1.257476806640625,-0.21547038388432352,6.693157351153211,0,0
1.25927734375,-0.21354787909213244,6.694861715624001,0,0
1.2606201171875,-0.21147640358547812,6.6966800862956575,0,0
1.262603759765625,-0.2092561594493523,6.698612067561804,0,0
1.26458740234375,-0.20688806577252805,6.7006572741867005,0,0
1.26702880859375,-0.20437383026783476,6.702815331157176,0,0
1.26947021484375,-0.20171590204639686,6.705085873537525,0,0
1.271881103515625,-0.1989173469126774,6.7074685463273,0,0
1.27490234375,-0.19598172004786252,6.709963004321908,0,0
1.277587890625,-0.19291292824256454,6.712568911975946,0,0
1.28045654296875,-0.18971507783995548,6.71528594326922,0,0
1.283416748046875,-0.18639239070360777,6.71811378157537,0,0
1.286102294921875,-0.18294924048080977,6.72105211953301,0,0
1.290008544921875,-0.17939025846544004,6.7241006589193715,0,0
1.2930908203125,-0.17572036233650754,6.727259110526335,0,0
1.296661376953125,-0.17194466116355966,6.730527194038805,0,0
1.300384521484375,-0.16806836088059204,6.7339046379153915,0,0
1.30401611328125,-0.16409669400593557,6.737391179271299,0,0
1.3077392578125,-0.16003483799224344,6.740986563763393,0,0
1.31158447265625,-0.15588787084675398,6.744690545477369,0,0
1.315643310546875,-0.15166075796591116,6.748502886817001,0,0
1.319610595703125,-0.14735830950340473,6.752423358395359,0,0
1.323516845703125,-0.14298512751272502,6.756451738928006,0,0
1.327850341796875,-0.1385455987555938,6.760587815128074,0,0
1.332000732421875,-0.13404389809544118,6.764831381603192,0,0
1.336456298828125,-0.1294839380184123,6.7691822407542155,0,0
1.340911865234375,-0.12486926172061294,6.773640202675701,0,0
1.34539794921875,-0.12020289134467801,6.778205085058074,0,0
1.3494873046875,-0.1154871867893117,6.7828767130914605,0,0
1.354278564453125,-0.1107237984328481,6.787654919371126,0,0
1.358673095703125,-0.105913670105264,6.792539543804476,0,0
1.363494873046875,-0.1010569901368291,6.797530433519563,0,0
1.367889404296875,-0.09615310316769787,6.8026274427751,0,0
1.372344970703125,-0.09120047839982334,6.80783043287187,0,0
1.376800537109375,-0.08619681259681042,6.813139272065557,0,0
1.38153076171875,-0.08113924203567169,6.818553835480913,0,0
1.38629150390625,-0.07602454712908921,6.824074005027241,0,0
1.391021728515625,-0.07084928878017535,6.829699669315144,0,0
1.3956298828125,-0.06560993684842145,6.835430723574519,0,0
1.4002685546875,-0.06030309010283179,6.84126706957373,0,0
1.40472412109375,-0.054925839055422615,6.847208615539949,0,0
1.409423828125,-0.04947627011537118,6.853255276080613,0,0
1.414337158203125,-0.04395404473622484,6.859406972105964,0,0
1.419403076171875,-0.03836092888628533,6.8656636307526435,0,0
1.42864990234375,-0.032700891397138165,6.872025185308293,0,0
1.433502197265625,-0.026979210893211147,6.878491575137133,0,0
1.438690185546875,-0.021201012762484428,6.885062745606494,0,0
1.44415283203125,-0.015370468416053237,6.891738648014249,0,0
1.44921875,-0.009490862588435591,6.898519239517123,0,0
1.454803466796875,-0.00356491094586206,6.905404483059864,0,0
1.4600830078125,0.0024049227949532806,6.912394347305198,0,0
1.465667724609375,0.008416118976668593,6.91948880656459,0,0
1.4708251953125,0.014465788978759983,6.926687840729734,0,0
1.4766845703125,0.020550322289428782,6.933991435204783,0,0
1.482635498046875,0.026665082423973183,6.9413995808392315,0,0
1.48809814453125,0.03280426393113831,6.94891227386149,0,0
1.493804931640625,0.038960807149388564,6.956529515813065,0,0
1.49969482421875,0.04512623444442574,6.964251313483338,0,0
1.505584716796875,0.051290494274730425,6.97207767884491,0,0
1.51123046875,0.05744189882736635,6.98000862898949,0,0
1.51739501953125,0.06356710594245368,6.988044186064278,0,0
1.52325439453125,0.06965115707555229,6.9961843772088415,0,0
1.529388427734375,0.07567763951046715,7.004429234492432,0,0
1.535125732421875,0.08162895379063126,7.01277879485173,0,0
1.541015625,0.08748661638959494,7.021233100028973,0,0
1.54669189453125,0.09323156538994207,7.029792196510466,0,0
1.55230712890625,0.09884448125396791,7.03845613546541,0,0
1.557769775390625,0.10430613313928165,7.04722497268506,0,0
1.562835693359375,0.10959772728774447,7.056098768522152,0,0
1.568084716796875,0.11470122707260794,7.0650775878305865,0,0
1.572601318359375,0.11959964573020726,7.074161499905342,0,0
1.5772705078125,0.12427730514695332,7.083350578422598,0,0
1.581146240234375,0.12872001876075045,7.092644901380015,0,0
1.58526611328125,0.132915178067884,7.102044551037166,0,0
1.588623046875,0.1368517662719079,7.111549613856097,0,0
1.592132568359375,0.14052033004898634,7.121160180441973,0,0
1.595489501953125,0.14391296139650153,7.130876345483788,0,0
1.597930908203125,0.14702333963207218,7.140698207695114,0,0
1.600494384765625,0.14984675406381606,7.150625869754869,0,0
1.602813720703125,0.15238003284333673,7.160659438248059,0,0
1.604400634765625,0.1546214521573418,7.170799023606502,0,0
1.60638427734375,0.15657065714358923,7.181044740049453,0,0
1.60723876953125,0.15822856949916278,7.191396705524145,0,0
1.6090087890625,0.15959731207997557,7.201855041646242,0,0
1.609222412109375,0.1606801928761829,7.212419873640078,0,0
1.60888671875,0.16148162745878386,7.2230913302787885,0,0
1.6090087890625,0.16200676162449792,7.23386954382419,0,0
1.60919189453125,0.16226092670561099,7.244754649966469,1,0
1.609161376953125,0.16224935110896999,7.255746787763577,0,0
1.609161376953125,0.1619772569146638,7.2668460995803805,0,0
1.6072998046875,0.16145010044792432,7.278052731027472,0,0
1.606781005859375,0.16067362195510976,7.289366830899663,0,0
1.604949951171875,0.15965366127531302,7.300788551114098,0,0
1.604034423828125,0.15839599505993301,7.312318046647987,0,0
1.6015625,0.1569062960644065,7.323955475475912,0,0
1.60009765625,0.15519010525282725,7.335700998506689,0,0
1.597930908203125,0.1532528077364697,7.347554779519758,0,0
1.595550537109375,0.15109970846184073,7.359516985101056,0,0
1.592864990234375,0.14873615544021332,7.371587784578379,0,0
1.590179443359375,0.1461675990598293,7.383767349956164,0,0
1.587158203125,0.14339962417435623,7.396055855849695,0,0
1.583587646484375,0.1404379779570019,7.408453479418696,0,0
1.580413818359375,0.13728852755334914,7.420960400300252,0,0
1.576934814453125,0.1339571977145172,7.433576800541093,0,0
1.5731201171875,0.13045000454532946,7.446302864529147,0,0
1.5693359375,0.12677314857970307,7.459138778924357,0,0
1.565582275390625,0.1229331164472166,7.472084732588758,0,0
1.56121826171875,0.11893683806563146,7.4851409165157365,0,0
1.556854248046875,0.11479185242453957,7.498307523758481,0,0
1.552581787109375,0.11050640258983944,7.511584749357566,0,0
1.5477294921875,0.10608950983747026,7.52497279026767,0,0
1.542633056640625,0.10155101683939813,7.538471845283354,0,0
1.537811279296875,0.09690150017794157,7.552082114963913,0,0
1.533172607421875,0.09215214542707957,7.565803801557239,0,0
1.527923583984375,0.08731476835837743,7.579637108922681,0,0
1.522613525390625,0.08240191190461943,7.593582242452852,0,0
1.51715087890625,0.07742681773874731,7.607639408994375,0,0
1.511444091796875,0.07240322567392198,7.6218088167675155,0,0
1.506134033203125,0.06734506990051453,7.636090675284674,0,0
1.500640869140625,0.0622661772208776,7.650485195267706,0,0
1.495574951171875,0.057180076758638225,7.664992588564043,0,0
1.490142822265625,0.05209995299380256,7.679613068061569,0,0
1.484527587890625,0.047038650939722294,7.694346847602214,0,0
1.478912353515625,0.04200856966687103,7.709194141894261,0,0
1.4736328125,0.0370213995272305,7.724155166423288,0,0
1.468658447265625,0.03208786437309361,7.7392301373617505,0,0
1.463653564453125,0.02721764000537515,7.754419271477141,0,0
1.45849609375,0.022419427162157043,7.769722786038699,0,0
1.453826904296875,0.017701044295543075,7.785140898722646,0,0
1.44891357421875,0.013069508963262713,7.800673827515895,0,0
1.444244384765625,0.008531141510221371,7.81632179061819,0,0
1.439727783203125,0.004091675509769727,7.832085006342685,0,0
1.435089111328125,-0.00024363292043662387,7.847963693014848,0,0
1.430694580078125,-0.0044699086623474224,7.863958068869733,0,0
1.425994873046875,-0.008582626114816569,7.880068351947524,0,0
1.421661376953125,-0.012577687317808567,7.896294759987341,0,0
1.417938232421875,-0.016451553379400376,7.912637510319262,0,0
1.41387939453125,-0.020201267483477222,7.929096819754518,0,0
1.410003662109375,-0.023824348592080526,7.945672904473835,0,0
1.406402587890625,-0.027318698598336622,7.962365979913856,0,0
1.40277099609375,-0.030682553497383958,7.979176260651649,0,0
1.399261474609375,-0.03391443568569321,7.996103960287202,0,0
1.395904541015625,-0.0370131324103901,8.013149291323918,0,0
1.392333984375,-0.039977736355715866,8.030312465047032,0,0
1.389434814453125,-0.04280775652680864,8.047593691399934,0,0
1.386322021484375,-0.045503245534219854,8.064993178858334,0,0
1.383636474609375,-0.04806487061894733,8.082511134302242,0,0
1.381134033203125,-0.05049391448044646,8.100147762885724,0,0
1.378570556640625,-0.052792207383677014,8.117903267904364,0,0
1.3759765625,-0.05496204386361859,8.135777850660443,0,0
1.3740234375,-0.05700615723090299,8.153771710325705,0,0
1.37139892578125,-0.058927724161323254,8.17188504380179,0,0
1.36920166015625,-0.06073041430345785,8.190118045578139,0,0
1.367340087890625,-0.06241854471738375,8.20847090758748,0,0
1.365570068359375,-0.06399722954840087,8.226943819058723,0,0
1.363677978515625,-0.06547241913391694,8.245536966367311,0,0
1.362152099609375,-0.0668509042878368,8.264250532882915,0,0
1.3607177734375,-0.06814032873041614,8.283084698814486,0,0
1.35894775390625,-0.06934917873389004,8.302039641052568,0,0
1.358154296875,-0.07048676364460832,8.321115533008857,0,0
1.356414794921875,-0.07156316580488481,8.340312544452956,0,0
1.355712890625,-0.07258913522725192,8.359630841346268,0,0
1.354827880859375,-0.07357591727638098,8.379070585672993,0,0
1.353302001953125,-0.07453498735174618,8.39863193526817,0,0
1.35296630859375,-0.075477777827725,8.418315043642746,0,0
1.351715087890625,-0.0764154162188323,8.438120059805572,0,0
1.350616455078125,-0.07735841841044275,8.458047128082343,0,0
1.3505859375,-0.07831636782464826,8.47809638793139,0,0
1.34832763671875,-0.07929755523582509,8.498267973756294,0,0
1.347869873046875,-0.08030868042506241,8.518562014715249,0,0
1.3460693359375,-0.0813547614903449,8.538978634527206,0,0
1.345458984375,-0.08243910516457874,8.55951795127463,0,0
1.343231201171875,-0.08356323658903095,8.580180077202941,0,0
1.34259033203125,-0.08472688726772908,8.600965118516493,0,0
1.340606689453125,-0.08592803713796415,8.621873175171128,0,0
1.338714599609375,-0.08716299273638396,8.642904340663199,0,0
1.337432861328125,-0.08842660156157447,8.66405870181505,0,0
1.33551025390625,-0.08971253809971243,8.68533633855687,0,0
1.33349609375,-0.09101355752340665,8.706737323704926,0,0
1.33209228515625,-0.09232180585213376,8.728261722736088,0,0
1.330780029296875,-0.0936291123406091,8.749909593558602,0,0
1.328643798828125,-0.09492711094305128,8.771680986279097,0,0
1.32720947265625,-0.09620734144708296,8.793575942965745,0,0
1.326019287109375,-0.09746143106803344,8.815594497407558,0,0
1.323883056640625,-0.09868122034585855,8.83773667486974,0,0
1.322357177734375,-0.09985889991288002,8.860002491845114,0,0
1.321197509765625,-0.10098727678721493,8.882391955801499,0,0
1.31927490234375,-0.1020600284497277,8.904905064925062,0,0
1.318878173828125,-0.10307185235844525,8.927541807859578,0,0
1.317169189453125,-0.10401850890951178,8.95030216344154,0,0
1.316314697265625,-0.10489677999908745,8.973186100431109,0,0
1.31591796875,-0.10570440303151032,8.996193577238843,0,0
1.313873291015625,-0.10643996620203956,9.019324541648174,0,0
1.314178466796875,-0.107102840940257,9.042578930533592,0,0
1.31390380859375,-0.1076930782584976,9.065956669574502,0,0
1.31182861328125,-0.10821110383486998,9.089457672964722,0,0
1.311431884765625,-0.10865759295826756,9.113081843117559,0,0
1.311553955078125,-0.10903369598373369,9.136829070366483,0,0
1.311431884765625,-0.10934104126031448,9.160699232661305,0,0
1.311370849609375,-0.10958129098842867,9.18469219525988,0,0
1.31005859375,-0.10975568431289956,9.208807810415266,0,0
1.30889892578125,-0.10986503155804317,9.233045917058332,0,0
1.308929443359375,-0.10991021506921073,9.257406340475788,0,0
1.308990478515625,-0.10989271145140901,9.2818888919836,0,0
1.308990478515625,-0.10981469994289815,9.30649336859577,0,0
1.308746337890625,-0.10967890057331156,9.331219552688477,0,0
1.3092041015625,-0.109488433732428,9.356067211659518,0,0
1.309234619140625,-0.10924669603781026,9.381036097583092,0,0
1.30902099609375,-0.10895721042813156,9.40612594685984,0,0
1.30877685546875,-0.10862361309742277,9.431336479862187,0,0
1.30908203125,-0.10824985051945125,9.45666740057495,0,0
1.308990478515625,-0.10784041312102768,9.482118396231192,0,0
1.310455322265625,-0.10740039980315419,9.507689136943336,0,0
1.31146240234375,-0.106935209638266,9.533379275329526,0,0
1.31146240234375,-0.10644986239433565,9.559188446135241,0,0
1.3115234375,-0.1059484170934559,9.585116265850141,0,0
1.31146240234375,-0.10543388055220897,9.611162332320175,0,0
1.311492919921875,-0.10490847607998548,9.637326224354966,0,0
1.311737060546875,-0.10437399923990132,9.66360750133043,0,0
1.311492919921875,-0.10383215220897424,9.690005702786722,0,0
1.311798095703125,-0.10328488092322857,9.716520348021456,0,0
1.314208984375,-0.10273454801747169,9.743150935678258,0,0
1.31396484375,-0.1021835652695785,9.769896943330677,0,0
1.314056396484375,-0.10163372747073601,9.796757827061466,0,0
1.31396484375,-0.10108598233285886,9.823733021037274,0,0
1.314117431640625,-0.10054072378000677,9.8508219370788,0,0
1.31439208984375,-0.09999818307279087,9.87802396422641,0,0
1.314239501953125,-0.09945873396259042,9.905338468301315,0,0
1.31622314453125,-0.098923049210597,9.932764791462326,0,0
1.316375732421875,-0.09839188895572946,9.960302251758256,0,0
1.31646728515625,-0.09786559817957263,9.987950142676006,0,0
1.316436767578125,-0.09734384214929116,10.015707732684435,0,0
1.31634521484375,-0.09682579426405624,10.043574264774072,0,0
1.31622314453125,-0.09631055071179108,10.071548955992721,0,0
1.3162841796875,-0.09579760546268706,10.099630996977064,0,0
1.3179931640625,-0.09528718488191751,10.127819551480371,0,0
1.318695068359375,-0.09478009317168318,10.156113755896353,0,0
1.3192138671875,-0.09427707794084038,10.184512718779317,0,0
1.318939208984375,-0.09377825195367598,10.213015520360669,0,0
1.31903076171875,-0.09328298176767158,10.241621212061945,0,0
1.319183349609375,-0.09279014554060541,10.270328816004428,0,0
1.319122314453125,-0.09229847308035742,10.299137324515513,0,0
1.319305419921875,-0.09180685233556884,10.328045699631936,0,0
1.321014404296875,-0.09131449818813633,10.35705287260002,0,0
1.3211669921875,-0.0908207316148652,10.38615774337306,0,0
1.32098388671875,-0.09032450971983008,10.415359180106046,0,0
1.32098388671875,-0.08982426902249749,10.444656018647839,0,0
1.320953369140625,-0.08931822262084352,10.474047062031003,0,0
1.321197509765625,-0.08880478658680102,10.503531079959451,0,0
1.321319580078125,-0.08828292469121846,10.53310680829411,0,0
1.3212890625,-0.08775242143757422,10.562772948536805,0,0
1.3223876953125,-0.08721409977312386,10.592528167312517,0,0
1.32391357421875,-0.08666976220696405,10.622371095850312,0,0
1.32379150390625,-0.08612168374156934,10.65230032946308,0,0
1.32373046875,-0.0855720817942276,10.682314427026386,0,0
1.32403564453125,-0.08502307204207746,10.712411910456611,0,0
1.323638916015625,-0.08447700292265459,10.742591264188697,0,0
1.32391357421875,-0.08393688973298484,10.772850934653695,0,0
1.3238525390625,-0.08340686908372125,10.803189329756446,0,0
1.326080322265625,-0.0828924547015237,10.833604818353624,0,0
1.326416015625,-0.08240023819411507,10.864095729732487,0,0
1.326171875,-0.08193720213609182,10.89466035309057,0,0
1.326171875,-0.08151035010048571,10.925296937016709,0,0
1.3260498046875,-0.08112689231592202,10.956003688973663,0,0
1.32757568359375,-0.0807945066551755,10.986778774782698,0,0
1.328582763671875,-0.08052111904437897,11.01762031811046,0,0
1.32879638671875,-0.08031411734093816,11.048526399958517,0,0
1.32855224609375,-0.08017951755604857,11.07949505815593,0,0
1.3284912109375,-0.08012156564865669,11.110524286855217,0,0
1.328765869140625,-0.08014265957729462,11.141612036032143,0,0
1.327423095703125,-0.08024332033894935,11.172756210989691,0,0
1.326141357421875,-0.0804223822756815,11.203954671866668,0,0
1.325927734375,-0.08067760640265129,11.235205233151355,0,0
1.3265380859375,-0.08100625407054744,11.266505663200666,0,0
1.326324462890625,-0.08140501166315237,11.297853683765233,0,0
1.323883056640625,-0.0818695499168624,11.329246969520911,0,0
1.32366943359375,-0.08239454518062968,11.36068314760717,0,0
1.32373046875,-0.08297412218807564,11.392159797172878,0,0
1.321624755859375,-0.08360203569790023,11.423674448929926,0,0
1.32098388671875,-0.08427170451457777,11.455224584715305,0,0
1.320831298828125,-0.08497643771886351,11.486807637062075,0,0
1.318695068359375,-0.08570958477308893,11.518420988779788,0,0
1.318817138671875,-0.0864645737914216,11.55006197254496,0,0
1.317138671875,-0.08723500976859563,11.581727870502096,0,0
1.316253662109375,-0.08801476974341825,11.613415913875883,0,0
1.315765380859375,-0.08879809315353343,11.645123282595142,0,0
1.313995361328125,-0.08957965166402129,11.676847104929092,0,0
1.3138427734375,-0.09035459604278374,11.708584457136615,0,0
1.31268310546875,-0.09111859314687795,11.74033236312908,0,0
1.311370849609375,-0.09186781088910147,11.772087794147398,0,0
1.3116455078125,-0.09259890650830119,11.803847668453939,0,0
1.309478759765625,-0.09330898860380775,11.835608851039975,0,0
1.309295654296875,-0.09399559120119258,11.86736815334933,0,0
1.309234619140625,-0.0946567020952373,11.899122333018886,0,0
1.306976318359375,-0.09529066844093506,11.930868093636672,0,0
1.306610107421875,-0.09589618266701302,11.962602084518211,0,0
1.306732177734375,-0.09647249874384992,11.994320900501839,0,0
1.3060302734375,-0.09701939697371603,12.02602108176371,0,0
1.30401611328125,-0.0975369074082433,12.057699113653262,0,0
1.30419921875,-0.09802537820108287,12.089351426549765,0,0
1.304107666015625,-0.09848574064238627,12.120974395740848,0,0
1.30413818359375,-0.09891935028982121,12.152564341323629,0,0
1.301788330078125,-0.09932756750772806,12.184117528129253,0,0
1.30169677734375,-0.099711776119834,12.215630165671625,0,0
1.301544189453125,-0.10007381344416647,12.247098408121056,0,0
1.301605224609375,-0.10041612108181447,12.278518354303658,0,0
1.301727294921875,-0.10074138382289537,12.309886047727188,0,0
1.300933837890625,-0.10105199639262594,12.341197476634184,0,0
1.299346923828125,-0.10134979817517048,12.372448574083167,0,0
1.299102783203125,-0.10163634026399661,12.403635218058689,0,0
1.299224853515625,-0.10191336532296423,12.434753231610966,0,0
1.299163818359375,-0.10218290947560506,12.465798383025986,0,0
1.299163818359375,-0.10244696007534645,12.49676638602679,0,0
1.298370361328125,-0.1027070368340732,12.527652900006723,0,0
1.296539306640625,-0.10296409595242186,12.558453530295496,0,0
1.296905517578125,-0.10321893788952932,12.589163828458759,0,0
1.296875,-0.10347269059199131,12.619779292631996,0,0
1.29681396484375,-0.1037268010585368,12.650295367889523,0,0
1.29681396484375,-0.10398263183279755,12.680707446649334,0,0
1.296051025390625,-0.10424106494524558,12.711010869114512,0,0
1.294097900390625,-0.10450243392737059,12.741200923752011,0,0
1.29425048828125,-0.1047669788783431,12.7712728478095,0,0
1.294464111328125,-0.10503542205646026,12.801221827871005,0,0
1.294281005859375,-0.10530901984488249,12.831043000452027,0,0
1.29437255859375,-0.10558914016979962,12.860731452634866,0,0
1.293609619140625,-0.10587681827364456,12.8902822227448,0,0
1.291961669921875,-0.10617261843446381,12.919690301067803,0,0
1.291839599609375,-0.1064769693116603,12.948950630610382,0,0
1.29180908203125,-0.10679065927842231,12.978058107902239,0,0
1.291778564453125,-0.10711493868866041,13.00700758384229,0,0
1.291748046875,-0.10745118001110339,13.035793864588596,0,0
1.290863037109375,-0.10780044830048534,13.064411712492854,0,0
1.28936767578125,-0.10816335281325712,13.092855847079846,0,0
1.28936767578125,-0.10854033833374686,13.121120946072432,0,0
1.289459228515625,-0.1089320366110782,13.149201646462485,0,0
1.289276123046875,-0.10933917080562518,13.17709254562827,0,0
1.289398193359375,-0.10976206029245263,13.20478820249858,0,0
1.28704833984375,-0.11020018640905313,13.232283138764062,0,0
1.287078857421875,-0.1106522413251605,13.259571840136017,0,0
1.2869873046875,-0.11111649655509664,13.286648757653015,0,0
1.286956787109375,-0.1115908380428914,13.313508309035496,0,0
1.285125732421875,-0.11207243334804132,13.34014488008863,0,0
1.284515380859375,-0.11255766749200044,13.366552826153578,0,0
1.28436279296875,-0.11304247173080215,13.392726473607286,0,0
1.284027099609375,-0.11352251347241368,13.41866012141083,0,0
1.281982421875,-0.11399313550562676,13.44434804270644,0,0
1.2818603515625,-0.1144495235458547,13.469784486463087,0,0
1.282012939453125,-0.11488707756603467,13.494963679170572,0,0
1.28082275390625,-0.11530148148754188,13.519879826582054,0,0
1.279541015625,-0.11568863364681478,13.544527115504751,0,0
1.279571533203125,-0.11604491021793326,13.568899715638628,0,0
1.279510498046875,-0.11636749701079241,13.59299178146275,0,0
1.278839111328125,-0.11665436944463824,13.616797454168983,0,0
1.2772216796875,-0.11690422014872924,13.64031086364257,0,0
1.27716064453125,-0.11711679680690916,13.663526130489158,0,0
1.277069091796875,-0.1172934321996098,13.686437368107722,0,0
1.277252197265625,-0.11743723459626346,13.709038684808798,0,0
1.277008056640625,-0.11755288624031404,13.731324185977314,0,0
1.277069091796875,-0.11764635194341658,13.753287976279365,0,0
1.277191162109375,-0.11772463423642598,13.774924161912029,0,0
1.277099609375,-0.11779552085027678,13.796226852895527,0,0
1.277130126953125,-0.11786731690138635,13.817190165406554,0,0
1.276885986328125,-0.11794862385376279,13.83780822415204,0,0
1.277099609375,-0.11804816964380269,13.858075164782072,0,0
1.277069091796875,-0.11817461187039972,13.87798513634095,0,0
1.2772216796875,-0.11833624726743171,13.897532303755101,0,0
1.277008056640625,-0.11854065667799486,13.916710850356623,0,0
1.27691650390625,-0.11879436774710947,13.935514980441068,0,0
1.27679443359375,-0.11910256370187562,13.953938921858073,0,0
1.2755126953125,-0.11946887454204794,13.971976928633355,0,0
1.27459716796875,-0.11989543178641433,13.989623283620428,0,0
1.27447509765625,-0.12038320959517806,14.006872301180552,0,0
1.274627685546875,-0.12093222515678512,14.023718329889078,0,0
1.27301025390625,-0.121541341538033,14.040155755266543,0,0
1.27197265625,-0.12220809938563275,14.056179002532534,0,0
1.27178955078125,-0.1229288958594221,14.071782539380632,0,0
1.269775390625,-0.12369922856332669,14.086960878772214,0,0
1.26953125,-0.1245138691511517,14.101708581747303,0,0
1.268218994140625,-0.12536705345118807,14.116020260250272,0,0
1.2672119140625,-0.1262526072647111,14.129890579968247,0,0
1.266357421875,-0.12716401207941722,14.143314263180018,0,0
1.264678955078125,-0.12809449986175778,14.156286091613216,0,0
1.264678955078125,-0.12903715939211569,14.168800909307343,0,0
1.262420654296875,-0.12998498905101757,14.180853625480413,0,0
1.26226806640625,-0.13093093604315267,14.192439217396615,0,0
1.26043701171875,-0.13186799862852827,14.2035527332327,0,0
1.259674072265625,-0.13278935850153512,14.214189294940413,0,0
1.25885009765625,-0.13368850119947573,14.22434410110245,0,0
1.2572021484375,-0.13455930045537218,14.23401242977946,0,0
1.2572021484375,-0.13539608541919906,14.243189641345255,0,0
1.25555419921875,-0.136193679655575,14.251871181307653,0,0
1.255035400390625,-0.13694740036516442,14.26005258311233,0,0
1.254730224609375,-0.13765305817806098,14.26772947092676,0,0
1.2530517578125,-0.13830691074423015,14.274897562401698,0,0
1.252197265625,-0.13890571189549067,14.281552671407205,0,0
1.25238037109375,-0.13944696545496316,14.28769071074073,0,0
1.252288818359375,-0.13992897921291914,14.29330769480412,0,0
1.250274658203125,-0.14035060348107595,14.298399742246984,0,0
1.249847412109375,-0.14071124680231123,14.302963078573514,0,0
1.249664306640625,-0.14101133637311355,14.306994038710018,0,0
1.24993896484375,-0.14125262590653678,14.310489069530192,0,0
1.24951171875,-0.1414380489261251,14.313444732335592,0,0
1.250030517578125,-0.14157138225244612,14.315857705288359,0,0
1.2498779296875,-0.1416569016201389,14.317724785793391,0,0
1.24993896484375,-0.14169903503884043,14.319042892827488,0,0
1.25,-0.14170208040403243,14.31980906921241,0,1
1.2498779296875,-0.14167002388803748,14.320296569761487,0,0
1.250274658203125,-0.14160640896636922,14.320780568911347,0,0
1.24981689453125,-0.1415142243740563,14.321261083144545,0,0
1.250152587890625,-0.14139585035095237,14.321738128953319,0,0
1.2501220703125,-0.14125307342251914,14.322211722839489,0,0
1.25006103515625,-0.14108710761831683,14.322681881314395,0,0
1.25,-0.14089864725250822,14.323148620898802,0,0
1.249786376953125,-0.1406880248014116,14.323611958122834,0,0
1.250213623046875,-0.14045543158846924,14.324071909525887,0,0
1.2496337890625,-0.14020112052178862,14.32452849165655,0,0
1.25006103515625,-0.13992561965404846,14.324981721072525,0,0
1.249755859375,-0.13962999661441713,14.32543161434056,0,0
1.25030517578125,-0.13931610417938708,14.325878188036366,0,0
1.2520751953125,-0.1389866045863355,14.326321458744513,0,0
1.252655029296875,-0.1386444993210206,14.32676144305841,0,0
1.25225830078125,-0.1382923584245738,14.327198157580176,0,0
1.252410888671875,-0.1379319220512078,14.327631618920583,0,0
1.252471923828125,-0.1375642613877393,14.328061843698984,0,0
1.25238037109375,-0.13719012520085963,14.328488848543245,0,0
1.252471923828125,-0.13681027842009824,14.328912650089627,0,0
1.253265380859375,-0.1364257966960025,14.329333264982768,0,0
1.254913330078125,-0.1360380646567487,14.32975070987558,0,0
1.25506591796875,-0.1356482784695234,14.330165001429174,0,0
1.25482177734375,-0.13525682370047254,14.330576156312782,0,0
1.25482177734375,-0.13486312094511507,14.3309841912037,0,0
1.25469970703125,-0.13446597338223973,14.331389122787208,0,0
1.255340576171875,-0.13406401968809517,14.331790967756481,0,0
1.2572021484375,-0.13365588478727206,14.33218974281255,0,0
1.257171630859375,-0.13323979051946253,14.332585464664193,0,0
1.257232666015625,-0.1328129683151925,14.332978150027898,0,0
1.2574462890625,-0.1323714720832639,14.33336781562776,0,0
1.2572021484375,-0.13191042933247923,14.333754478195427,0,0
1.2574462890625,-0.1314244589656736,14.334138154470043,0,0
1.258819580078125,-0.13090803717076693,14.334518861198138,0,0
1.2598876953125,-0.13035548657076146,14.3348966151336,0,0
1.259918212890625,-0.12976055428116123,14.33527143303758,0,0
1.26007080078125,-0.12911609927257267,14.335643331678437,0,0
1.26031494140625,-0.12841426178592008,14.336012327831655,0,0
1.260955810546875,-0.1276469156163492,14.33637843827979,0,0
1.262420654296875,-0.12680601054431656,14.336741679812384,0,0
1.26226806640625,-0.1258836542138594,14.337102069225923,0,0
1.26287841796875,-0.12487221382009851,14.337459623323738,0,0
1.26470947265625,-0.12376464485207787,14.337814358915976,0,0
1.264312744140625,-0.1225548068333927,14.338166292819489,0,0
1.266876220703125,-0.12123768246047656,14.338515441857805,0,0
1.267608642578125,-0.11980954554107132,14.338861822861046,0,0
1.26947021484375,-0.1182679648220369,14.33920545266587,0,0
1.27105712890625,-0.11661172329580334,14.339546348115395,0,0
1.272552490234375,-0.11484077909715451,14.339884526059128,0,0
1.27471923828125,-0.11295626045244991,14.340220003352952,0,0
1.2764892578125,-0.11096046286545636,14.340552796858976,0,0
1.27862548828125,-0.10885681759511087,14.34088292344555,0,0
1.280670166015625,-0.10664987203820739,14.341210399987167,0,0
1.283111572265625,-0.10434529846499332,14.341535243364397,0,0
1.2855224609375,-0.10194986871399392,14.341857470463829,0,0
1.288299560546875,-0.09947134714823591,14.342177098178023,0,0
1.2906494140625,-0.09691831458561925,14.342494143405434,0,0
1.293609619140625,-0.0942999873084572,14.342808623050347,0,0
1.296234130859375,-0.09162605102985202,14.343120554022827,0,0
1.299102783203125,-0.08890648107032825,14.343429953238655,0,0
1.302398681640625,-0.08615132403200801,14.34373683761928,0,0
1.305145263671875,-0.08337039325436603,14.344041224091724,0,0
1.307952880859375,-0.08057292842343224,14.344343129588562,0,0
1.31085205078125,-0.07776736345437978,14.344642571047842,0,0
1.313720703125,-0.07496119684082363,14.344939565413036,0,0
1.316436767578125,-0.07216087734644928,14.345234129632965,0,0
1.3192138671875,-0.06937171690454383,14.345526280661772,0,0
1.32183837890625,-0.0665978642598069,14.34581603545883,0,0
1.324249267578125,-0.06384235129455945,14.346103410988706,0,0
1.32745361328125,-0.06110719099955843,14.346388424221104,0,0
1.329864501953125,-0.05839341614647059,14.346671092130812,0,0
1.33245849609375,-0.05570104019925756,14.346951431697608,0,0
1.3348388671875,-0.05302909191313253,14.347229459906275,0,0
1.33758544921875,-0.05037575993591517,14.347505193746475,0,0
1.340087890625,-0.04773852517790146,14.347778650212742,0,0
1.342620849609375,-0.04511423034863728,14.348049846304411,0,0
1.34515380859375,-0.04249913956322916,14.348318799025556,0,0
1.34783935546875,-0.039889005279444126,14.348585525384951,0,0
1.350311279296875,-0.03727910584580206,14.348850042396013,0,0
1.352935791015625,-0.034664260905698754,14.349112367076744,0,0
1.3553466796875,-0.03203886896959256,14.349372516449678,0,0
1.3580322265625,-0.029396980070113363,14.349630507541848,0,0
1.3607177734375,-0.026732366717384215,14.349886357384698,0,0
1.363433837890625,-0.024038543130868437,14.350140083014074,0,0
1.36590576171875,-0.021308756078026514,14.350391701470146,0,0
1.368499755859375,-0.01853604163456546,14.350641229797358,0,0
1.371490478515625,-0.015713360328169973,14.350888685044389,0,0
1.3743896484375,-0.012833688795690024,14.351134084264107,0,0
1.377166748046875,-0.00989001234030873,14.351377444513497,0,0
1.37994384765625,-0.006875336112779379,14.351618782853643,0,0
1.38323974609375,-0.0037827870324500523,14.351858116349659,0,0
1.3863525390625,-0.0006057029310298223,14.352095462070636,0,0
1.389312744140625,0.0026623423314476036,14.352330837089617,0,0
1.39300537109375,0.006027494739931555,14.352564258483534,0,0
1.396087646484375,0.009495556263978855,14.352795743333168,0,0
1.399627685546875,0.013071925982862803,14.353025308723085,0,0
1.403564453125,0.016761518937770697,14.353252971741625,0,0
1.407073974609375,0.020568720254650313,14.353478749480825,0,0
1.41094970703125,0.024497373349741336,14.353702659036383,0,0
1.415008544921875,0.028550712753944496,14.353924717507619,0,0
1.4190673828125,0.03273127359271166,14.354144941997426,0,0
1.4234619140625,0.037040837881258254,14.35436334961223,0,0
1.427520751953125,0.04148038743645757,14.354579957461933,0,0
1.432220458984375,0.04605001587063398,14.354794782659894,0,0
1.436920166015625,0.050748828356455944,14.355007842322866,0,0
1.441314697265625,0.05557487716772541,14.355219153570953,0,0
1.44635009765625,0.060525068219834055,14.355428733527589,0,0
1.451904296875,0.06559505943298408,14.355636599319475,0,0
1.456939697265625,0.0707793257045346,14.35584276807654,0,0
1.462158203125,0.0760713431149051,14.356047256931916,0,0
1.467254638671875,0.08146365477253326,14.356250083021889,0,0
1.472991943359375,0.08694778719178231,14.356451263485845,0,0
1.47894287109375,0.09251421764828344,14.356650815466251,0,0
1.484375,0.09815252342924624,14.35684875610861,0,0
1.49017333984375,0.10385158501706654,14.357045102561417,0,0
1.4957275390625,0.10959967517213123,14.357239871976123,0,0
1.5018310546875,0.11538446971815089,14.357433081507104,0,0
1.507659912109375,0.12119310560109003,14.357624748311602,0,0
1.51324462890625,0.12701229623225846,14.357814889549728,0,0
1.519134521484375,0.13282839163503218,14.35800352238438,0,0
1.5252685546875,0.13862738544197928,14.358190663981235,0,0
1.530426025390625,0.14439496929851953,14.358376331508708,0,0
1.536529541015625,0.15011656928372638,14.35856054213791,0,0
1.542327880859375,0.15577733808479263,14.358743313042627,0,0
1.547882080078125,0.16136224334165902,14.358924661399255,0,0
1.553680419921875,0.16685624688283365,14.359104604386806,0,0
1.55902099609375,0.17224448299350908,14.359283159186848,0,0
1.564422607421875,0.17751242584381136,14.359460342983475,0,0
1.569549560546875,0.18264602919962564,14.359636172963286,0,0
1.5745849609375,0.1876318280458005,14.359810666315326,0,0
1.579376220703125,0.192457014062568,14.359983840231092,0,0
1.584075927734375,0.1971094871701504,14.360155711904467,0,0
1.588653564453125,0.2015779028594305,14.360326298531708,0,0
1.592926025390625,0.20585174330069014,14.360495617311404,0,0
1.597015380859375,0.20992140053692243,14.36066368544445,0,0
1.600982666015625,0.21377824538092496,14.360830520134028,0,0
1.604248046875,0.21741466597548573,14.360996138585554,0,0
1.6077880859375,0.22082403612433682,14.361160558006672,0,0
1.610931396484375,0.2240006316992248,14.361323795607204,0,0
1.614044189453125,0.22693959893521665,14.361485868599143,0,0
1.616485595703125,0.22963699066231233,14.361646794196597,0,0
1.619140625,0.23208978736193922,14.361806589615796,0,0
1.62103271484375,0.23429587127200047,14.36196527207504,0,0
1.62274169921875,0.23625394128862456,14.362122858794674,0,0
1.624114990234375,0.23796331224484327,14.362279366997068,0,0
1.626251220703125,0.2394236713102282,14.362434813906605,0,0
1.62628173828125,0.2406349387919331,14.362589216749607,0,0
1.62860107421875,0.24159719541423513,14.362742592754376,0,0
1.6290283203125,0.24231070826861464,14.362894959151118,0,0
1.628662109375,0.2427760825871982,14.363046333171944,0,0
1.6287841796875,0.24299418789132074,14.36319673205082,1,0
1.628692626953125,0.24296576009528814,14.363346173023587,0,0
1.628692626953125,0.24269108276230308,14.3634946733279,0,0
1.62890625,0.24216999806619413,14.363642250203212,0,0
1.626739501953125,0.24140211273803958,14.36378892089077,0,0
1.626556396484375,0.24038684334324167,14.363934702633571,0,0
1.62445068359375,0.2391232101415517,14.36407961267636,0,0
1.62371826171875,0.2376096495447227,14.36422366826558,0,0
1.621551513671875,0.2358439812543887,14.364366886649385,0,0
1.619781494140625,0.23382346601361856,14.364509285077611,0,0
1.6181640625,0.23154491997678808,14.364650880801728,0,0
1.61578369140625,0.22900497516811108,14.364791691074858,0,0
1.61358642578125,0.2262005141142371,14.364931733151737,0,0
1.610748291015625,0.22312915614815496,14.365071024288705,0,0
1.60791015625,0.21978973163416313,14.365209581743665,0,0
1.60443115234375,0.21618273416978748,14.365347422776107,0,0
1.60076904296875,0.21231070528077295,14.36548456464705,0,0
1.5966796875,0.20817851116830563,14.36562102461904,0,0
1.592071533203125,0.20379348943357065,14.36575681995614,0,0
1.587738037109375,0.19916547091385436,14.365891967923917,0,0
1.582763671875,0.1943067566025977,14.366026485789394,0,0
1.577545166015625,0.18923210400625373,14.366160390821085,0,0
1.572174072265625,0.1839586536205018,14.36629370028894,0,0
1.565948486328125,0.17850571661714199,14.366426431464348,0,0
1.560089111328125,0.17289437655264753,14.36655860162011,0,0
1.554290771484375,0.16714696744575086,14.36669022803044,0,0
1.54803466796875,0.16128661861595261,14.366821327970955,0,0
1.5421142578125,0.15533692063003018,14.366951918718636,0,0
1.5357666015625,0.14932163331876672,14.367082017551848,0,0
1.529571533203125,0.1432644016922078,14.367211641750306,0,0
1.523590087890625,0.13718848634432143,14.36734080859507,0,0
1.517303466796875,0.1311165514663909,14.367469535368526,0,0
1.510986328125,0.12507049239438087,14.367597839354403,0,0
1.504852294921875,0.11907120323444842,14.367725737837727,0,0
1.49896240234375,0.11313830006513678,14.36785324810483,0,0
1.49346923828125,0.10728994406379877,14.367980387443337,0,0
1.487213134765625,0.10154281221946004,14.36810717314216,0,0
1.481719970703125,0.09591206420779047,14.368233622491491,0,0
1.476409912109375,0.09041122865856409,14.368359752782771,0,0
1.470947265625,0.0850521413194363,14.368485581308718,0,0
1.465576171875,0.0798449464509426,14.368611125363302,0,0
1.461181640625,0.07479807670744104,14.368736402241728,0,0
1.45599365234375,0.06991829735351632,14.368861429240441,0,0
1.45123291015625,0.06521081143568128,14.368986223657126,0,0
1.446868896484375,0.06067926949690627,14.369110802790681,0,0
1.442626953125,0.05632573223847566,14.369235183941239,0,0
1.4383544921875,0.05215070712132505,14.369359384410137,0,0
1.434478759765625,0.04815320168687685,14.369483421499943,0,0
1.43084716796875,0.044330756402282276,14.369607312514404,0,0
1.427520751953125,0.04067954237771583,14.369731074758487,0,0
1.424224853515625,0.037194572153717034,14.369854725538366,0,0
1.42095947265625,0.03386995920135323,14.369978282161398,0,0
1.4183349609375,0.030699160741549214,14.370101761936139,0,0
1.41510009765625,0.027675221591497767,14.37022518217234,0,0
1.412322998046875,0.024790985153640074,14.370348560180954,0,0
1.40966796875,0.022039194987896554,14.370471913274097,0,0
1.407196044921875,0.019412549879024278,14.370595258765098,0,0
1.404449462890625,0.01690378012275645,14.370718613968476,0,0
1.40234375,0.014505692056601134,14.370841996199916,0,0
1.4000244140625,0.012211187123271391,14.370965422776317,0,0
1.397796630859375,0.010013309559197811,14.371088911015754,0,0
1.395782470703125,0.00790528779339604,14.371212478237506,0,0
1.39410400390625,0.005880573201080312,14.371336141762031,0,0
1.392425537109375,0.00393297756070167,14.371459918910986,0,0
1.390045166015625,0.0020568779291857825,14.371583827007244,0,0
1.3880615234375,0.0002472634621928718,14.371707883374846,0,0
1.386566162109375,-0.0015004398235697394,14.371832105339074,0,0
1.385162353515625,-0.0031905047907966333,14.371956510226386,0,0
1.38262939453125,-0.004826886523306206,14.372081115364475,0,0
1.38189697265625,-0.006413262256708671,14.372205938082239,0,0
1.380218505859375,-0.007953111661256021,14.372330995709802,0,0
1.378448486328125,-0.009449671161622701,14.372456305578527,0,0
1.377685546875,-0.010905867568126774,14.37258188502099,0,0
1.375152587890625,-0.01232432526067418,14.372707751371014,0,0
1.374481201171875,-0.013707459341573566,14.372833921963677,0,0
1.373016357421875,-0.015057617182625355,14.372960414135303,0,0
1.3717041015625,-0.016377107933093445,14.37308724522348,0,0
1.370208740234375,-0.017668171742743675,14.373214432567064,0,0
1.368988037109375,-0.018933049981523543,14.373341993506195,0,0
1.3680419921875,-0.02017408297493299,14.373469945382286,0,0
1.367095947265625,-0.021393677436926536,14.37359830553806,0,0
1.3653564453125,-0.022594170499061927,14.37372709131754,0,0
1.364959716796875,-0.02377775409065385,14.373856320066063,0,0
1.36309814453125,-0.024946466206246208,14.373986009130284,0,0
1.3629150390625,-0.026102150823386024,14.374116175858225,0,0
1.3607177734375,-0.027246400090583676,14.374246837599221,0,0
1.3607177734375,-0.028380535955654804,14.374378011703984,0,0
1.35919189453125,-0.02950557473186467,14.374509715524601,0,0
1.358306884765625,-0.03062210481036144,14.37464196641454,0,0
1.356964111328125,-0.031730197353264725,14.374774781728657,0,0
1.355621337890625,-0.03282947021554686,14.37490817882324,0,0
1.35528564453125,-0.033919216010619084,14.375042175055986,0,0
1.35321044921875,-0.0349984600433465,14.37517678778604,0,0
1.35308837890625,-0.036065987493901094,14.375312034373996,0,0
1.351287841796875,-0.03712040469543977,14.375447932181919,0,0
1.3505859375,-0.03816020389478814,14.37558449857336,0,0
1.3497314453125,-0.03918382613734711,14.375721750913367,0,0
1.34844970703125,-0.040189682902443846,14.375859706568512,0,0
1.348175048828125,-0.041176115516271865,14.375998382906905,0,0
1.34637451171875,-0.042141344458185556,14.376137797298183,0,0
1.345703125,-0.043083501778493585,14.376277967113586,0,0
1.345550537109375,-0.04400072816380851,14.376418909725913,0,0
1.3431396484375,-0.044891186302951774,14.376560642509583,0,0
1.343017578125,-0.045753152135211236,14.37670318284064,0,0
1.34307861328125,-0.046585213231147574,14.37684654809676,0,0
1.340789794921875,-0.04738623192931427,14.376990755657298,0,0
1.340576171875,-0.04815529363106644,14.377135822903279,0,0
1.340667724609375,-0.04889187631108987,14.377281767217442,0,0
1.33941650390625,-0.04959582511645442,14.377428605984242,0,0
1.338409423828125,-0.05026716690951853,14.377576356589897,0,0
1.338623046875,-0.05090615487965312,14.377725036422373,0,0
1.338348388671875,-0.051513292572739476,14.37787466287144,0,0
1.337066650390625,-0.052089097863580486,14.378025253328683,0,0
1.335784912109375,-0.05263404190181892,14.37817682518751,0,0
1.335906982421875,-0.05314892673967486,14.378329395843203,0,0
1.335906982421875,-0.05363522631018197,14.378482982692926,0,0
1.33587646484375,-0.054094947017681916,14.37863760313575,0,0
1.334747314453125,-0.05453024796704579,14.37879327457267,0,0
1.33349609375,-0.05494337518028388,14.378950014406659,0,0
1.33349609375,-0.05533707819757693,14.379107840042659,0,0
1.3336181640625,-0.05571505426427752,14.379266768887627,0,0
1.333282470703125,-0.056081969175519414,14.37942681835056,0,0
1.33349609375,-0.05644317098146241,14.379588005842518,0,0
1.33343505859375,-0.056804346861654725,14.37975034877664,0,0
1.333221435546875,-0.05717116105639117,14.379913864568204,0,0
1.333709716796875,-0.057548879513761524,14.380078570634623,0,0
1.33349609375,-0.05794194143529603,14.38024448439549,0,0
1.3314208984375,-0.05835362070807438,14.380411623272602,0,0
1.330902099609375,-0.05878622834598289,14.38058000468999,0,0
1.330780029296875,-0.059241792216041964,14.380749646073951,0,0
1.33087158203125,-0.059722489689606605,14.380920564853072,0,0
1.33111572265625,-0.06023047427278706,14.38109277845827,0,0
1.330902099609375,-0.06076733094786279,14.381266304322814,0,0
1.329254150390625,-0.06133358281456629,14.381441159882378,0,0
1.328460693359375,-0.061928674424695705,14.381617362575026,0,0
1.328521728515625,-0.06255137202694702,14.381794929841302,0,0
1.3284912109375,-0.06319996309158733,14.381973879124224,0,0
1.326507568359375,-0.06387206699373424,14.382154227869327,0,0
1.325897216796875,-0.06456461963966541,14.382335993524705,0,0
1.32598876953125,-0.06527420798967123,14.382519193541034,0,0
1.325103759765625,-0.06599721974232545,14.38270384537162,0,0
1.323699951171875,-0.06672972528443667,14.382889966472408,0,0
1.323516845703125,-0.0674675337860095,14.383077574302055,0,0
1.3233642578125,-0.06820634371755016,14.383266686321937,0,0
1.32122802734375,-0.06894170771093974,14.383457319996184,0,0
1.321075439453125,-0.06966910165300394,14.383649492791745,0,0
1.321136474609375,-0.07038417826911432,14.383843222178404,0,0
1.319305419921875,-0.07108280907641214,14.3840385256288,0,0
1.31866455078125,-0.07176107690179302,14.384235420618515,0,0
1.318695068359375,-0.07241551767314226,14.384433924626059,0,0
1.31878662109375,-0.07304319645549162,14.38463405513296,0,0
1.316864013671875,-0.07364142809087593,14.384835829623738,0,0
1.31658935546875,-0.07420769101583369,14.385039265586018,0,0
1.316314697265625,-0.07473991761604183,14.385244380510523,0,0
1.31646728515625,-0.0752366486366647,14.385451191891114,0,0
1.316436767578125,-0.07569677129590238,14.385659717224868,0,0
1.3150634765625,-0.07611913965121159,14.38586997401208,0,0
1.313812255859375,-0.07650258519968722,14.386081979756321,0,0
1.313995361328125,-0.07684645340095131,14.38629575196448,0,0
1.314239501953125,-0.07715111258003991,14.386511308146813,0,0
1.314178466796875,-0.07741793350930114,14.386728665816975,0,0
1.31396484375,-0.07764895106144842,14.386947842492061,0,0
1.313751220703125,-0.07784662629122774,14.387168855692668,0,0
1.31390380859375,-0.07801377780879383,14.387391722942926,0,0
1.31414794921875,-0.07815350436447249,14.387616461770545,0,0
1.314117431640625,-0.07826898392286889,14.387843089706859,0,0
1.314239501953125,-0.07836322581567717,14.38807162428687,0,0
1.31414794921875,-0.07843889131857001,14.388302083049314,0,0
1.314239501953125,-0.0784981978019395,14.38853448353667,0,0
1.31390380859375,-0.07854289444752656,14.388768843295242,0,0
1.314117431640625,-0.07857431605826318,14.389005179875197,0,0
1.313934326171875,-0.07859347399666705,14.389243510830598,0,0
1.31414794921875,-0.07860112090102293,14.389483853719467,0,0
1.31427001953125,-0.07859776500464746,14.389726226103836,0,0
1.314239501953125,-0.07858363766837267,14.389970645549788,0,0
1.31402587890625,-0.07855868648179345,14.390217129627505,0,0
1.31427001953125,-0.07852266882110084,14.390465695911328,0,0
1.314117431640625,-0.0784752864411793,14.390716361979804,0,0
1.314178466796875,-0.07841629723090839,14.390969145415724,0,0
1.314178466796875,-0.07834563603467191,14.391224063806195,0,0
1.3143310546875,-0.07826354446910633,14.391481134742687,0,0
1.314178466796875,-0.0781706843772646,14.39174037582108,0,0
1.31396484375,-0.07806829349809788,14.392001804641696,0,0
1.31475830078125,-0.07795839120413252,14.392265438809403,0,0
1.316741943359375,-0.07784371113808383,14.39253129593363,0,0
1.3165283203125,-0.07772703973315248,14.392799393628417,0,0
1.316314697265625,-0.07761038741353576,14.393069749512508,0,0
1.316375732421875,-0.07749469751630018,14.393342381209358,0,0
1.3165283203125,-0.07738003674260867,14.393617306347231,0,0
1.31610107421875,-0.07726584417261483,14.393894542559222,0,0
1.316314697265625,-0.0771511833714327,14.394174107483337,0,0
1.31646728515625,-0.07703502027760672,14.394456018762542,0,0
1.316314697265625,-0.07691642241842653,14.394740294044801,0,0
1.316619873046875,-0.07679469603515943,14.395026950983178,0,0
1.3165283203125,-0.07666952558414061,14.395316007235852,0,0
1.31658935546875,-0.07654111375018015,14.3956074804662,0,0
1.316375732421875,-0.07641036292043811,14.395901388342837,0,0
1.318023681640625,-0.07627901763573956,14.396197748539702,0,0
1.318572998046875,-0.07614944088487019,14.396496578736093,0,0
1.31878662109375,-0.07602397955317913,14.396797896616732,0,0
1.318878173828125,-0.07590439400500103,14.397101719871847,0,0
1.318695068359375,-0.07579168087140893,14.397408066197212,0,0
1.318756103515625,-0.07568619182337903,14.397716953294198,0,0
1.319091796875,-0.07558783728739274,14.398028398869863,0,0
1.3189697265625,-0.07549621695349301,14.398342420637013,0,0
1.318817138671875,-0.07541070639616593,14.398659036314234,0,0
1.318878173828125,-0.07533063437868533,14.398978263625988,0,0
1.31878662109375,-0.07525553056488525,14.399300120302657,0,0
1.3187255859375,-0.07518535717212282,14.399624624080628,0,0
1.31884765625,-0.07512071760635583,14.399951792702332,0,0
1.318695068359375,-0.07506303922559782,14.400281643916331,0,0
1.318756103515625,-0.07501473351944447,14.40061419547737,0,0
1.32098388671875,-0.07497918578313195,14.400949465146452,0,0
1.32122802734375,-0.07496020481224432,14.401287470690898,0,0
1.32135009765625,-0.07496104405987221,14.401628229884412,0,0
1.32110595703125,-0.07498369396598363,14.401971760507168,0,0
1.321380615234375,-0.07502871009419898,14.402318080345857,0,0
1.320831298828125,-0.07509527462259813,14.402667207193753,0,0
1.321136474609375,-0.07518130361443867,14.403019158850803,0,0
1.320953369140625,-0.0752835551834906,14.403373953123683,0,0
1.3211669921875,-0.07539765874610932,14.403731607825865,0,0
1.319976806640625,-0.0755181397396193,14.40409214077769,0,0
1.318878173828125,-0.07563875009483818,14.404455569806455,0,0
1.31884765625,-0.07575323299136019,14.404821912746447,0,0
1.31890869140625,-0.07585611037758487,14.405191187439057,0,0
1.318634033203125,-0.07594307257173448,14.405563411732821,0,0
1.31903076171875,-0.07601106186672581,14.405938603483511,0,0
1.3187255859375,-0.07605826681629016,14.406316780554198,0,0
1.31903076171875,-0.07608409235695594,14.40669796081533,0,0
1.3187255859375,-0.07608915356187369,14.40708216214481,0,0
1.31903076171875,-0.0760753142489681,14.407469402428054,0,0
1.318878173828125,-0.07604574226545228,14.407859699558088,0,0
1.31878662109375,-0.0760049790533141,14.408253071435608,0,0
1.32000732421875,-0.07595897623277685,14.408649535969062,0,0
1.32110595703125,-0.07591482268247214,14.409049111074724,0,0
1.32098388671875,-0.07588003056502787,14.409451814676775,0,0
1.32110595703125,-0.07586182253549345,14.40985766470738,0,0
1.32098388671875,-0.07586683908890592,14.41026667910675,0,0
1.3211669921875,-0.07590114214270882,14.410678875823246,0,0
1.321136474609375,-0.07597024502888174,14.411094272813445,0,0
1.32110595703125,-0.07607909096342022,14.411512888042212,0,0
1.3212890625,-0.07623199850967305,14.411934739482792,0,0
1.321014404296875,-0.07643257283774436,14.412359845116884,0,0
1.321044921875,-0.07668360064794134,14.412788222934728,0,0
1.321258544921875,-0.07698692703375311,14.413219890935167,0,0
1.321044921875,-0.07734323616977053,14.413654867125757,0,0
1.32110595703125,-0.0777517410987605,14.414093169522832,0,0
1.319976806640625,-0.07820993528730766,14.414534816151587,0,0
1.318939208984375,-0.07871362623216722,14.414979825046155,0,0
1.31866455078125,-0.07925731321827638,14.415428214249715,0,0
1.318756103515625,-0.07983455333003127,14.41588000181454,0,0
1.317352294921875,-0.08043800468247414,14.416335205802127,0,0
1.3165283203125,-0.0810594368116829,14.416793844283237,0,0
1.316497802734375,-0.08168998339643986,14.417255935338002,0,0
1.316131591796875,-0.08232032304777324,14.417721497056013,0,0
1.31402587890625,-0.0829406638794084,14.418190547536398,0,0
1.313995361328125,-0.08354096432051203,14.418663104887917,0,0
1.314178466796875,-0.08411135112574157,14.419139187229044,0,0
1.31341552734375,-0.08464218289477873,14.419618812688055,0,0
1.3116455078125,-0.08512392100903879,14.420101999403121,0,0
1.311492919921875,-0.08554743244674651,14.42058876552239,0,0
1.31158447265625,-0.08590456647378883,14.42107912920408,0,0
1.3115234375,-0.08618838365031209,14.421573108616567,0,0
1.3114013671875,-0.08639299384389602,14.422070721938487,0,0
1.31134033203125,-0.08651336726072428,14.422571987358804,0,0
1.311431884765625,-0.08654526272650502,14.423076923076923,0,1
1.311553955078125,-0.08648520885223485,14.423636993441749,0,0
1.3115234375,-0.0863305090537543,14.424303354534445,0,0
1.3115234375,-0.0860793337650841,14.425075565557307,0,0
1.3126220703125,-0.0857308800229295,14.425953190188851,0,0
1.3140869140625,-0.0852853177692478,14.426935796518599,0,0
1.314300537109375,-0.08474334409601389,14.428022956982703,0,0
1.31427001953125,-0.0841057496045932,14.4292142483002,0,0
1.31610107421875,-0.08337340266286351,14.430509251410049,0,0
1.316253662109375,-0.08254737284893765,14.431907551408836,0,0
1.318145751953125,-0.08162887109815316,14.433408737489184,0,0
1.318878173828125,-0.08061908287281139,14.435012402878817,0,0
1.319915771484375,-0.0795190186429396,14.436718144780325,0,0
1.321380615234375,-0.07832947634267795,14.438525564311508,0,0
1.32269287109375,-0.07705107599248147,14.440434266446422,0,0
1.323974609375,-0.07568425384877883,14.442443859957022,0,0
1.32586669921875,-0.074229244958232,14.444553957355389,0,0
1.326995849609375,-0.07268607413950891,14.446764174836604,0,0
1.32861328125,-0.07105459157108784,14.449074132222162,0,0
1.33050537109375,-0.06933460977674442,14.451483452903984,0,0
1.3323974609375,-0.0675260279228191,14.453991763788993,0,0
1.33441162109375,-0.06562884080984803,14.456598695244217,0,0
1.336181640625,-0.06364311690534917,14.459303881042457,0,0
1.338653564453125,-0.061569027465122876,14.46210695830848,0,0
1.34075927734375,-0.0594068719224508,14.465007567465708,0,0
1.3436279296875,-0.05715701045577802,14.46800535218344,0,0
1.345855712890625,-0.054819694467831255,14.471099959324556,0,0
1.34857177734375,-0.05239487247109061,14.474291038893698,0,0
1.351104736328125,-0.04988205590919349,14.477578243985976,0,0
1.35369873046875,-0.047280256759713944,14.480961230736055,0,0
1.3564453125,-0.04458798630186347,14.484439658267783,0,0
1.35955810546875,-0.04180327979980728,14.488013188644214,0,0
1.362213134765625,-0.038923682771410395,14.491681486818086,0,0
1.36529541015625,-0.035946239943985665,14.495444220582721,0,0
1.368377685546875,-0.03286755590205286,14.499301060523358,0,0
1.371795654296875,-0.029683867021363566,14.503251679968871,0,0
1.375244140625,-0.026391039727902493,14.507295754943904,0,0
1.378509521484375,-0.022984517805343288,14.511432964121395,0,0
1.381866455078125,-0.019459335430943706,14.515662988775501,0,0
1.38555908203125,-0.01581026283310616,14.519985512734841,0,0
1.389190673828125,-0.012032010377271862,14.524400222336178,0,0
1.393341064453125,-0.008119396534721018,14.528906806378416,0,0
1.39727783203125,-0.004067451404806591,14.533504956076948,0,0
1.401336669921875,0.00012850416244672425,14.53819436501837,0,0
1.405853271484375,0.004472738928437525,14.542974729115501,0,0
1.4102783203125,0.008968980028403462,14.547845746562743,0,0
1.414581298828125,0.013620295020690898,14.552807117791778,0,0
1.419586181640625,0.01842891480077688,14.557858545427532,0,0
1.424468994140625,0.023396026116355037,14.56299973424449,0,0
1.429840087890625,0.028521650041783253,14.568230391123269,0,0
1.43505859375,0.03380461446088899,14.573550225007526,0,0
1.440582275390625,0.03924255229913309,14.578958946861096,0,0
1.44610595703125,0.04483187453645501,14.584456269625443,0,0
1.4521484375,0.05056772774160842,14.590041908177366,0,0
1.4583740234375,0.0564440225215533,14.595715579286969,0,0
1.464080810546875,0.06245356137528449,14.601477001575901,0,0
1.470703125,0.06858815216460301,14.607325895475807,0,0
1.47686767578125,0.07483866537343035,14.613261983187074,0,0
1.48358154296875,0.08119511764907524,14.619284988637741,0,0
1.490264892578125,0.08764681051049493,14.625394637442755,0,0
1.496917724609375,0.09418251070013901,14.6315906568633,0,0
1.503753662109375,0.10079063889316736,14.637872775766489,0,0
1.510498046875,0.10745942498395271,14.644240724585154,0,0
1.517120361328125,0.11417701145427633,14.650694235277921,0,0
1.524322509765625,0.12093150264997837,14.657233041289437,0,0
1.531341552734375,0.1277110468663345,14.663856877510824,0,0
1.5380859375,0.13450401531912587,14.67056548024029,0,0
1.545013427734375,0.1412991641212794,14.677358587143951,0,0
1.5517578125,0.14808568566303318,14.68423593721681,0,0
1.5587158203125,0.15485320367569944,14.691197270743936,0,0
1.5654296875,0.16159177501321542,14.69824232926177,0,0
1.57208251953125,0.16829189005863487,14.705370855519627,0,0
1.578857421875,0.17494443810030272,14.712582593441356,0,0
1.5858154296875,0.18154068330780057,14.719877288087101,0,0
1.59197998046875,0.18807231009198216,14.727254685615293,0,0
1.598541259765625,0.19453144113368762,14.734714533244684,0,0
1.604949951171875,0.20091054688432552,14.74225657921663,0,0
1.61102294921875,0.20720232453937995,14.7498805727574,0,0
1.61724853515625,0.21339957406377108,14.757586264040683,0,0
1.62347412109375,0.219495057597191,14.76537340415018,0,0
1.62945556640625,0.2254814104709268,14.773241745042332,0,0
1.635284423828125,0.2313511104769349,14.781191039509178,0,0
1.641082763671875,0.2370964323087975,14.789221041141259,0,0
1.64654541015625,0.2427093667008421,14.797331504290716,0,0
1.652435302734375,0.2481815433451109,14.805522184034391,0,0
1.657806396484375,0.25350423115134857,14.81379283613714,0,0
1.6629638671875,0.25866842585740946,14.822143217015103,0,0
1.668243408203125,0.2636649326983759,14.83057308369918,0,0
1.6732177734375,0.2684844341610272,14.839082193798536,0,0
1.678070068359375,0.2731176105451547,14.847670305464161,0,0
1.682525634765625,0.2775552899577864,14.856337177352575,0,0
1.6868896484375,0.28178855873893793,14.865082568589548,0,0
1.691375732421875,0.28580884978958543,14.873906238733904,0,0
1.694976806640625,0.2896080761264836,14.882807947741409,0,0
1.69866943359375,0.29317875802867277,14.891787455928684,0,0
1.701873779296875,0.29651403693425615,14.900844523937206,0,0
1.705169677734375,0.29960760776172196,14.909978912697348,0,0
1.70843505859375,0.3024536987465959,14.919190383392463,0,0
1.710968017578125,0.30504717698422323,14.92847869742304,0,0
1.7132568359375,0.3073836883502024,14.937843616370872,0,0
1.71527099609375,0.30945967356700416,14.947284901963272,0,0
1.71722412109375,0.3112722724073014,14.956802316037349,0,0
1.71905517578125,0.3128192594803807,14.966395620504276,0,0
1.720062255859375,0.314099067587134,14.976064577313643,0,0
1.72125244140625,0.3151108010417471,14.985808948417763,0,0
1.72247314453125,0.315854213469332,14.995628495736074,0,0
1.72222900390625,0.31632973091673533,15.005522981119507,0,0
1.72222900390625,0.31653838159774145,15.015492166314926,1,0
1.722381591796875,0.31648149534449926,15.025535812929514,0,0
1.722259521484375,0.316160420637264,15.035653682395235,0,0
1.72235107421875,0.3155765248888309,15.045845535933273,0,0
1.720733642578125,0.31473138756299945,15.056111134518467,0,0
1.7198486328125,0.3136268765058622,15.066450238843789,0,0
1.718597412109375,0.3122650051816678,15.076862609284774,0,0
1.717529296875,0.3106478377073223,15.087348005864,0,0
1.7149658203125,0.3087775716354545,15.097906188215507,0,0
1.713043212890625,0.30665655439714873,15.108536915549267,0,0
1.710723876953125,0.30428712142703546,15.119239946615597,0,0
1.708221435546875,0.3016714563118141,15.130015039669587,0,0
1.705810546875,0.2988116026611668,15.140861952435502,0,0
1.70208740234375,0.2957095476344455,15.151780442071189,0,0
1.69903564453125,0.2923672127571323,15.16277026513243,0,0
1.69598388671875,0.2887863610665555,15.1738311775373,0,0
1.692138671875,0.2849686485586382,15.184962934530503,0,0
1.6888427734375,0.28091586777462935,15.196165290647665,0,0
1.684417724609375,0.2766302487530919,15.207437999679623,0,0
1.679779052734375,0.27211469590158727,15.218780814636652,0,0
1.675537109375,0.26737286633549157,15.230193487712725,0,0
1.670654296875,0.2624091998383228,15.241675770249639,0,0
1.66583251953125,0.25722905993864187,15.253227412701222,0,0
1.660308837890625,0.2518389188960733,15.264848164597417,0,0
1.654754638671875,0.24624645211693655,15.276537774508357,0,0
1.64910888671875,0.24046052032002954,15.28829599000842,0,0
1.643280029296875,0.23449113052466738,15.300122557640211,0,0
1.636962890625,0.2283494314215149,15.312017222878525,0,0
1.630615234375,0.22204766513990376,15.323979730094251,0,0
1.624267578125,0.21559903262377597,15.336009822518248,0,0
1.61773681640625,0.2090175608513605,15.348107242205135,0,0
1.61114501953125,0.20231803848736896,15.360271729997102,0,0
1.60400390625,0.19551596467712104,15.37250302548759,0,0
1.59698486328125,0.18862740009082835,15.384800866985,0,0
1.5899658203125,0.18166869757539825,15.397164991476279,0,0
1.5828857421875,0.17465621697698125,15.4095951345905,0,0
1.57611083984375,0.16760612384086918,15.422091030562385,0,0
1.568878173828125,0.16053429173799935,15.43465241219574,0,0
1.561767578125,0.15345624136060343,15.447279010826884,0,0
1.555084228515625,0.14638705660086931,15.459970556287972,0,0
1.547454833984375,0.13934130712519238,15.472726776870307,0,0
1.540557861328125,0.13233292775995853,15.48554739928755,0,0
1.5341796875,0.125375042182306,15.498432148638914,0,0
1.52685546875,0.11847990605913158,15.511380748372261,0,0
1.520233154296875,0.1116589427276622,15.524392920247182,0,0
1.513427734375,0.10492268815162983,15.537468384297974,0,0
1.5069580078125,0.09828069086561395,15.55060685879657,0,0
1.500457763671875,0.09174146846634862,15.563808060215447,0,0
1.49432373046875,0.08531252075152565,15.577071703190395,0,0
1.488067626953125,0.07900039611689003,15.590397500483325,0,0
1.48187255859375,0.0728107770014228,15.603785162944913,0,0
1.476226806640625,0.06674853986588256,15.617234399477269,0,0
1.470245361328125,0.0608178282780904,15.63074491699648,0,0
1.464324951171875,0.055022135337655015,15.644316420395153,0,0
1.45904541015625,0.04936431509890679,15.657948612504834,0,0
1.453643798828125,0.04384658482203696,15.671641194058415,0,0
1.44830322265625,0.03847061255375704,15.685393863652475,0,0
1.443359375,0.033237627924351566,15.699206317709514,0,0
1.438262939453125,0.028148510575668827,15.713078250440208,0,0
1.4334716796875,0.023203872707938562,15.72700935380553,0,0
1.42864990234375,0.01840411395795022,15.740999317478863,0,0
1.424041748046875,0.013749431777363407,15.755047828808022,0,0
1.419921875,0.009239825517519671,15.76915457277726,0,0
1.415313720703125,0.00487514635032606,15.78331923196916,0,0
1.4110107421875,0.0006551313986070985,15.797541486526542,0,0
1.40692138671875,-0.00342068486934647,15.811821014114246,0,0
1.40313720703125,-0.00735311764011819,15.82615748988092,0,0
1.399261474609375,-0.011143415465299657,15.840550586420733,0,0
1.39593505859375,-0.014793277177381256,15.854999973735012,0,0
1.392364501953125,-0.01830482551332435,15.869505319193895,0,0
1.38909912109375,-0.02168055598372749,15.884066287497863,0,0
1.385986328125,-0.0249232995864179,15.898682540639284,0,0
1.383087158203125,-0.028036180548059633,15.91335373786387,0,0
1.379608154296875,-0.0310225703852334,15.928079535632142,0,0
1.3768310546875,-0.03388615309353681,15.942859587580774,0,0
1.374420166015625,-0.03663108812775943,15.957693544484005,0,0
1.37200927734375,-0.039262052229777314,15.972581054214903,0,0
1.369293212890625,-0.041784114014601276,15.987521761706684,0,0
1.36688232421875,-0.04420265014261402,16.00251530891395,0,0
1.364349365234375,-0.0465234179513149,16.01756133477388,0,0
1.362518310546875,-0.04875268909012624,16.03265947516749,0,0
1.360504150390625,-0.05089728885979295,16.047809362880702,0,0
1.358367919921875,-0.05296450631128115,16.063010627565575,0,0
1.356842041015625,-0.05496197650920687,16.078262895701354,0,0
1.355072021484375,-0.05689754708472052,16.093565790555633,0,0
1.352996826171875,-0.058779099847268576,16.108918932145375,0,0
1.351470947265625,-0.06061443245500818,16.12432193719806,0,0
1.3504638671875,-0.06241116601908743,16.139774419112676,0,0
1.348052978515625,-0.06417652157532194,16.155275987920845,0,0
1.34674072265625,-0.06591710726239575,16.17082625024782,0,0
1.345428466796875,-0.06763884938386465,16.186424809273586,0,0
1.34332275390625,-0.06934690253196181,16.202071264693892,0,0
1.342254638671875,-0.07104552056555102,16.217765212681314,0,0
1.340789794921875,-0.07273793958793429,16.233506245846375,0,0
1.338470458984375,-0.07442622947216071,16.24929395319857,0,0
1.33709716796875,-0.07611126762579143,16.265127920107535,0,0
1.335693359375,-0.07779286447613787,16.281007728264143,0,0
1.3333740234375,-0.07946983431019712,16.296932955641683,0,0
1.331817626953125,-0.08114008435247073,16.31290317645705,0,0
1.33038330078125,-0.08280082342663385,16.32891796113194,0,0
1.328582763671875,-0.08444870535743544,16.344976876254158,0,0
1.326873779296875,-0.0860798735893519,16.361079484538894,0,0
1.325592041015625,-0.08769003385532899,16.37722534479009,0,0
1.323455810546875,-0.08927454335075952,16.39341401186185,0,0
1.32196044921875,-0.09082854177644882,16.40964503661991,0,0
1.321075439453125,-0.09234712485824945,16.42591796590315,0,0
1.31890869140625,-0.09382540396262397,16.442232342485234,0,0
1.317901611328125,-0.09525850303781813,16.458587705036237,0,0
1.316497802734375,-0.09664163080904307,16.474983588084427,0,0
1.314971923828125,-0.09797015186669318,16.491419521978095,0,0
1.3140869140625,-0.09923963256265297,16.507895032847465,0,0
1.31231689453125,-0.1004459126636884,16.524409642566745,0,0
1.3111572265625,-0.10158524428455343,16.540962868716214,0,0
1.3101806640625,-0.10265452315656919,16.557554224544504,0,0
1.308868408203125,-0.10365151127745416,16.574183218930887,0,0
1.308868408203125,-0.10457494468981565,16.590849356347785,0,0
1.307891845703125,-0.10542445587528554,16.607552136823337,0,0
1.306671142578125,-0.10620038992827678,16.624291055904145,0,0
1.306365966796875,-0.10690378191915272,16.641065604618106,0,0
1.30657958984375,-0.107536410846519,16.657875269437454,0,0
1.306427001953125,-0.10810054622088669,16.674719532241927,0,0
1.304351806640625,-0.10859854302678709,16.691597870282035,0,0
1.303924560546875,-0.10903290976424929,16.70850975614264,0,0
1.304107666015625,-0.1094068488273426,16.72545465770654,0,0
1.30426025390625,-0.10972455414684705,16.74243203811838,0,0
1.304107666015625,-0.1099909881256107,16.75944135574865,0,0
1.30426025390625,-0.11021150013184909,16.776482064157946,0,0
1.30401611328125,-0.11039154361929872,16.793553612061398,0,0
1.30389404296875,-0.11053651364233108,16.810655443293342,0,0
1.30419921875,-0.11065167367773866,16.82778699677217,0,0
1.304229736328125,-0.11074205849248014,16.84494770646547,0,0
1.30401611328125,-0.1108123151706999,16.862137001355357,0,0
1.304168701171875,-0.11086660654726004,16.879354305404064,0,0
1.304046630859375,-0.11090861048781847,16.896599037519792,0,0
1.30426025390625,-0.11094152578449096,16.913870611522814,0,0
1.303985595703125,-0.11096806203340373,16.931168436111907,0,0
1.3040771484375,-0.11099046434933119,16.948491914830953,0,0
1.303955078125,-0.11101059237425123,16.96584044603596,0,0
1.304107666015625,-0.11103000511674094,16.983213422862285,0,0
1.304168701171875,-0.11104999677141172,17.000610233192237,0,0
1.30389404296875,-0.11107159976400247,17.01803025962296,0,0
1.30426025390625,-0.11109561494742407,17.03547287943465,0,0
1.30413818359375,-0.11112264257528505,17.052937464559154,0,0
1.3040771484375,-0.11115307201411612,17.07042338154883,0,0
1.304107666015625,-0.11118709554338582,17.087929991545902,0,0
1.30401611328125,-0.11122477078458125,17.10545665025203,0,0
1.304168701171875,-0.11126607441493591,17.123002707898404,0,0
1.304107666015625,-0.11131091733394197,17.14056750921613,0,0
1.304046630859375,-0.1113591394819765,17.158150393407094,0,0
1.3040771484375,-0.11141052542085036,17.175750694115163,0,0
1.3043212890625,-0.11146481804945294,17.193367739397893,0,0
1.303924560546875,-0.1115216874052103,17.211000851698607,0,0
1.304046630859375,-0.11158072554212321,17.228649347818962,0,0
1.304107666015625,-0.11164150432874916,17.24631253889198,0,0
1.30413818359375,-0.11170359401050818,17.26398973035549,0,0
1.30413818359375,-0.11176651111261426,17.281680221926145,0,0
1.303955078125,-0.1118296806057497,17.299383307573866,0,0
1.304046630859375,-0.11189245856714995,17.317098275496818,0,0
1.304168701171875,-0.11195416358264783,17.334824408096896,0,0
1.30401611328125,-0.11201405380595379,17.352560981955786,0,0
1.304046630859375,-0.11207129154599534,17.37030726781148,0,0
1.303924560546875,-0.11212496013381848,17.38806253053545,0,0
1.303955078125,-0.11217411580293293,17.405826029110333,0,0
1.3040771484375,-0.11221782542747352,17.423597016608223,0,0
1.303924560546875,-0.11225516608546464,17.44137474016953,0,0
1.304168701171875,-0.11228520805789739,17.45915844098247,0,0
1.304046630859375,-0.1123069983570779,17.47694735426322,0,0
1.304412841796875,-0.11231952317295912,17.494740709236595,0,0
1.30426025390625,-0.11232163910232375,17.51253772911752,0,0
1.30413818359375,-0.1123120292281151,17.53033763109302,0,0
1.3038330078125,-0.11228929029430858,17.548139626305034,0,0
1.304229736328125,-0.11225214090571597,17.565942919833763,0,0
1.304351806640625,-0.11219956736341541,17.583746710681897,0,0
1.304168701171875,-0.11213082853431318,17.601550191759376,0,0
1.3043212890625,-0.11204547124277633,17.619352549869056,0,0
1.30377197265625,-0.11194348226653118,17.63715296569301,0,0
1.3040771484375,-0.11182556564052487,17.654950613779608,0,0
1.30401611328125,-0.11169344654270799,17.67274466253145,0,0
1.3045654296875,-0.11155005655615884,17.690534274193972,0,0
1.3062744140625,-0.11139942463050756,17.708318604844976,0,0
1.30633544921875,-0.11124612710022673,17.72609680438487,0,0
1.306610107421875,-0.11109454633693354,17.74386801652786,0,0
1.306365966796875,-0.11094845395172469,17.761631378793872,0,0
1.306304931640625,-0.11081104434085262,17.77938602250145,0,0
1.306488037109375,-0.11068518169556268,17.797131072761474,0,0
1.306488037109375,-0.11057363503846195,17.814865648471763,0,0
1.306732177734375,-0.1104792106302372,17.832588862312658,0,0
1.306304931640625,-0.11040483952313608,17.850299820743444,0,0
1.306671142578125,-0.11035371228339687,17.867997623999806,0,0
1.30657958984375,-0.11032942737292285,17.885681366092154,0,0
1.30657958984375,-0.11033606695539033,17.903350134805017,0,0
1.30670166015625,-0.11037822064515254,17.921003011697316,0,0
1.3067626953125,-0.11046097501634992,17.938639072103765,0,0
1.30670166015625,-0.11058983836462502,17.956257385137185,0,0
1.30682373046875,-0.11077062218597868,17.973857013691912,0,0
1.306854248046875,-0.1110092822444467,17.991437014448277,0,0
1.30670166015625,-0.11131169680922273,18.00899643787807,0,0
1.306671142578125,-0.11168341658436735,18.026534328251202,0,0
1.306610107421875,-0.11212940053678412,18.044049723643354,0,0
1.306365966796875,-0.11265369988765093,18.061541655944847,0,0
1.3065185546875,-0.11325907161127978,18.07900915087054,0,0
1.306793212890625,-0.11394645626063957,18.096451227971002,0,0
1.30523681640625,-0.11471434342097103,18.113866900644695,0,0
1.304168701171875,-0.11555839672375377,18.13125517615148,0,0
1.304046630859375,-0.11647152806515676,18.14861505562723,0,0
1.301483154296875,-0.11744410719378448,18.16594553409967,0,0
1.3016357421875,-0.11846418927762938,18.183245600505504,0,0
1.299163818359375,-0.1195178373263466,18.20051423770868,0,0
1.298919677734375,-0.1205894526003473,18.217750422520012,0,0
1.296722412109375,-0.12166209681106288,18.234953125718,0,0
1.295867919921875,-0.12271786251970519,18.252121312071022,0,0
1.2940673828125,-0.12373831999789876,18.269253940360745,0,0
1.293975830078125,-0.12470495588863813,18.286349963406927,0,0
1.291748046875,-0.12559947183521353,18.303408328093504,0,0
1.291717529296875,-0.12640403719833304,18.32042797539609,0,0
1.290374755859375,-0.1271015853067473,18.337407840410748,0,0
1.28912353515625,-0.12767612586407473,18.35434685238427,0,0
1.289306640625,-0.12811313853539857,18.37124393474576,0,0
1.28936767578125,-0.12839987666377445,18.388098005139636,0,0
1.28936767578125,-0.1285252992734473,18.404907975460123,0,1
1.289215087890625,-0.12847982669849062,18.421794077719298,0,0
1.289306640625,-0.128255268505098,18.438876669575393,0,0
1.289337158203125,-0.12784497864281374,18.45615484721914,0,0
1.28985595703125,-0.12724414240948217,18.473627706773016,0,0
1.291656494140625,-0.12645000421345945,18.49129434400851,0,0
1.291717529296875,-0.12546184537959204,18.509153854063623,0,0
1.294281005859375,-0.12428080416770294,18.527205331160566,0,0
1.295379638671875,-0.12290964414525332,18.54544786832359,0,0
1.29681396484375,-0.12135246340900728,18.563880557096844,0,0
1.2991943359375,-0.11961449478207002,18.582502487262424,0,0
1.301361083984375,-0.11770195852127494,18.60131274655824,0,0
1.303619384765625,-0.11562177043453797,18.620310420395963,0,0
1.305755615234375,-0.11338122635560119,18.63949459157887,0,0
1.308349609375,-0.1109878400904889,18.65886434001952,0,0
1.311065673828125,-0.10844926966317729,18.678418742457314,0,0
1.31414794921875,-0.10577318646524672,18.698156872175854,0,0
1.317047119140625,-0.10296703982841411,18.718077798720053,0,0
1.319854736328125,-0.10003781329328132,18.73818058761298,0,0
1.3231201171875,-0.09699189418648192,18.758464300072415,0,0
1.326446533203125,-0.09383501893937421,18.778927992727066,0,0
1.329681396484375,-0.09057218420115234,18.799570717332426,0,0
1.332733154296875,-0.08720757635603926,18.82039152048624,0,0
1.3367919921875,-0.08374459793286171,18.841389443343566,0,0
1.339935302734375,-0.08018589018281894,18.86256352133135,0,0
1.34381103515625,-0.07653330442430466,18.88391278386258,0,0
1.3472900390625,-0.07278792383023479,18.905436254049945,0,0
1.35162353515625,-0.06895012427148745,18.92713294841892,0,0
1.355133056640625,-0.0650195816558879,18.949001876620397,0,0
1.359466552734375,-0.06099525717247381,18.971042041142706,0,0
1.363861083984375,-0.05687538819939188,18.993252437023077,0,0
1.3675537109375,-0.0526574406034939,19.015632051558544,0,0
1.372161865234375,-0.048338106659744515,19.038179864016186,0,0
1.376495361328125,-0.043913404003003184,19.0608948453428,0,0
1.380889892578125,-0.03937876997316523,19.083775957873936,0,0
1.38543701171875,-0.03472915583775457,19.10682215504228,0,0
1.39019775390625,-0.02995917844463707,19.130032381085396,0,0
1.39495849609375,-0.025063280242916586,19.15340557075283,0,0
1.3997802734375,-0.02003588314228213,19.176940649012508,0,0
1.40435791015625,-0.01487161754772837,19.200636530756533,0,0
1.4097900390625,-0.00956567355078277,19.224492120506255,0,0
1.4144287109375,-0.0041142090664434625,19.24850631211673,0,0
1.420196533203125,0.0014852374706774349,19.27267798848046,0,0
1.425506591796875,0.007233349251428302,19.297006021230484,0,0
1.43115234375,0.013128682748499688,19.321489270442857,0,0
1.43670654296875,0.01916731444844711,19.34612658433839,0,0
1.442474365234375,0.025342405733250375,19.370916798983835,0,0
1.448577880859375,0.03164371921983212,19.395858737992366,0,0
1.46051025390625,0.03805761080341475,19.420951212223464,0,0
1.466400146484375,0.04456837725741225,19.446193019482184,0,0
1.473175048828125,0.051160463898453815,19.471582944217854,0,0
1.479278564453125,0.05781982984998921,19.49711975722216,0,0
1.486083984375,0.06453409150216731,19.522802215326674,0,0
1.492889404296875,0.0712923030707421,19.54862906109987,0,0
1.499359130859375,0.07808482236993916,19.574599022543623,0,0
1.506134033203125,0.08490320241732158,19.600710812789195,0,0
1.51275634765625,0.09174002052716308,19.626963129792777,0,0
1.519805908203125,0.0985886964875042,19.653354656030597,0,0
1.52606201171875,0.10544335250056644,19.679884058193636,0,0
1.533172607421875,0.11229865257771204,19.706549986881946,0,0
1.5400390625,0.11914963116941493,19.733351076298685,0,0
1.546600341796875,0.12599160217154468,19.76028594394385,0,0
1.553131103515625,0.13282006570506738,19.787353190307684,0,0
1.560333251953125,0.13963052063012096,19.814551398564006,0,0
1.56707763671875,0.1464183367434324,19.84187913426327,0,0
1.5738525390625,0.1531787835037877,19.869334945025557,0,0
1.580352783203125,0.15990706816596267,19.896917360233495,0,0
1.5872802734375,0.1665982841153986,19.924624890725156,0,0
1.59368896484375,0.17324733904518455,19.95245602848702,0,0
1.60040283203125,0.17984890776453116,19.98040924634701,0,0
1.606658935546875,0.18639736804568366,20.008482997667716,0,0
1.613311767578125,0.19288670101652455,20.036675716039817,0,0
1.61944580078125,0.19931038360946177,20.064985814975806,0,0
1.62628173828125,0.2056613147380213,20.09341168760408,0,0
1.63232421875,0.21193182420676465,20.12195170636345,0,0
1.63861083984375,0.21811374093727376,20.150604222698146,0,0
1.644622802734375,0.2241984270061535,20.17936756675342,0,0
1.650787353515625,0.23017677349996707,20.20824004707178,0,0
1.656494140625,0.236039216346538,20.23721995028999,0,0
1.662078857421875,0.24177573970063726,20.266305540836903,0,0
1.667877197265625,0.2473758191035474,20.295495060632167,0,0
1.673675537109375,0.2528284008148783,20.324786728785973,0,0
1.6790771484375,0.25812204154149343,20.354178741299883,0,0
1.68414306640625,0.26324513711117814,20.38366927076887,0,0
1.689361572265625,0.2681860914177324,20.413256466084647,0,0
1.694122314453125,0.2729334321793775,20.442938452140382,0,0
1.698577880859375,0.2774759234664716,20.472713329536933,0,0
1.70318603515625,0.28180264511643693,20.50257917429072,0,0
1.70721435546875,0.28590305678950423,20.532534037543257,0,0
1.711273193359375,0.2897670914126332,20.562575945272634,0,0
1.714813232421875,0.29338525162631945,20.592702898006838,0,0
1.7181396484375,0.29674866861139826,20.622912870539277,0,0
1.72119140625,0.2998491025977712,20.653203811646424,0,0
1.724212646484375,0.30267891387572166,20.683573643807875,0,0
1.726806640625,0.3052310802858302,20.71402026292882,0,0
1.729156494140625,0.3074992793795021,20.74454153806517,0,0
1.731048583984375,0.3094779728117936,20.775135311151384,0,0
1.73248291015625,0.31116241829926145,20.80579939673125,0,0
1.734893798828125,0.3125486521642823,20.83653158169165,0,0
1.73468017578125,0.3136335574911496,20.867329624999524,0,0
1.7371826171875,0.31441497233436294,20.898191257442196,0,0
1.7374267578125,0.3148918800962388,20.92911418137115,0,0
1.736907958984375,0.31506473419050307,20.96009607044952,1,0
1.736907958984375,0.31493555745551816,20.99113456940334,0,0
1.7366943359375,0.3145077266714233,21.02222729377682,0,0
1.734588623046875,0.3137857455389236,21.05337182969176,0,0
1.73468017578125,0.3127749731538377,21.08456573361128,0,0
1.732635498046875,0.3114813261703179,21.11580653210808,0,0
1.731231689453125,0.30991113813186544,21.147091721637384,0,0
1.729339599609375,0.30807106911937554,21.178418768314696,0,0
1.7271728515625,0.3059679923745219,21.20978510769871,0,0
1.724517822265625,0.3036088980916267,21.241188144579397,0,0
1.7218017578125,0.30100074040863684,21.27262525277151,0,0
1.71929931640625,0.29815025157375863,21.30409377491381,0,0
1.71600341796875,0.2950638658161759,21.335591022274077,0,0
1.71282958984375,0.29174774737499704,21.36711427456014,0,0
1.70904541015625,0.28820779649945116,21.398660779737206,0,0
1.705596923828125,0.2844496078158232,21.430227753851607,0,0
1.701324462890625,0.28047844016806966,21.46181238086125,0,0
1.697418212890625,0.2762992072736613,21.49341181247292,0,0
1.693389892578125,0.2719165102617441,21.52502316798674,0,0
1.6888427734375,0.26733478810038075,21.556643534147867,0,0
1.68426513671875,0.2625585480864956,21.588269965005864,0,0
1.67950439453125,0.25759257021422105,21.619899481781765,0,0
1.674285888671875,0.25244207715019307,21.651529072743163,0,0
1.669219970703125,0.2471128749833604,21.683155693087603,0,0
1.66357421875,0.2416114535344845,21.71477626483435,0,0
1.657928466796875,0.23594504354159807,21.74638767672501,0,0
1.65264892578125,0.23012165695099515,21.777986784133013,0,0
1.646148681640625,0.22415017897308548,21.80957040898232,0,0
1.639923095703125,0.21804042235207705,21.84113533967562,0,0
1.63397216796875,0.21180302148655347,21.872678331032176,0,0
1.62738037109375,0.20544930982955842,21.904196104235663,0,0
1.621124267578125,0.1989912957382728,21.935685346792177,0,0
1.614410400390625,0.19244165725831575,21.967142712498692,0,0
1.6075439453125,0.1858136914042593,21.998564821422256,0,0
1.600677490234375,0.17912117332652644,22.02994825989014,0,0
1.593963623046875,0.1723781394879521,22.061289580491177,0,0
1.587066650390625,0.165598699712733,22.09258530208864,0,0
1.580078125,0.15879690514959632,22.1238319098448,0,0
1.573333740234375,0.15198661468312163,22.155025855257556,0,0
1.56658935546875,0.1451813775473983,22.186163556209245,0,0
1.5596923828125,0.13839438423501232,22.217241397028076,0,0
1.5528564453125,0.13163843776776357,22.24825572856226,0,0
1.54620361328125,0.12492588637835012,22.27920286826726,0,0
1.539398193359375,0.11826854576145232,22.310079100306304,0,0
1.5328369140625,0.11167763279612666,22.340880675664533,0,0
1.5263671875,0.10516370591856312,22.371603812276927,0,0
1.520111083984375,0.09873664900903845,22.40224469517038,0,0
1.5135498046875,0.09240570898936873,22.4327994766201,0,0
1.507415771484375,0.08617951372022184,22.463264276320643,0,0
1.501190185546875,0.08006603176493592,22.493635181571836,0,0
1.4952392578125,0.07407251847642592,22.523908247479824,0,0
1.4898681640625,0.06820551874130827,22.55407949717349,0,0
1.483917236328125,0.06247098601419259,22.584144922036547,0,0
1.478759765625,0.05687447303085266,22.614100481955486,0,0
1.472503662109375,0.05142125444351464,22.643942105583715,0,0
1.4671630859375,0.046116251411513855,22.673665690622006,0,0
1.462127685546875,0.04096378394682565,22.703267104115632,0,0
1.45721435546875,0.03596738952210606,22.732742182768344,0,0
1.45220947265625,0.03112981945121807,22.762086733273406,0,0
1.447967529296875,0.02645309496900345,22.791296532662038,0,0
1.4429931640625,0.021938567182369965,22.820367328669324,0,0
1.4385986328125,0.017586935034826542,22.84929484011793,0,0
1.434539794921875,0.013398162689908462,22.878074757319848,0,0
1.430633544921875,0.009371414157105337,22.90670274249624,0,0
1.426422119140625,0.0055050873771498865,22.93517443021577,0,0
1.423004150390625,0.0017968370882888995,22.963485427851534,0,0
1.419281005859375,-0.0017564435557031396,22.991631316056708,0,0
1.4158935546875,-0.005158618271152694,23.019607649259264,0,0
1.412750244140625,-0.008414289792526328,23.04740995617578,0,0
1.409149169921875,-0.011528803024099865,23.075033740344633,0,0
1.406707763671875,-0.014508284173239565,23.10247448067861,0,0
1.403564453125,-0.017359659257647583,23.129727632037266,0,0
1.401031494140625,-0.020090594505913273,23.15678862581897,0,0
1.3985595703125,-0.022709402917474114,23.183652870572967,0,0
1.396026611328125,-0.02522492858360069,23.21031575263146,0,0
1.393707275390625,-0.027646408278011077,23.236772636761877,0,0
1.391632080078125,-0.02998333658380728,23.26301886683944,0,0
1.389495849609375,-0.032245292029308245,23.289049766540106,0,0
1.3875732421875,-0.03444169745292416,23.314860640054,0,0
1.38519287109375,-0.03658157899776326,23.34044677281938,0,0
1.38330078125,-0.03867340882121207,23.365803432277264,0,0
1.38134765625,-0.040725021190745156,23.390925868646686,0,0
1.37945556640625,-0.04274350327344908,23.415809315720686,0,0
1.3775634765625,-0.04473503335608721,23.440448991683052,0,0
1.375274658203125,-0.04670474503053516,23.46484009994581,0,0
1.373321533203125,-0.04865670599781759,23.488977830007496,0,0
1.37127685546875,-0.05059400541311027,23.51285735833216,0,0
1.369476318359375,-0.05251884217520813,23.536473849249134,0,0
1.367584228515625,-0.05443253733424715,23.55982245587342,0,0
1.365509033203125,-0.05633549755281452,23.58289832104681,0,0
1.363555908203125,-0.05822721467933317,23.605696578299536,0,0
1.3614501953125,-0.060106346490448714,23.62821235283235,0,0
1.359832763671875,-0.06197082887234627,23.65044076251908,0,0
1.357879638671875,-0.06381792962659878,23.6723769189294,0,0
1.3555908203125,-0.06564426442550171,23.69401592837176,0,0
1.353485107421875,-0.0674459375357374,23.715352892956282,0,0
1.35174560546875,-0.06921884054163996,23.736382911677534,0,0
1.349884033203125,-0.07095892383642848,23.757101081516886,0,0
1.34820556640625,-0.07266233113054417,23.777502498564317,0,0
1.346221923828125,-0.07432547201096838,23.797582259159515,0,0
1.344818115234375,-0.07594511209260306,23.817335461051897,0,0
1.343109130859375,-0.0775184506300708,23.83675720457934,0,0
1.341278076171875,-0.07904316645545449,23.855842593865493,0,0
1.340423583984375,-0.0805174673342716,23.87458673803516,0,0
1.33843994140625,-0.08194009071715289,23.892984752447575,0,0
1.337188720703125,-0.08331026713636333,23.911031759947214,0,0
1.335845947265625,-0.08462775489066257,23.928722892131812,0,0
1.33441162109375,-0.08589290584666726,23.946053290637177,0,0
1.3333740234375,-0.08710669641274035,23.963018108438465,0,0
1.332305908203125,-0.08827071634058527,23.979612511167467,0,0
1.330902099609375,-0.08938710738815214,23.995831678445498,0,0
1.33074951171875,-0.0904584683414474,24.01167080523147,0,0
1.32855224609375,-0.09148772411558116,24.02712510318465,0,0
1.32879638671875,-0.09247801769821992,24.04218980204162,0,0
1.32733154296875,-0.09343261720378722,24.05686015100697,0,0
1.326141357421875,-0.09435478218122308,24.07113142015715,0,0
1.3262939453125,-0.095247679026221,24.084998901857023,0,0
1.324188232421875,-0.0961143076936244,24.098457912188383,0,0
1.3236083984375,-0.096957468020416,24.11150379239015,0,0
1.32373046875,-0.09777983959377759,24.124131910309295,0,0
1.32196044921875,-0.0985839119846091,24.136337661862164,0,0
1.32086181640625,-0.09937185343423127,24.148116472505365,0,0
1.321075439453125,-0.10014562737427092,24.159463798715702,0,0
1.32000732421875,-0.10090704414961345,24.1703751294784,0,0
1.319000244140625,-0.10165756099426491,24.180845987782916,0,0
1.318939208984375,-0.10239814065669323,24.190871932125695,0,0
1.318115234375,-0.10312915596606234,24.200448558019094,0,0
1.316497802734375,-0.10385024838590648,24.209571499505692,0,0
1.3165283203125,-0.10456036824296513,24.218236430677337,0,0
1.316375732421875,-0.1052578625891871,24.22643906719801,0,0
1.314178466796875,-0.10594034071183364,24.234175167829854,0,0
1.31390380859375,-0.1066046726239425,24.241440535961356,0,0
1.31390380859375,-0.10724726002671815,24.248231021137133,0,0
1.31195068359375,-0.10786415685743182,24.254542520588203,0,0
1.311431884765625,-0.1084511481159977,24.26037098076209,0,0
1.3115234375,-0.10900403510855011,24.26571239885175,0,0
1.311370849609375,-0.10951871230824366,24.270562824322557,0,0
1.309326171875,-0.10999094270937336,24.274918360436345,0,0
1.308837890625,-0.11041644752457694,24.278775165771698,0,0
1.309051513671875,-0.11079140383397944,24.282129455739497,0,0
1.308868408203125,-0.1111127025637976,24.284977504092822,0,0
1.309234619140625,-0.11137770417486856,24.287315644430297,0,0
1.308868408203125,-0.11158379936444893,24.289140271691906,0,0
1.30889892578125,-0.1117280456684746,24.29044784364631,0,0
1.309051513671875,-0.11180694109334453,24.291234882368737,0,0
1.3089599609375,-0.11181625471514958,24.2914979757085,0,1
1.30908203125,-0.11175087567260804,24.291424821375724,0,0
1.30914306640625,-0.11160473160539729,24.291205194052793,0,0
1.309051513671875,-0.11137079655572024,24.290838851240693,0,0
1.30914306640625,-0.11104121151217407,24.290325555781116,0,0
1.30902099609375,-0.11060754385788046,24.289665075885544,0,0
1.309906005859375,-0.1100611192058456,24.288857185163856,0,0
1.31170654296875,-0.10939316146472822,24.287901662652548,0,0
1.311614990234375,-0.10859453476576376,24.28679829284243,0,0
1.3116455078125,-0.10765549245879183,24.285546865705903,0,0
1.313629150390625,-0.10656590027734333,24.28414717672377,0,0
1.313720703125,-0.10531562814529752,24.28259902691157,0,0
1.31536865234375,-0.10389480050580932,24.280902222845448,0,0
1.316436767578125,-0.10229407138999519,24.279056576687523,0,0
1.31805419921875,-0.10050495571409516,24.277061906210808,0,0
1.31976318359375,-0.09852013819098236,24.274918034823592,0,0
1.321258544921875,-0.09633380324423578,24.272624791593387,0,0
1.323699951171875,-0.09394202557451523,24.270182011270315,0,0
1.325714111328125,-0.09134317252309433,24.26758953431004,0,0
1.3309326171875,-0.08853806669387851,24.26484720689616,0,0
1.33392333984375,-0.08552952319214266,24.261954880962115,0,0
1.337005615234375,-0.08232140761021527,24.25891241421251,0,0
1.3402099609375,-0.07891797020404943,24.25571967014405,0,0
1.343963623046875,-0.07532372459779417,24.25237651806577,0,0
1.347137451171875,-0.07154352244874072,24.2488828331189,0,0
1.351776123046875,-0.06758262945293458,24.24523849629606,0,0
1.35546875,-0.06344674201458375,24.241443394460056,0,0
1.359893798828125,-0.05914192229500292,24.237497420361965,0,0
1.364166259765625,-0.054674563435400836,24.233400472658843,0,0
1.369293212890625,-0.0500513823640877,24.229152455930745,0,0
1.3741455078125,-0.04527929138434637,24.22475328069727,0,0
1.379180908203125,-0.04036513178619998,24.22020286343353,0,0
1.38421630859375,-0.03531541002415922,24.21550112658554,0,0
1.38983154296875,-0.03013609738073466,24.210647998585053,0,0
1.39483642578125,-0.024832431282099117,24.205643413863832,0,0
1.40032958984375,-0.019408745875804476,24.200487312867352,0,0
1.40545654296875,-0.01386843541672693,24.195179642067913,0,0
1.410858154296875,-0.008214072716244837,24.18972035397717,0,0
1.41644287109375,-0.0024476372589348934,24.1841094071581,0,0
1.42218017578125,0.003429235017905482,24.178346766236405,0,0
1.427886962890625,0.009415047147065998,24.17243240191126,0,0
1.434173583984375,0.015508282039485805,24.16636629096552,0,0
1.439453125,0.021707256979117816,24.160148416275355,0,0
1.4461669921875,0.028009918801306242,24.153778766819237,0,0
1.45269775390625,0.0344136484080468,24.14725733768635,0,0
1.45892333984375,0.040915250714050805,24.140584130084434,0,0
1.46575927734375,0.04751105120405878,24.133759151346975,0,0
1.472259521484375,0.05419695006258981,24.126782414939818,0,0
1.478729248046875,0.06096843127335431,24.11965394046719,0,0
1.4857177734375,0.06782050423375216,24.11237375367708,0,0
1.492950439453125,0.07474764949067468,24.104941886466023,0,0
1.499420166015625,0.08174388402466509,24.097358376883307,0,0
1.506500244140625,0.08880281813316757,24.089623269134524,0,0
1.514007568359375,0.09591761525420629,24.081736613584514,0,0
1.521270751953125,0.10308105148849554,24.07369846675972,0,0
1.52777099609375,0.11028569647665283,24.065508891349896,0,0
1.535400390625,0.11752395730310312,24.057167956209224,0,0
1.54241943359375,0.12478798279134741,24.04867573635682,0,0
1.5499267578125,0.13206964249239034,24.040032312976557,0,0
1.556976318359375,0.13936059436708703,24.03123777341636,0,0
1.56427001953125,0.1466523345453793,24.022292211186834,0,0
1.571533203125,0.15393620255141197,24.01319572595923,0,0
1.57879638671875,0.1612033863005885,24.00394842356289,0,0
1.58612060546875,0.16844496680831347,23.99455041598201,0,0
1.593109130859375,0.17565198568507953,23.98500182135175,0,0
1.600067138671875,0.18281546617857525,23.975302763953803,0,0
1.607147216796875,0.18992634375716855,23.96545337421127,0,0
1.614227294921875,0.1969753763766923,23.95545378868299,0,0
1.621307373046875,0.20395313889486372,23.945304150057165,0,0
1.627716064453125,0.21085007626320512,23.935004607144425,0,0
1.6346435546875,0.21765648997671522,23.92455531487026,0,0
1.64105224609375,0.2243624373635136,23.91395643426682,0,0
1.6478271484375,0.23095764441550007,23.903208132464126,0,0
1.654144287109375,0.2374314875701961,23.892310582680604,0,0
1.660400390625,0.24377301579134364,23.88126396421312,0,0
1.667022705078125,0.24997099370273068,23.87006846242624,0,0
1.67291259765625,0.25601402200431916,23.858724268741025,0,0
1.678466796875,0.2618906981476746,23.84723158062312,0,0
1.684051513671875,0.2675896414189533,23.835590601570292,0,0
1.6900634765625,0.2730994164810965,23.82380154109931,0,0
1.695220947265625,0.2784085923676778,23.811864614732247,0,0
1.699920654296875,0.2835059139903313,23.799780043982178,0,0
1.70501708984375,0.2883803533857704,23.787548056338267,0,0
1.7091064453125,0.29302102895770765,23.775168885250245,0,0
1.71392822265625,0.2974171222721953,23.762642770112322,0,0
1.718292236328125,0.3015578921945183,23.749969956246456,0,0
1.721893310546875,0.3054328448026512,23.737150694885056,0,0
1.7257080078125,0.3090319347862246,23.72418524315311,0,0
1.7288818359375,0.31234567592801465,23.711073864049673,0,0
1.732025146484375,0.31536522016963353,23.69781682642884,0,0
1.73492431640625,0.31808246874226065,23.684414404980057,0,0
1.737091064453125,0.3204902165022827,23.670866880207925,0,0
1.73974609375,0.32258230684573297,23.657174538411354,0,0
1.74127197265625,0.32435381218672066,23.64333767166223,0,0
1.741973876953125,0.3258011716783804,23.629356577783437,0,0
1.744598388671875,0.3269221914638013,23.61523156032634,0,0
1.74444580078125,0.32771612576321335,23.600962928547716,0,0
1.7445068359375,0.3281838616723106,23.586550997386098,0,0
1.74468994140625,0.32832783228522006,23.571996087437583,1,0
1.744720458984375,0.3281517507002032,23.557298524931102,0,0
1.744720458984375,0.3276605908886055,23.542458641703092,0,0
1.742401123046875,0.32686074955920863,23.527476775171674,0,0
1.741912841796875,0.3257599749799249,23.512353268310267,0,0
1.739471435546875,0.3243670029431001,23.497088469620653,0,0
1.737884521484375,0.32269115583661967,23.481682733105554,0,0
1.7354736328125,0.3207419820952888,23.466136418240644,0,0
1.73358154296875,0.31852896238861556,23.450449889946032,0,0
1.730987548828125,0.31606138585520704,23.43462351855727,0,0
1.72808837890625,0.31334836036459246,23.418657679795793,0,0
1.724639892578125,0.31039877488155293,23.402552754738895,0,0
1.721282958984375,0.3072210915728739,23.386309129789193,0,0
1.7177734375,0.3038230487294473,23.369927196643545,0,0
1.7138671875,0.3002114178349683,23.353407352261556,0,0
1.709930419921875,0.2963918244664825,23.336749998833522,0,0
1.7059326171875,0.292368598136061,23.31995554374793,0,0
1.701568603515625,0.2881446857815451,23.303024399558446,0,0
1.69769287109375,0.28372167408388504,23.285956983950502,0,0
1.692840576171875,0.2790999443474776,23.268753719707302,0,0
1.68817138671875,0.27427889610463585,23.251415034675496,0,0
1.68365478515625,0.26925715862573485,23.233941361730267,0,0
1.678619384765625,0.2640328769576924,23.216333138740076,0,0
1.67376708984375,0.2586041484276179,23.1985908085309,0,0
1.668487548828125,0.25296955132955856,23.18071481885003,0,0
1.663055419921875,0.247128716404037,23.162705622329508,0,0
1.657257080078125,0.2410828932949319,23.144563676449014,0,0
1.6512451171875,0.23483545153892849,23.126289443498443,0,0
1.64501953125,0.22839229944399342,23.107883390540007,0,0
1.63824462890625,0.22176221558495274,23.089345989369946,0,0
1.631134033203125,0.2149570302165239,23.070677716479832,0,0
1.623931884765625,0.20799158864040876,23.051879053017487,0,0
1.616729736328125,0.20088355763529275,23.032950484747484,0,0
1.608917236328125,0.19365318757042718,23.013892502011284,0,0
1.6011962890625,0.1863230097841449,22.994705599687023,0,0
1.59332275390625,0.1789174094770493,22.975390277148843,0,0
1.58563232421875,0.17146213953122014,22.955947038225954,0,0
1.57781982421875,0.16398387961364302,22.936376391161293,0,0
1.56988525390625,0.1565098497892534,22.916678848569802,0,0
1.562286376953125,0.14906742739306164,22.896854927396447,0,0
1.5543212890625,0.14168375396611937,22.876905148873796,0,0
1.547119140625,0.13438535761279477,22.856830038479348,0,0
1.53973388671875,0.12719784825284045,22.836630125892494,0,0
1.532684326171875,0.12014574148154393,22.816305944951164,0,0
1.525970458984375,0.11325239687587788,22.795858033608198,0,0
1.519500732421875,0.1065400689387815,22.775286933887354,0,0
1.513031005859375,0.10003008130705993,22.754593191839078,0,0
1.507171630859375,0.09374306748949184,22.73377735749595,0,0
1.496063232421875,0.08769886025269195,22.71283998482785,0,0
1.490325927734375,0.08191524246876257,22.69178163169684,0,0
1.48565673828125,0.07640592881041522,22.67060285981184,0,0
1.480712890625,0.07117942988939624,22.649304234682948,0,0
1.476348876953125,0.0662392549036374,22.627886325575556,0,0
1.472259521484375,0.06158458125728905,22.606349705464247,0,0
1.467864990234375,0.05721091132420614,22.584694950986375,0,0
1.464874267578125,0.05311068806264267,22.56292264239549,0,0
1.460906982421875,0.049273918574580786,22.54103336351448,0,0
1.45758056640625,0.04568879230138395,22.51902770168854,0,0
1.45477294921875,0.04234217872822443,22.496906247737897,0,0
1.451507568359375,0.03922004912383892,22.474669595910335,0,0
1.448699951171875,0.0363078640921123,22.452318343833536,0,0
1.446258544921875,0.03359085603091028,22.429853092467237,0,0
1.4437255859375,0.03105427086744879,22.40727444605517,0,0
1.441436767578125,0.02868363383327606,22.384583012076885,0,0
1.4390869140625,0.026464969603186075,22.36177940119933,0,0
1.43658447265625,0.024384902369548864,22.33886422722833,0,0
1.43463134765625,0.022430606725619598,22.315838107059925,0,0
1.43316650390625,0.020589723417156744,22.292701660631472,0,0
1.43109130859375,0.018850419504615246,22.269455510872728,0,0
1.42926025390625,0.017201518729374282,22.246100283656677,0,0
1.427398681640625,0.01563249268827885,22.222636607750367,0,0
1.426025390625,0.014133333039625648,22.199065114765517,0,0
1.42431640625,0.012694461170503518,22.175386439109065,0,0
1.422515869140625,0.011306673899692199,22.15160121793362,0,0
1.422088623046875,0.009961084457915215,22.127710091087792,0,0
1.41943359375,0.008649140517498433,22.103713701066454,0,0
1.418792724609375,0.007362638759435755,22.079612692960914,0,0
1.4173583984375,0.006093645967589406,22.055407714409032,0,0
1.416046142578125,0.004834500647775547,22.031099415545224,0,0
1.414825439453125,0.003577916039052484,22.00668844895046,0,0
1.41339111328125,0.002317049913011085,21.982175469602193,0,0
1.41217041015625,0.0010455405583499333,21.957561134824218,0,0
1.41058349609375,-0.00024247614319433675,21.932846104236503,0,0
1.4097900390625,-0.001552349607712819,21.908031039705044,0,0
1.407989501953125,-0.0028888335174460933,21.883116605291598,0,0
1.40740966796875,-0.004255927879742202,21.858103467203467,0,0
1.405120849609375,-0.005656695890667918,21.832992293743274,0,0
1.404449462890625,-0.007093131064888875,21.80778375525868,0,0
1.402435302734375,-0.008566080473245363,21.782478524092166,0,0
1.400970458984375,-0.010075183222156156,21.757077274530786,0,0
1.3997802734375,-0.011618830177485065,21.731580682755958,0,0
1.39727783203125,-0.013194134099966073,21.705989426793266,0,0
1.39581298828125,-0.014796989629451501,21.680304186462287,0,0
1.394805908203125,-0.016422219562782808,21.654525643326483,0,0
1.392486572265625,-0.01806355913987047,21.628654480643092,0,0
1.390228271484375,-0.019713587048966044,21.60269138331313,0,0
1.388946533203125,-0.021363922817565578,21.576637037831382,0,0
1.386932373046875,-0.023005509877176464,21.55049213223649,0,0
1.385009765625,-0.024628754385715046,21.524257356061135,0,0
1.382537841796875,-0.026223721507107445,21.497933400282236,0,0
1.380889892578125,-0.02778056171672115,21.471520957271288,0,0
1.379425048828125,-0.029289984192376245,21.44502072074474,0,0
1.37750244140625,-0.030743541734627094,21.4184333857145,0,0
1.375885009765625,-0.0321337966880699,21.39175964843856,0,0
1.3753662109375,-0.033454466282940756,21.36500020637163,0,0
1.3729248046875,-0.03470044200506722,21.338155758116024,0,0
1.37249755859375,-0.035867763320521634,21.31122700337257,0,0
1.370208740234375,-0.03695372500658142,21.28421464289164,0,0
1.37017822265625,-0.037957051917153845,21.25711937842438,0,0
1.368194580078125,-0.03887801410361216,21.22994191267402,0,0
1.368011474609375,-0.03971847892138777,21.202682949247333,0,0
1.36798095703125,-0.04048184727214163,21.17534319260626,0,0
1.365386962890625,-0.0411728355053535,21.14792334801968,0,0
1.36541748046875,-0.0417974547950494,21.120424121515327,0,0
1.365478515625,-0.042363255282530654,21.092846219831902,0,0
1.365386962890625,-0.042879225908573626,21.065190350371306,0,0
1.364227294921875,-0.04335527972234213,21.0374572211511,0,0
1.36297607421875,-0.043801984925836146,21.009647540757115,0,0
1.36322021484375,-0.04423077880719356,20.981762018296244,0,0
1.3631591796875,-0.044654161705707934,20.953801363349463,0,0
1.36328125,-0.045085424099747445,20.92576628592499,0,0
1.3629150390625,-0.04553805663434296,20.89765749641169,0,0
1.36297607421875,-0.046025161410547216,20.86947570553266,0,0
1.363067626953125,-0.046558895696511504,20.84122162429908,0,0
1.362213134765625,-0.04714987939459864,20.812895963964156,0,0
1.360595703125,-0.0478067857555477,20.784499435977438,0,0
1.360137939453125,-0.048536393053069976,20.75603275193924,0,0
1.359710693359375,-0.049343836209362585,20.727496623555368,0,0
1.35791015625,-0.050232648743152586,20.698891762592027,0,0
1.35760498046875,-0.05120471174146851,20.670218880831012,0,0
1.3553466796875,-0.05226032894180309,20.641478690025096,0,0
1.354522705078125,-0.053398420899240295,20.61267190185371,0,0
1.35308837890625,-0.054616771262957484,20.583799227878853,0,0
1.3514404296875,-0.055912205034595625,20.554861379501247,0,0
1.35040283203125,-0.05728068271387371,20.525859067916763,0,0
1.34820556640625,-0.05871737988726916,20.496793004073137,0,0
1.3466796875,-0.060216813784178244,20.46766389862688,0,0
1.3453369140625,-0.061773029027086354,20.438472461900563,0,0
1.3433837890625,-0.063379700568498,20.409219403840268,0,0
1.3416748046875,-0.06503013786110148,20.379905433973402,0,0
1.340118408203125,-0.06671731394848843,20.350531261366754,0,0
1.338165283203125,-0.06843388640445777,20.321097594584852,0,0
1.3359375,-0.07017221846388594,20.291605141648578,0,0
1.334197998046875,-0.07192452519871534,20.262054609994152,0,0
1.332672119140625,-0.0736830623536791,20.232446706432295,0,0
1.3306884765625,-0.07544016165001716,20.202782137107814,0,0
1.328948974609375,-0.07718815587225991,20.173061607459402,0,0
1.3275146484375,-0.07891931471244193,20.143285822179784,0,0
1.32574462890625,-0.08062573697346853,20.113455485176175,0,0
1.32373046875,-0.08229920642116428,20.083571299531,0,0
1.32159423828125,-0.08393120105775144,20.053633967463007,0,0
1.320587158203125,-0.08551308155659472,20.023644190288636,0,0
1.317474365234375,-0.0870363022604702,19.993602668383716,0,0
1.31658935546875,-0.08849269316104282,19.963510101145516,0,0
1.3143310546875,-0.08987486323140935,19.933367186955095,0,0
1.314056396484375,-0.09117649003178763,19.903174623139975,0,0
1.311676025390625,-0.09239236694017765,19.87293310593716,0,0
1.311767578125,-0.09351834294987446,19.842643330456486,0,0
1.309783935546875,-0.0945512320321979,19.812305990644294,0,0
1.30889892578125,-0.09548873828806141,19.78192177924744,0,0
1.309112548828125,-0.09632942824822616,19.75149138777767,0,0
1.307373046875,-0.0970725755352926,19.72101550647628,0,0
1.30682373046875,-0.09771794837902197,19.690494824279202,0,0
1.306396484375,-0.09826581246582705,19.65993002878233,0,0
1.306427001953125,-0.0987169467277334,19.629321806207294,0,0
1.30670166015625,-0.09907235518602539,19.598670841367515,0,0
1.304351806640625,-0.09933288654969138,19.56797781763463,0,0
1.30389404296875,-0.09949935583247588,19.537243416905273,0,0
1.3040771484375,-0.09957323492792938,19.5064683195682,0,0
1.303985595703125,-0.09955720092818462,19.475653204471783,0,0
1.30426025390625,-0.09945519039675331,19.444798748891834,0,0
1.30426025390625,-0.09927225909325593,19.413905628499805,0,0
1.30438232421875,-0.09901448423732952,19.38297451733136,0,0
1.30633544921875,-0.09868882158088184,19.352006087755242,0,0
1.306488037109375,-0.09830263719124599,19.321001010442597,0,0
1.30645751953125,-0.09786303453967309,19.289959954336567,0,0
1.3065185546875,-0.09737655303427488,19.25888358662231,0,0
1.306304931640625,-0.09684940801662781,19.22777257269735,0,0
1.306671142578125,-0.09628797449393159,19.196627576142287,0,0
1.308990478515625,-0.0956991095164622,19.165449258691904,0,0
1.30914306640625,-0.09508990839869505,19.134238280206592,0,0
1.30902099609375,-0.09446713324071358,19.102995298644203,0,0
1.309051513671875,-0.09383708119083789,19.07172097003218,0,0
1.31134033203125,-0.09320588020182187,19.04041594844017,0,0
1.311370849609375,-0.09257946380389818,19.00908088595288,0,0
1.3115234375,-0.09196317665472428,18.977716432643398,0,0
1.3115234375,-0.0913616766994084,18.946323236546828,0,0
1.31219482421875,-0.09077927357833415,18.914901943634312,0,0
1.3143310546875,-0.09022014108764143,18.883453197787418,0,0
1.314117431640625,-0.08968798119332945,18.851977640772887,0,0
1.31402587890625,-0.08918550905826378,18.820475912217773,0,0
1.31396484375,-0.08871443477369531,18.788948649584906,0,0
1.31390380859375,-0.08827594088172702,18.757396488148775,0,0
1.31390380859375,-0.08787124461933699,18.725820060971735,0,0
1.314117431640625,-0.08750206873856117,18.69421999888061,0,0
1.315673828125,-0.08717087686752042,18.66259693044365,0,0
1.316314697265625,-0.08688061789255655,18.63095148194787,0,0
1.316009521484375,-0.08663409786500799,18.599284277376714,0,0
1.31640625,-0.08643352656416216,18.56759593838814,0,0
1.31634521484375,-0.08628043482082791,18.53588708429304,0,0
1.31591796875,-0.08617573932428081,18.504158332034017,0,0
1.31427001953125,-0.08612001892795577,18.47241029616456,0,0
1.3140869140625,-0.08611423736022682,18.44064358882854,0,0
1.3140869140625,-0.08616064535415159,18.408858819740093,0,0
1.313934326171875,-0.08626331185171172,18.37705659616389,0,0
1.314117431640625,-0.08642817981966935,18.345237522895694,0,0
1.314056396484375,-0.08666287163703164,18.31340220224338,0,0
1.31402587890625,-0.08697636732311806,18.281551234008205,0,0
1.31427001953125,-0.08737858615914312,18.24968521546651,0,0
1.31402587890625,-0.08787985993113473,18.21780474135179,0,0
1.313873291015625,-0.0884903239319941,18.185910403837052,0,0
1.31158447265625,-0.08921945655363965,18.154002792517563,0,0
1.311492919921875,-0.09007604819042232,18.12208249439399,0,0
1.311614990234375,-0.09106832406365171,18.090150093855843,0,0
1.3096923828125,-0.0922036521919223,18.058206172665273,0,0
1.30926513671875,-0.0934879983239284,18.026251309941248,0,0
1.306671142578125,-0.09492561705789436,17.994286082144065,0,0
1.305877685546875,-0.09651900708834914,17.962311063060188,0,0
1.303924560546875,-0.0982689138517634,17.930326823787496,0,0
1.301483154296875,-0.10017426271839394,17.898333932720774,0,0
1.299652099609375,-0.10223215411141394,17.86633295553766,0,0
1.29742431640625,-0.10443795601018747,17.834324455184845,0,0
1.295135498046875,-0.10678530119695893,17.802308991864663,0,0
1.292633056640625,-0.10926597885484772,17.77028712302201,0,0
1.28997802734375,-0.1118698377566029,17.738259403331575,0,0
1.287445068359375,-0.11458471570571445,17.70622638468546,0,0
1.28436279296875,-0.11739636886847445,17.67418861618107,0,0
1.281585693359375,-0.12028842258358738,17.642146644109378,0,0
1.278472900390625,-0.12324236766160443,17.61010101194352,0,0
1.2723388671875,-0.1262378107703997,17.57805226032768,0,0
1.26910400390625,-0.12925344206248923,17.546000927066356,0,0
1.266082763671875,-0.1322685047353937,17.5139475471139,0,0
1.263153076171875,-0.1352637970888664,17.481892652564436,0,0
1.26031494140625,-0.1382219010170848,17.44983677264202,0,0
1.257049560546875,-0.1411271123704222,17.417780433691206,0,0
1.254425048828125,-0.14396540619198148,17.385724159167882,0,0
1.25128173828125,-0.14672446482161705,17.35366846963041,0,0
1.248626708984375,-0.14939373318240745,17.32161388273111,0,0
1.246185302734375,-0.15196447482755193,17.289560913208057,0,0
1.243743896484375,-0.15442975467272374,17.257510072877132,0,0
1.241424560546875,-0.156784322478775,17.22546187062446,0,0
1.239410400390625,-0.15902445809858526,17.1934168123991,0,0
1.237518310546875,-0.16114777384072448,17.161375401206026,0,0
1.23529052734375,-0.16315296532301762,17.129338137099474,0,0
1.2332763671875,-0.16503962826822227,17.09730551717651,0,0
1.23162841796875,-0.16680821393692732,17.065278035570937,0,0
1.230316162109375,-0.16845998490788222,17.033256183447513,0,0
1.228057861328125,-0.1699968774344952,17.001240448996395,0,0
1.22735595703125,-0.17142139224147376,16.96923131742794,0,0
1.22528076171875,-0.17273655503569954,16.93722927096775,0,0
1.2247314453125,-0.17394586643505236,16.905234788852038,0,0
1.22283935546875,-0.17505324695367472,16.873248347323216,0,0
1.222900390625,-0.1760629730204028,16.841270419625843,0,0
1.220916748046875,-0.17697955171178414,16.809301476002776,0,0
1.220428466796875,-0.17780762282000698,16.77734198369165,0,0
1.220611572265625,-0.1785519082049852,16.745392406921603,0,0
1.218292236328125,-0.1792170481869786,16.713453206910263,0,0
1.217987060546875,-0.1798075407010189,16.68152484186105,0,0
1.218048095703125,-0.18032795546099475,16.64960776696068,0,0
1.21759033203125,-0.18078296169071084,16.617702434376973,0,0
1.2161865234375,-0.1811770864519327,16.58580929325692,0,0
1.215362548828125,-0.18151476343319636,16.553928789724985,0,0
1.215423583984375,-0.181800766834408,16.52206136688169,0,0
1.21563720703125,-0.18204049773730155,16.490207464802435,0,0
1.215484619140625,-0.1822398135422525,16.458367520536573,0,0
1.21563720703125,-0.18240462223272863,16.426541968106733,0,0
1.215423583984375,-0.1825405134788591,16.3947312385084,0,0
1.215606689453125,-0.18265247298527018,16.362935759709703,0,0
1.215301513671875,-0.18274465147617644,16.33115595665151,0,0
1.215240478515625,-0.18282020125909246,16.299392251247678,0,0
1.215240478515625,-0.18288118955203195,16.267645062385604,0,0
1.215545654296875,-0.18292850080819845,16.235914805926974,0,0
1.215606689453125,-0.18296162338554162,16.20420189470877,0,0
1.215240478515625,-0.18297838845197925,16.172506738544474,0,1
1.212921142578125,-0.18297501774774994,16.172506738544474,0,0
1.213165283203125,-0.1829468287818235,16.172506738544474,0,0
1.2127685546875,-0.18288926970108907,16.172506738544474,0,0
1.21270751953125,-0.1827986168795497,16.172506738544474,0,0
1.2130126953125,-0.18267224523608463,16.172506738544474,0,0
1.212890625,-0.18250870719899592,16.172506738544474,0,0
1.212860107421875,-0.1823077552965085,16.172506738544474,0,0
1.213165283203125,-0.1820704102317732,16.172506738544474,0,0
1.215301513671875,-0.1817988923657094,16.172506738544474,0,0
1.215576171875,-0.1814960398638148,16.172506738544474,0,0
1.21551513671875,-0.1811644198005441,16.172506738544474,0,0
1.2154541015625,-0.18080583965822988,16.172506738544474,0,0
1.21533203125,-0.18042146937630393,16.172506738544474,0,0
1.21575927734375,-0.18001221391667244,16.172506738544474,0,0
1.215240478515625,-0.17957907652295507,16.172506738544474,0,0
1.21533203125,-0.1791235606090794,16.172506738544474,0,0
1.215484619140625,-0.17864817619744178,16.172506738544474,0,0
1.215667724609375,-0.17815691780717213,16.172506738544474,0,0
1.217864990234375,-0.1776554634401184,16.172506738544474,0,0
1.217926025390625,-0.1771508684141396,16.172506738544474,0,0
1.2178955078125,-0.17665099637103876,16.172506738544474,0,0
1.2177734375,-0.17616433880463467,16.172506738544474,0,0
1.219696044921875,-0.17570023018092265,16.172506738544474,0,0
1.220550537109375,-0.1752687419438227,16.172506738544474,0,0
1.2203369140625,-0.17488006466435513,16.172506738544474,0,0
1.220489501953125,-0.17454401710804213,16.172506738544474,0,0
1.222137451171875,-0.17426992880838676,16.172506738544474,0,0
1.222808837890625,-0.17406632230022123,16.172506738544474,0,0
1.222900390625,-0.17394015936317225,16.172506738544474,0,0
1.222930908203125,-0.17389614884670979,16.172506738544474,0,0
1.22296142578125,-0.1739364263295867,16.172506738544474,0,0
1.222686767578125,-0.1740604392573971,16.172506738544474,0,0
1.22216796875,-0.17426491010294232,16.172506738544474,0,0
1.220245361328125,-0.17454402633327548,16.172506738544474,0,0
1.220367431640625,-0.1748900085521387,16.172506738544474,0,0
1.220428466796875,-0.1752937136788608,16.172506738544474,0,0
1.219757080078125,-0.175744756933525,16.172506738544474,0,0
1.2177734375,-0.1762314068537356,16.172506738544474,0,0
1.217987060546875,-0.17674084902098328,16.172506738544474,0,0
1.218048095703125,-0.17725957670366677,16.172506738544474,0,0
1.2156982421875,-0.17777344438254525,16.172506738544474,0,0
1.21539306640625,-0.17826778954271477,16.172506738544474,0,0
1.215484619140625,-0.17872788294062328,16.172506738544474,0,0
1.215240478515625,-0.1791391246567556,16.172506738544474,0,0
1.2130126953125,-0.17948692098960403,16.172506738544474,0,0
1.212860107421875,-0.17975693632638454,16.172506738544474,0,0
1.212860107421875,-0.1799357480806648,16.172506738544474,0,0
1.212890625,-0.18001123220003942,16.172506738544474,0,0
1.21295166015625,-0.17997250287125388,16.172506738544474,0,0
1.21295166015625,-0.17980975356321835,16.172506738544474,0,0
1.212860107421875,-0.17951422239544848,16.172506738544474,0,0
1.2127685546875,-0.17907834603691103,16.172506738544474,0,0
1.213348388671875,-0.1784960757223396,16.172506738544474,0,0
1.2158203125,-0.17776304697029185,16.172506738544474,0,0
1.215423583984375,-0.1768762749936499,16.172506738544474,0,0
1.2161865234375,-0.17583374854624076,16.172506738544474,0,0
1.217987060546875,-0.17463445072342768,16.172506738544474,0,0
1.219085693359375,-0.1732785016470766,16.172506738544474,0,0
1.220550537109375,-0.1717670708712296,16.172506738544474,0,0
1.22271728515625,-0.17010223041050576,16.172506738544474,0,0
1.224334716796875,-0.16828679069517197,16.172506738544474,0,0
1.226043701171875,-0.16632410379997456,16.172506738544474,0,0
1.228179931640625,-0.16421799512457896,16.172506738544474,0,0
1.23040771484375,-0.16197280605747033,16.172506738544474,0,0
1.233245849609375,-0.1595933561970656,16.172506738544474,0,0
1.23541259765625,-0.1570847631225471,16.172506738544474,0,0
1.238525390625,-0.15445221923505056,16.172506738544474,0,0
1.241302490234375,-0.15170077714131183,16.172506738544474,0,0
1.243896484375,-0.14883512890017614,16.172506738544474,0,0
1.246978759765625,-0.14585946483182782,16.172506738544474,0,0
1.25054931640625,-0.14277739986761712,16.172506738544474,0,0
1.25347900390625,-0.13959179641832775,16.172506738544474,0,0
1.25640869140625,-0.13630455738796032,16.172506738544474,0,0
1.259918212890625,-0.1329166074084135,16.172506738544474,0,0
1.26348876953125,-0.1294279758225787,16.172506738544474,0,0
1.26690673828125,-0.12583778423141426,16.172506738544474,0,0
1.270599365234375,-0.12214418187420252,16.172506738544474,0,0
1.274261474609375,-0.11834433255746807,16.172506738544474,0,0
1.278076171875,-0.11443444400108305,16.172506738544474,0,0
1.282073974609375,-0.11040981102844072,16.172506738544474,0,0
1.28533935546875,-0.10626491344402252,16.172506738544474,0,0
1.290313720703125,-0.10199361947957669,16.172506738544474,0,0
1.294281005859375,-0.09758936190327136,16.172506738544474,0,0
1.298431396484375,-0.09304519341024911,16.172506738544474,0,0
1.302947998046875,-0.08835391571170437,16.172506738544474,0,0
1.307769775390625,-0.08350833579286038,16.172506738544474,0,0
1.312744140625,-0.07850145224769796,16.172506738544474,0,0
1.31768798828125,-0.07332652281368353,16.172506738544474,0,0
1.322601318359375,-0.06797714880171736,16.172506738544474,0,0
1.328369140625,-0.062447450273857834,16.172506738544474,0,0
1.333587646484375,-0.05673224574143894,16.172506738544474,0,0
1.33935546875,-0.050827197342311475,16.172506738544474,0,0
1.345458984375,-0.04472897964014425,16.172506738544474,0,0
1.35186767578125,-0.038435403867272455,16.172506738544474,0,0
1.357818603515625,-0.03194543973998406,16.172506738544474,0,0
1.364837646484375,-0.0252592467053932,16.172506738544474,0,0
1.37158203125,-0.018378227148839632,16.172506738544474,0,0
1.37890625,-0.011304985083182312,16.172506738544474,0,0
1.38604736328125,-0.004043193324045347,16.172506738544474,0,0
1.393951416015625,0.0034025720815344454,16.172506738544474,0,0
1.401336669921875,0.011027034069041972,16.172506738544474,0,0
1.4090576171875,0.01882439907466913,16.172506738544474,0,0
1.416778564453125,0.02678841120476326,16.172506738544474,0,0
1.425140380859375,0.034912301036639004,16.172506738544474,0,0
1.43316650390625,0.04318876419929668,16.172506738544474,0,0
1.4410400390625,0.051609950562940335,16.172506738544474,0,0
1.449493408203125,0.06016731112335491,16.172506738544474,0,0
1.4583740234375,0.06885135796201987,16.172506738544474,0,0
1.467132568359375,0.07765157137343129,16.172506738544474,0,0
1.47601318359375,0.08655648399437178,16.172506738544474,0,0
1.484832763671875,0.09555377664408438,16.172506738544474,0,0
1.494140625,0.1046303195995828,16.172506738544474,0,0
1.50286865234375,0.11377220806792013,16.172506738544474,0,0
1.51226806640625,0.12296479150682804,16.172506738544474,0,0
1.5213623046875,0.13219268600464776,16.172506738544474,0,0
1.530731201171875,0.14143982135530642,16.172506738544474,0,0
1.53997802734375,0.15068954108099666,16.172506738544474,0,0
1.549102783203125,0.15992471739023237,16.172506738544474,0,0
1.5584716796875,0.16912785054711157,16.172506738544474,0,0
1.56756591796875,0.17828116828031332,16.172506738544474,0,0
1.576385498046875,0.18736672536512933,16.172506738544474,0,0
1.5858154296875,0.19636646740311492,16.172506738544474,0,0
1.594482421875,0.20526231422262056,16.172506738544474,0,0
1.603302001953125,0.21403630017867606,16.172506738544474,0,0
1.61181640625,0.22267068097290382,16.172506738544474,0,0
1.62017822265625,0.23114796895083892,16.172506738544474,0,0
1.628265380859375,0.23945092026459852,16.172506738544474,0,0
1.636260986328125,0.24756247207657117,16.172506738544474,0,0
1.6441650390625,0.2554656619938178,16.172506738544474,0,0
1.65234375,0.26314363462763796,16.172506738544474,0,0
1.659088134765625,0.2705797828654317,16.172506738544474,0,0
1.66644287109375,0.27775786369449534,16.172506738544474,0,0
1.673492431640625,0.2846619942331567,16.172506738544474,0,0
1.68035888671875,0.291276715910136,16.172506738544474,0,0
1.686431884765625,0.2975872093517339,16.172506738544474,0,0
1.692626953125,0.30357949792781336,16.172506738544474,0,0
1.69830322265625,0.3092405773709167,16.172506738544474,0,0
1.703521728515625,0.3145585378915764,16.172506738544474,0,0
1.70867919921875,0.3195226825898318,16.172506738544474,0,0
1.71307373046875,0.3241236264481471,16.172506738544474,0,0
1.717437744140625,0.3283533815696348,16.172506738544474,0,0
1.721221923828125,0.33220542596622527,16.172506738544474,0,0
1.724761962890625,0.3356747743509833,16.172506738544474,0,0
1.727935791015625,0.33875806990701085,16.172506738544474,0,0
1.730438232421875,0.34145368450267183,16.172506738544474,0,0
1.732147216796875,0.34376173542782734,16.172506738544474,0,0
1.73468017578125,0.3456839567865646,16.172506738544474,0,0
1.735626220703125,0.347223573800204,16.172506738544474,0,0
1.736907958984375,0.34838526712680074,16.172506738544474,0,0
1.73712158203125,0.34917508681637927,16.172506738544474,0,0
1.737152099609375,0.34960021947311576,16.172506738544474,0,0
1.737335205078125,0.34966865673110237,16.172506738544474,1,0
1.73712158203125,0.34938893732701776,16.172506738544474,0,0
1.7362060546875,0.3487700769433691,16.172506738544474,0,0
1.73468017578125,0.3478215118648174,16.172506738544474,0,0
1.734039306640625,0.3465529092044869,16.172506738544474,0,0
1.732269287109375,0.34497403792117265,16.172506738544474,0,0
1.729827880859375,0.34309479647504537,16.172506738544474,0,0
1.7279052734375,0.34092516219775665,16.172506738544474,0,0
1.72552490234375,0.3384750484129432,16.172506738544474,0,0
1.722869873046875,0.3357542991766226,16.172506738544474,0,0
1.719818115234375,0.3327728075212654,16.172506738544474,0,0
1.716827392578125,0.3295406221151432,16.172506738544474,0,0
1.713531494140625,0.3260680666240336,16.172506738544474,0,0
1.709197998046875,0.3223658776215735,16.172506738544474,0,0
1.705780029296875,0.3184452389911352,16.172506738544474,0,0
1.70147705078125,0.3143177454212505,16.172506738544474,0,0
1.696563720703125,0.3099953933094317,16.172506738544474,0,0
1.69244384765625,0.30549049415159846,16.172506738544474,0,0
1.687530517578125,0.3008155282096815,16.172506738544474,0,0
1.6822509765625,0.2959830585218149,16.172506738544474,0,0
1.677581787109375,0.2910056199963141,16.172506738544474,0,0
1.67218017578125,0.28589558255978703,16.172506738544474,0,0
1.667083740234375,0.2806650967430535,16.172506738544474,0,0
1.661163330078125,0.2753260547015439,16.172506738544474,0,0
1.656005859375,0.2698899702806919,16.172506738544474,0,0
1.65045166015625,0.2643678553487777,16.172506738544474,0,0
1.644439697265625,0.25877017919182355,16.172506738544474,0,0
1.63873291015625,0.25310680683934406,16.172506738544474,0,0
1.63299560546875,0.24738685161263177,16.172506738544474,0,0
1.627044677734375,0.2416185535043029,16.172506738544474,0,0
1.62176513671875,0.23580925710881873,16.172506738544474,0,0
1.6160888671875,0.22996553852384347,16.172506738544474,0,0
1.609954833984375,0.22409346523351933,16.172506738544474,0,0
1.604095458984375,0.2181987890606905,16.172506738544474,0,0
1.59796142578125,0.21228696189059368,16.172506738544474,0,0
1.59210205078125,0.2063630742692163,16.172506738544474,0,0
1.58612060546875,0.20043181301319615,16.172506738544474,0,0
1.580230712890625,0.1944974660297289,16.172506738544474,0,0
1.5745849609375,0.18856398922466558,16.172506738544474,0,0
1.56829833984375,0.18263512789817007,16.172506738544474,0,0
1.5625,0.1767145101169578,16.172506738544474,0,0
1.556976318359375,0.17080569364706083,16.172506738544474,0,0
1.55078125,0.1649122803830969,16.172506738544474,0,0
1.545166015625,0.1590380800196351,16.172506738544474,0,0
1.539276123046875,0.1531872248113651,16.172506738544474,0,0
1.532958984375,0.14736422597384968,16.172506738544474,0,0
1.527008056640625,0.14157390058163405,16.172506738544474,0,0
1.5218505859375,0.13582120250032068,16.172506738544474,0,0
1.51556396484375,0.13011118208792818,16.172506738544474,0,0
1.510162353515625,0.12444906203245462,16.172506738544474,0,0
1.504425048828125,0.11884025910963156,16.172506738544474,0,0
1.498687744140625,0.11329036604735618,16.172506738544474,0,0
1.49334716796875,0.10780512806388953,16.172506738544474,0,0
1.48779296875,0.10239041657235279,16.172506738544474,0,0
1.48199462890625,0.09705219553863029,16.172506738544474,0,0
1.476715087890625,0.09179639159663627,16.172506738544474,0,0
1.471282958984375,0.08662867256271559,16.172506738544474,0,0
1.4661865234375,0.08155425088738234,16.172506738544474,0,0
1.46099853515625,0.07657774456395405,16.172506738544474,0,0
1.45599365234375,0.07170305779621412,16.172506738544474,0,0
1.450958251953125,0.06693324665652003,16.172506738544474,0,0
1.446319580078125,0.06227036546673157,16.172506738544474,0,0
1.441864013671875,0.05771535674280286,16.172506738544474,0,0
1.437286376953125,0.05326804405812073,16.172506738544474,0,0
1.433349609375,0.04892720850467206,16.172506738544474,0,0
1.42901611328125,0.04469073052080336,16.172506738544474,0,0
1.42529296875,0.04055579812383573,16.172506738544474,0,0
1.420928955078125,0.03651913109140772,16.172506738544474,0,0
1.417938232421875,0.03257719874167038,16.172506738544474,0,0
1.413665771484375,0.028726500626799493,16.172506738544474,0,0
1.4100341796875,0.02496386798715166,16.172506738544474,0,0
1.40643310546875,0.021286636690103822,16.172506738544474,0,0
1.403045654296875,0.017692745027812158,16.172506738544474,0,0
1.398956298828125,0.01418084807914375,16.172506738544474,0,0
1.395904541015625,0.01075035056903842,16.172506738544474,0,0
1.39215087890625,0.0074013483517144305,16.172506738544474,0,0
1.388824462890625,0.004134563658741118,16.172506738544474,0,0
1.38568115234375,0.0009512650823486138,16.172506738544474,0,0
1.382293701171875,-0.0021468169452826674,16.172506738544474,0,0
1.37921142578125,-0.005157569056135257,16.172506738544474,0,0
1.376251220703125,-0.008078599670801122,16.172506738544474,0,0
1.373382568359375,-0.010907328493192467,16.172506738544474,0,0
1.370147705078125,-0.01364105653768205,16.172506738544474,0,0
1.3673095703125,-0.01627712659122181,16.172506738544474,0,0
1.365020751953125,-0.01881316547521479,16.172506738544474,0,0
1.36236572265625,-0.02124723067093099,16.172506738544474,0,0
1.359954833984375,-0.023577829553514527,16.172506738544474,0,0
1.3577880859375,-0.025803938742715568,16.172506738544474,0,0
1.35546875,-0.02792504351480799,16.172506738544474,0,0
1.353179931640625,-0.02994118927378201,16.172506738544474,0,0
1.35125732421875,-0.031853097918437684,16.172506738544474,0,0
1.34967041015625,-0.03366228722255737,16.172506738544474,0,0
1.34820556640625,-0.03537104171912189,16.172506738544474,0,0
1.345672607421875,-0.036982285734119,16.172506738544474,0,0
1.344696044921875,-0.03849959531442505,16.172506738544474,0,0
1.343353271484375,-0.039927304528728794,16.172506738544474,0,0
1.341644287109375,-0.04127047155840409,16.172506738544474,0,0
1.34088134765625,-0.042534767810122436,16.172506738544474,0,0
1.33935546875,-0.04372639818752399,16.172506738544474,0,0
1.338409423828125,-0.044852011819542514,16.172506738544474,0,0
1.338165283203125,-0.045918559656212464,16.172506738544474,0,0
1.335845947265625,-0.04693307318655043,16.172506738544474,0,0
1.3358154296875,-0.047902531963080856,16.172506738544474,0,0
1.334930419921875,-0.04883385062925562,16.172506738544474,0,0
1.333526611328125,-0.04973375625961151,16.172506738544474,0,0
1.33331298828125,-0.050608632362255566,16.172506738544474,0,0
1.332061767578125,-0.051464440373732524,16.172506738544474,0,0
1.331024169921875,-0.05230665204041052,16.172506738544474,0,0
1.33099365234375,-0.05314021536123325,16.172506738544474,0,0
1.329498291015625,-0.0539694725044073,16.172506738544474,0,0
1.328857421875,-0.054798026302321654,16.172506738544474,0,0
1.328765869140625,-0.055628657554603785,16.172506738544474,0,0
1.3267822265625,-0.05646320254597652,16.172506738544474,0,0
1.326263427734375,-0.05730249484343036,16.172506738544474,0,0
1.323974609375,-0.05814661983529875,16.172506738544474,0,0
1.323699951171875,-0.058995411945651936,16.172506738544474,0,0
1.323822021484375,-0.05984881266348066,16.172506738544474,0,0
1.32159423828125,-0.06070679704822037,16.172506738544474,0,0
1.32122802734375,-0.06156921057116198,16.172506738544474,0,0
1.320465087890625,-0.062435858378629375,16.172506738544474,0,0
1.318817138671875,-0.06330661235241476,16.172506738544474,0,0
1.31903076171875,-0.06418143568924209,16.172506738544474,0,0
1.317352294921875,-0.06506036379157795,16.172506738544474,0,0
1.316497802734375,-0.06594344384857663,16.172506738544474,0,0
1.316436767578125,-0.06683072205348294,16.172506738544474,0,0
1.314605712890625,-0.06772217824592926,16.172506738544474,0,0
1.3140869140625,-0.0686176263360183,16.172506738544474,0,0
1.313934326171875,-0.0695166855792577,16.172506738544474,0,0
1.311492919921875,-0.07041869093724179,16.172506738544474,0,0
1.3114013671875,-0.07132268442900333,16.172506738544474,0,0
1.310546875,-0.07222757710314004,16.172506738544474,0,0
1.309051513671875,-0.07313218854539251,16.172506738544474,0,0
1.308990478515625,-0.07403518104730814,16.172506738544474,0,0
1.30731201171875,-0.07493502667223767,16.172506738544474,0,0
1.3065185546875,-0.07582999980861523,16.172506738544474,0,0
1.306427001953125,-0.0767182016150332,16.172506738544474,0,0
1.304046630859375,-0.07759753181785148,16.172506738544474,0,0
1.304229736328125,-0.07846570357938873,16.172506738544474,0,0
1.303314208984375,-0.07932033578499688,16.172506738544474,0,0
1.301483154296875,-0.08015893848539542,16.172506738544474,0,0
1.30181884765625,-0.080978924182706,16.172506738544474,0,0
1.299896240234375,-0.08177770711080067,16.172506738544474,0,0
1.299163818359375,-0.08255279539340828,16.172506738544474,0,0
1.29901123046875,-0.08330194265910344,16.172506738544474,0,0
1.29730224609375,-0.08402325006391727,16.172506738544474,0,0
1.2965087890625,-0.0847152484313218,16.172506738544474,0,0
1.296783447265625,-0.08537709461101177,16.172506738544474,0,0
1.295562744140625,-0.08600860542028492,16.172506738544474,0,0
1.294464111328125,-0.08661012779916737,16.172506738544474,0,0
1.294281005859375,-0.08718262151231952,16.172506738544474,0,0
1.2940673828125,-0.0877278171096793,16.172506738544474,0,0
1.293121337890625,-0.08824813556181406,16.172506738544474,0,0
1.29180908203125,-0.0887466159476374,16.172506738544474,0,0
1.291961669921875,-0.08922713998805307,16.172506738544474,0,0
1.291717529296875,-0.08969465765104177,16.172506738544474,0,0
1.29168701171875,-0.09015504189728736,16.172506738544474,0,0
1.290679931640625,-0.09061473330964459,16.172506738544474,0,0
1.289306640625,-0.09108062406649023,16.172506738544474,0,0
1.289337158203125,-0.09156034924116399,16.172506738544474,0,0
1.289276123046875,-0.09206259603804252,16.172506738544474,0,0
1.2891845703125,-0.09259697687419037,16.172506738544474,0,0
1.28936767578125,-0.09317351094602967,16.172506738544474,0,0
1.28936767578125,-0.09380193431692418,16.172506738544474,0,0
1.28729248046875,-0.09449106313896197,16.172506738544474,0,0
1.286956787109375,-0.09524858964804898,16.172506738544474,0,0
1.286834716796875,-0.0960812372354631,16.172506738544474,0,0
1.28662109375,-0.09699463416933013,16.172506738544474,0,0
1.28460693359375,-0.09799280266105831,16.172506738544474,0,0
1.284332275390625,-0.09907781140814777,16.172506738544474,0,0
1.2821044921875,-0.10024977683808069,16.172506738544474,0,0
1.28179931640625,-0.10150697147654512,16.172506738544474,0,0
1.27923583984375,-0.10284591829068147,16.172506738544474,0,0
1.2781982421875,-0.1042615411071243,16.172506738544474,0,0
1.27685546875,-0.10574737253913896,16.172506738544474,0,0
1.274566650390625,-0.10729568369347359,16.172506738544474,0,0
1.272918701171875,-0.10889761815164468,16.172506738544474,0,0
1.271148681640625,-0.11054347342185628,16.172506738544474,0,0
1.269439697265625,-0.11222297110894912,16.172506738544474,0,0
1.26708984375,-0.11392544007200232,16.172506738544474,0,0
1.265380859375,-0.11564006550003707,16.172506738544474,0,0
1.263763427734375,-0.1173561908791849,16.172506738544474,0,0
1.262176513671875,-0.11906347539134952,16.172506738544474,0,0
1.260040283203125,-0.12075189624978598,16.172506738544474,0,0
1.258270263671875,-0.12241180871952739,16.172506738544474,0,0
1.257049560546875,-0.12403410751078908,16.172506738544474,0,0
1.2550048828125,-0.12561031615222398,16.172506738544474,0,0
1.253265380859375,-0.12713262863053185,16.172506738544474,0,0
1.252349853515625,-0.12859402944382153,16.172506738544474,0,0
1.250152587890625,-0.12998839402201096,16.172506738544474,0,0
1.25006103515625,-0.131310486520431,16.172506738544474,0,0
1.247314453125,-0.1325559101375401,16.172506738544474,0,0
1.24761962890625,-0.13372108468010901,16.172506738544474,0,0
1.24542236328125,-0.13480324531508767,16.172506738544474,0,0
1.244842529296875,-0.13580043035930386,16.172506738544474,0,0
1.244781494140625,-0.1367114523412319,16.172506738544474,0,0
1.24249267578125,-0.1375357750670989,16.172506738544474,0,0
1.242584228515625,-0.13827345104482944,16.172506738544474,0,0
1.24261474609375,-0.13892517702140506,16.172506738544474,0,0
1.2412109375,-0.13949213722120618,16.172506738544474,0,0
1.240081787109375,-0.13997583886014003,16.172506738544474,0,0
1.240142822265625,-0.14037836027816855,16.172506738544474,0,0
1.24029541015625,-0.1407026448087048,16.172506738544474,0,0
1.240020751953125,-0.14095238615327813,16.172506738544474,0,0
1.240203857421875,-0.14113168197586815,16.172506738544474,0,0
1.240020751953125,-0.14124474152528613,16.172506738544474,0,0
1.240203857421875,-0.14129567513406688,16.172506738544474,0,0
1.24017333984375,-0.14128832930579766,16.172506738544474,0,0
1.240386962890625,-0.14122615385700205,16.172506738544474,0,0
1.240264892578125,-0.14111210601707858,16.172506738544474,0,0
1.240234375,-0.1409486422971096,16.172506738544474,0,0
1.2403564453125,-0.14073782877243887,16.172506738544474,0,0
1.2401123046875,-0.14048153463393998,16.172506738544474,0,0
1.240478515625,-0.14018167635952636,16.172506738544474,0,0
1.239837646484375,-0.1398405209309253,16.172506738544474,0,0
1.242095947265625,-0.13946094926337216,16.172506738544474,0,0
1.242645263671875,-0.13904632567584596,16.172506738544474,0,0
1.24237060546875,-0.13859994074215426,16.172506738544474,0,0
1.24273681640625,-0.13812466958494937,16.172506738544474,0,0
1.24261474609375,-0.13762317743229346,16.172506738544474,0,0
1.24493408203125,-0.1370982106837847,16.172506738544474,0,0
1.24517822265625,-0.13655243430756098,16.172506738544474,0,0
1.244964599609375,-0.13598795622699472,16.172506738544474,0,0
1.245758056640625,-0.13540617679900702,16.172506738544474,0,0
1.247528076171875,-0.13480793170826985,16.172506738544474,0,0
1.247589111328125,-0.13419333412340978,16.172506738544474,0,0
1.247314453125,-0.133561470430752,16.172506738544474,0,0
1.247222900390625,-0.13291060385299408,16.172506738544474,0,0
1.249908447265625,-0.13223872704154804,16.172506738544474,0,0
1.249969482421875,-0.13154365114086647,16.172506738544474,0,0
1.250030517578125,-0.13082263118436555,16.172506738544474,0,0
1.250823974609375,-0.1300722989483275,16.172506738544474,0,0
1.252197265625,-0.12928894318115797,16.172506738544474,0,0
1.25225830078125,-0.12846861894028722,16.172506738544474,0,0
1.253387451171875,-0.127607131139508,16.172506738544474,0,0
1.25482177734375,-0.12670008152240897,16.172506738544474,0,0
1.254913330078125,-0.12574284503508176,16.172506738544474,0,0
1.256561279296875,-0.1247305287491841,16.172506738544474,0,0
1.257568359375,-0.1236580055208675,16.172506738544474,0,0
1.2579345703125,-0.12251993477569752,16.172506738544474,0,0
1.259857177734375,-0.12131085391322372,16.172506738544474,0,0
1.260223388671875,-0.12002536238761893,16.172506738544474,0,0
1.261932373046875,-0.11865829742605653,16.172506738544474,0,0
1.262969970703125,-0.117204930093865,16.172506738544474,0,0
1.2645263671875,-0.1156611668051371,16.172506738544474,0,0
1.266571044921875,-0.11402367708269658,16.172506738544474,0,0
1.267669677734375,-0.11228992020481186,16.172506738544474,0,0
1.27020263671875,-0.11045813384935797,16.172506738544474,0,0
1.272064208984375,-0.10852729691763224,16.172506738544474,0,0
1.274078369140625,-0.10649700044329442,16.172506738544474,0,0
1.276275634765625,-0.10436731927810072,16.172506738544474,0,0
1.278076171875,-0.10213880156024199,16.172506738544474,0,0
1.280426025390625,-0.09981257590857595,16.172506738544474,0,0
1.282958984375,-0.09739050933325709,16.172506738544474,0,0
1.28570556640625,-0.09487526830862966,16.172506738544474,0,0
1.2880859375,-0.09227023960723132,16.172506738544474,0,0
1.290679931640625,-0.08957946278808397,16.172506738544474,0,0
1.2935791015625,-0.08680766840803353,16.172506738544474,0,0
1.2967529296875,-0.0839603031564676,16.172506738544474,0,0
1.30023193359375,-0.08104337222927194,16.172506738544474,0,0
1.302947998046875,-0.07806310656116976,16.172506738544474,0,0
1.30615234375,-0.07502566277609102,16.172506738544474,0,0
1.309783935546875,-0.07193695176843215,16.172506738544474,0,0
1.312835693359375,-0.06880243877270077,16.172506738544474,0,0
1.316314697265625,-0.06562686746018398,16.172506738544474,0,0
1.319580078125,-0.06241402531383326,16.172506738544474,0,0
1.32275390625,-0.059166581741759545,16.172506738544474,0,0
1.3262939453125,-0.05588598577446181,16.172506738544474,0,0
1.329681396484375,-0.052572384025431664,16.172506738544474,0,0
1.332672119140625,-0.04922453693407558,16.172506738544474,0,0
1.336517333984375,-0.045839799403826355,16.172506738544474,0,0
1.339630126953125,-0.04241414232939838,16.172506738544474,0,0
1.3433837890625,-0.03894214069253967,16.172506738544474,0,0
1.3465576171875,-0.035416969517027753,16.172506738544474,0,0
1.35009765625,-0.03183047339117291,16.172506738544474,0,0
1.353607177734375,-0.02817331979343644,16.172506738544474,0,0
1.357025146484375,-0.024435206810494818,16.172506738544474,0,0
1.361114501953125,-0.020605083420467935,16.172506738544474,0,0
1.3646240234375,-0.016671334804717466,16.172506738544474,0,0
1.3687744140625,-0.012621933971385571,16.172506738544474,0,0
1.37249755859375,-0.008444625508117268,16.172506738544474,0,0
1.376495361328125,-0.004127191739012055,16.172506738544474,0,0
1.38092041015625,0.00034219850775175226,16.172506738544474,0,0
1.385009765625,0.004974620088376826,16.172506738544474,0,0
1.389739990234375,0.009780030899543941,16.172506738544474,0,0
1.39471435546875,0.014766926442387307,16.172506738544474,0,0
1.399688720703125,0.01994208296203697,16.172506738544474,0,0
1.40496826171875,0.025310386593435985,16.172506738544474,0,0
1.41064453125,0.030874683984799395,16.172506738544474,0,0
1.416717529296875,0.03663571047765576,16.172506738544474,0,0
1.42205810546875,0.04259212225105523,16.172506738544474,0,0
1.42864990234375,0.04874049254548363,16.172506738544474,0,0
1.435272216796875,0.05507527585763587,16.172506738544474,0,0
1.44189453125,0.06158892875419454,16.172506738544474,0,0
1.449188232421875,0.06827219585030338,16.172506738544474,0,0
1.455718994140625,0.07511443249164539,16.172506738544474,0,0
1.463043212890625,0.08210386266575029,16.172506738544474,0,0
1.470306396484375,0.089227740836115,16.172506738544474,0,0
1.477691650390625,0.09647250871937796,16.172506738544474,0,0
1.48541259765625,0.10382400732033834,16.172506738544474,0,0
1.49298095703125,0.11126773020183889,16.172506738544474,0,0
1.500213623046875,0.1187890612967458,16.172506738544474,0,0
1.5084228515625,0.1263734159821537,16.172506738544474,0,0
1.516082763671875,0.13400636850820238,16.172506738544474,0,0
1.52349853515625,0.14167384659962634,16.172506738544474,0,0
1.531585693359375,0.1493622641620235,16.172506738544474,0,0
1.539031982421875,0.1570585629799172,16.172506738544474,0,0
1.5465087890625,0.16475022506805964,16.172506738544474,0,0
1.554534912109375,0.17242521887647322,16.172506738544474,0,0
1.561798095703125,0.18007192863131405,16.172506738544474,0,0
1.56939697265625,0.18767910645343844,16.172506738544474,0,0
1.577056884765625,0.19523578613764728,16.172506738544474,0,0
1.584381103515625,0.20273119962060832,16.172506738544474,0,0
1.591827392578125,0.21015473226632608,16.172506738544474,0,0
1.5992431640625,0.21749587760025,16.172506738544474,0,0
1.606475830078125,0.224744213423921,16.172506738544474,0,0
1.613677978515625,0.2318894164949164,16.172506738544474,0,0
1.620330810546875,0.23892125531889297,16.172506738544474,0,0
1.627197265625,0.24582948688447454,16.172506738544474,0,0
1.63397216796875,0.25260367671008516,16.172506738544474,0,0
1.640655517578125,0.25923306200753377,16.172506738544474,0,0
1.647003173828125,0.2657065049997603,16.172506738544474,0,0
1.65380859375,0.27201250157807794,16.172506738544474,0,0
1.65985107421875,0.2781392722509851,16.172506738544474,0,0
1.66571044921875,0.2840749101561601,16.172506738544474,0,0
1.671630859375,0.2898074631503159,16.172506738544474,0,0
1.67718505859375,0.295324959413795,16.172506738544474,0,0
1.682647705078125,0.30061547503721026,16.172506738544474,0,0
1.68719482421875,0.30566720305109946,16.172506738544474,0,0
1.69232177734375,0.3104684172612049,16.172506738544474,0,0
1.697113037109375,0.3150074043185926,16.172506738544474,0,0
1.701446533203125,0.3192725399228651,16.172506738544474,0,0
1.7059326171875,0.3232525069966216,16.172506738544474,0,0
1.709381103515625,0.32693654611570033,16.172506738544474,0,0
1.71356201171875,0.33031469633066873,16.172506738544474,0,0
1.71649169921875,0.33337805902229034,16.172506738544474,0,0
1.719085693359375,0.33611905492783267,16.172506738544474,0,0
1.721435546875,0.3385315157055039,16.172506738544474,0,0
1.723541259765625,0.3406105960550009,16.172506738544474,0,0
1.724853515625,0.34235263927203596,16.172506738544474,0,0
1.727294921875,0.3437550775740323,16.172506738544474,0,0
1.72705078125,0.34481642196103474,16.172506738544474,0,0
1.728179931640625,0.34553620580547706,16.172506738544474,0,0
1.7298583984375,0.3459148590687427,16.172506738544474,0,0
1.728790283203125,0.3459538442591836,16.172506738544474,0,0
1.72723388671875,0.3456557958954549,16.172506738544474,0,0
1.727203369140625,0.3450240669779678,16.172506738544474,0,0
1.725860595703125,0.3440620358975031,16.172506738544474,0,0
1.72491455078125,0.34277278210209805,16.172506738544474,0,0
1.72296142578125,0.34115903180536283,16.172506738544474,0,0
1.720794677734375,0.3392230787409477,16.172506738544474,0,0
1.71905517578125,0.3369666313953094,16.172506738544474,0,0
1.716461181640625,0.3343907438290582,16.172506738544474,0,0
1.71368408203125,0.3314959147805874,16.172506738544474,0,0
1.71099853515625,0.3282822510262443,16.172506738544474,0,0
1.707916259765625,0.32474970530145186,16.172506738544474,0,0
1.70452880859375,0.3208984767571775,16.172506738544474,0,0
1.700958251953125,0.3167295227222963,16.172506738544474,0,0
1.6966552734375,0.3122450912057988,16.172506738544474,0,0
1.692108154296875,0.3074491894360082,16.172506738544474,0,0
1.687530517578125,0.30234794336909726,16.172506738544474,0,0
1.682373046875,0.29694992883901555,16.172506738544474,0,0
1.676544189453125,0.2912664956430997,16.172506738544474,0,0
1.6705322265625,0.28531193671797306,16.172506738544474,0,0
1.6640625,0.27910342457165316,16.172506738544474,0,0
1.657379150390625,0.2726607846006729,16.172506738544474,0,0
1.650482177734375,0.26600617423921047,16.172506738544474,0,0
1.643310546875,0.259163704391701,16.172506738544474,0,0
1.636138916015625,0.25215903242874105,16.172506738544474,0,0
1.62847900390625,0.24501893555734847,16.172506738544474,0,0
1.620819091796875,0.2377708305971093,16.172506738544474,0,0
1.61358642578125,0.23044224600225027,16.172506738544474,0,0
1.605743408203125,0.22306035837206006,16.172506738544474,0,0
1.598052978515625,0.21565160972729408,16.172506738544474,0,0
1.5906982421875,0.2082413149856617,16.172506738544474,0,0
1.583251953125,0.2008533157138213,16.172506738544474,0,0
1.575927734375,0.19350977160079216,16.172506738544474,0,0
1.56890869140625,0.18623105948516497,16.172506738544474,0,0
1.5616455078125,0.17903574918315768,16.172506738544474,0,0
1.554595947265625,0.17194061588283374,16.172506738544474,0,0
1.547698974609375,0.1649606235966043,16.172506738544474,0,0
1.540802001953125,0.15810888471046586,16.172506738544474,0,0
1.534027099609375,0.15139660973691738,16.172506738544474,0,0
1.527740478515625,0.14483304312781098,16.172506738544474,0,0
1.521270751953125,0.13842543569341964,16.172506738544474,0,0
1.5155029296875,0.13217909730791985,16.172506738544474,0,0
1.509552001953125,0.12609753701580256,16.172506738544474,0,0
1.50372314453125,0.12018266555812535,16.172506738544474,0,0
1.498138427734375,0.1144349735458435,16.172506738544474,0,0
1.49298095703125,0.1088536710824205,16.172506738544474,0,0
1.4876708984375,0.10343687892187346,16.172506738544474,0,0
1.4822998046875,0.09818184649267875,16.172506738544474,0,0
1.477447509765625,0.09308507314687495,16.172506738544474,0,0
1.472869873046875,0.08814237199985353,16.172506738544474,0,0
1.467926025390625,0.08334900332501827,16.172506738544474,0,0
1.4635009765625,0.07869982746483258,16.172506738544474,0,0
1.4591064453125,0.07418939366579815,16.172506738544474,0,0
1.45513916015625,0.06981204131297178,16.172506738544474,0,0
1.450439453125,0.06556204938628289,16.172506738544474,0,0
1.446502685546875,0.06143370383761021,16.172506738544474,0,0
1.44293212890625,0.05742126903753133,16.172506738544474,0,0
1.438812255859375,0.05351903644238595,16.172506738544474,0,0
1.43511962890625,0.04972143898055734,16.172506738544474,0,0
1.43115234375,0.04602306002960768,16.172506738544474,0,0
1.427764892578125,0.0424185322307437,16.172506738544474,0,0
1.42401123046875,0.03890242628268394,16.172506738544474,0,0
1.420806884765625,0.03546916834513203,16.172506738544474,0,0
1.417572021484375,0.032113001899676946,16.172506738544474,0,0
1.413970947265625,0.028827994016651284,16.172506738544474,0,0
1.410888671875,0.02560800180891272,16.172506738544474,0,0
1.407958984375,0.022446588051078388,16.172506738544474,0,0
1.40484619140625,0.019337011972967,16.172506738544474,0,0
1.40179443359375,0.016272296122122797,16.172506738544474,0,0
1.399169921875,0.013245283796064905,16.172506738544474,0,0
1.39642333984375,0.010248745315455582,16.172506738544474,0,0
1.393707275390625,0.007275600587099279,16.172506738544474,0,0
1.390777587890625,0.0043191748563960325,16.172506738544474,0,0
1.387908935546875,0.0013733746685444387,16.172506738544474,0,0
1.385101318359375,-0.0015672312730603197,16.172506738544474,0,0
1.382293701171875,-0.004507362375650442,16.172506738544474,0,0
1.37939453125,-0.007450962494056822,16.172506738544474,0,0
1.376953125,-0.010401110049466644,16.172506738544474,0,0
1.37384033203125,-0.013359876986274652,16.172506738544474,0,0
1.370880126953125,-0.016328194787299424,16.172506738544474,0,0
1.36822509765625,-0.01930581655314094,16.172506738544474,0,0
1.364715576171875,-0.022291342264626895,16.172506738544474,0,0
1.362091064453125,-0.025282293785908364,16.172506738544474,0,0
1.3587646484375,-0.028275252445522654,16.172506738544474,0,0
1.355987548828125,-0.03126599799070678,16.172506738544474,0,0
1.353118896484375,-0.03424960477097128,16.172506738544474,0,0
1.34979248046875,-0.03722050218971212,16.172506738544474,0,0
1.3468017578125,-0.04017258711220731,16.172506738544474,0,0
1.343780517578125,-0.04309944693252069,16.172506738544474,0,0
1.34075927734375,-0.04599460885035816,16.172506738544474,0,0
1.33819580078125,-0.048851733478292664,16.172506738544474,0,0
1.335205078125,-0.05166472578847819,16.172506738544474,0,0
1.33233642578125,-0.05442780708529492,16.172506738544474,0,0
1.329833984375,-0.05713563022527278,16.172506738544474,0,0
1.327178955078125,-0.05978339455638368,16.172506738544474,0,0
1.324493408203125,-0.06236690514785652,16.172506738544474,0,0
1.32232666015625,-0.0648826228647567,16.172506738544474,0,0
1.31982421875,-0.06732769193888227,16.172506738544474,0,0
1.317657470703125,-0.06969991047591986,16.172506738544474,0,0
1.315277099609375,-0.07199769749941565,16.172506738544474,0,0
1.313079833984375,-0.07422010708329962,16.172506738544474,0,0
1.311126708984375,-0.076366877759545,16.172506738544474,0,0
1.309051513671875,-0.07843846353481355,16.172506738544474,0,0
1.306488037109375,-0.08043607861717372,16.172506738544474,0,0
1.30462646484375,-0.08236189180578772,16.172506738544474,0,0
1.30316162109375,-0.08421930475463281,16.172506738544474,0,0
1.301727294921875,-0.08601303287972525,16.172506738544474,0,0
1.29931640625,-0.08774897777050975,16.172506738544474,0,0
1.298492431640625,-0.08943416137928571,16.172506738544474,0,0
1.29669189453125,-0.09107672423553634,16.172506738544474,0,0
1.29534912109375,-0.09268581761671235,16.172506738544474,0,0
1.294464111328125,-0.09427140986375497,16.172506738544474,0,0
1.292877197265625,-0.09584401469032319,16.172506738544474,0,0
1.29168701171875,-0.09741435769789346,16.172506738544474,0,0
1.2908935546875,-0.0989930537686809,16.172506738544474,0,0
1.289276123046875,-0.10059022881735634,16.172506738544474,0,0
1.28814697265625,-0.10221509938003737,16.172506738544474,0,0
1.286834716796875,-0.10387562214592774,16.172506738544474,0,0
1.28521728515625,-0.10557818978858556,16.172506738544474,0,0
1.283660888671875,-0.1073273735942692,16.172506738544474,0,0
1.28173828125,-0.10912578570740819,16.172506738544474,0,0
1.28021240234375,-0.11097404910491371,16.172506738544474,0,0
1.278076171875,-0.11287081078268128,16.172506738544474,0,0
1.276031494140625,-0.11481280420222266,16.172506738544474,0,0
1.274383544921875,-0.11679498520209791,16.172506738544474,0,0
1.272125244140625,-0.11881065834650963,16.172506738544474,0,0
1.269805908203125,-0.12085158798326241,16.172506738544474,0,0
1.2677001953125,-0.12290822465455625,16.172506738544474,0,0
1.265472412109375,-0.12497003098950846,16.172506738544474,0,0
1.263458251953125,-0.12702578090327796,16.172506738544474,0,0
1.261322021484375,-0.12906379599676904,16.172506738544474,0,0
1.259185791015625,-0.13107215237526365,16.172506738544474,0,0
1.257476806640625,-0.1330388780703945,16.172506738544474,0,0
1.25494384765625,-0.13495214107719483,16.172506738544474,0,0
1.253082275390625,-0.1368005009716754,16.172506738544474,0,0
1.251495361328125,-0.13857324434392887,16.172506738544474,0,0
1.25006103515625,-0.14026061634507567,16.172506738544474,0,0
1.2476806640625,-0.14185390354516444,16.172506738544474,0,0
1.246978759765625,-0.14334557307952248,16.172506738544474,0,0
1.244720458984375,-0.1447294940317584,16.172506738544474,0,0
1.244659423828125,-0.14600109683733492,16.172506738544474,0,0
1.242523193359375,-0.14715742291599276,16.172506738544474,0,0
1.242645263671875,-0.1481971108399397,16.172506738544474,0,0
1.2425537109375,-0.14912024747281996,16.172506738544474,0,0
1.239898681640625,-0.14992805427126785,16.172506738544474,0,0
1.240142822265625,-0.15062283540282273,16.172506738544474,0,0
1.24029541015625,-0.15120824558022417,16.172506738544474,0,0
1.2401123046875,-0.1516892250780727,16.172506738544474,0,0
1.239959716796875,-0.15207152716412856,16.172506738544474,0,0
1.239959716796875,-0.15236130936385314,16.172506738544474,0,0
1.240020751953125,-0.1525648853646908,16.172506738544474,0,0
1.240234375,-0.15268850569222883,16.172506738544474,0,0
1.239898681640625,-0.1527381625377026,16.172506738544474,0,0
1.240203857421875,-0.15271950975979243,16.172506738544474,0,0
1.24005126953125,-0.15263791162776946,16.172506738544474,0,0
1.239990234375,-0.15249857013531679,16.172506738544474,0,0
1.240447998046875,-0.1523067172613718,16.172506738544474,0,0
1.239959716796875,-0.1520678403383368,16.172506738544474,0,0
1.242340087890625,-0.15178781291410753,16.172506738544474,0,0
1.242462158203125,-0.15147265545611158,16.172506738544474,0,0
1.24285888671875,-0.1511279582970368,16.172506738544474,0,0
1.24267578125,-0.15075853517680018,16.172506738544474,0,0
1.24237060546875,-0.15036863418808913,16.172506738544474,0,0
1.244171142578125,-0.14996240599282532,16.172506738544474,0,0
1.245086669921875,-0.1495440421697682,16.172506738544474,0,0
1.245361328125,-0.14911738248621642,16.172506738544474,0,0
1.24517822265625,-0.14868554059364367,16.172506738544474,0,0
1.2452392578125,-0.14825105474753703,16.172506738544474,0,0
1.2467041015625,-0.1478163316679664,16.172506738544474,0,0
1.247344970703125,-0.14738381218120658,16.172506738544474,0,0
1.247589111328125,-0.14695574597105723,16.172506738544474,0,0
1.24761962890625,-0.14653403089606987,16.172506738544474,0,0
1.24737548828125,-0.14612045167742752,16.172506738544474,0,0
1.249664306640625,-0.14571708043512974,16.172506738544474,0,0
1.250213623046875,-0.14532625735701796,16.172506738544474,0,0
1.25006103515625,-0.14495009443035897,16.172506738544474,0,0
1.250152587890625,-0.14459019999425193,16.172506738544474,0,0
1.25,-0.14424797764033911,16.172506738544474,0,0
1.25213623046875,-0.1439250389474209,16.172506738544474,0,0
1.25225830078125,-0.14362315103107373,16.172506738544474,0,0
1.252410888671875,-0.14334379000663094,16.172506738544474,0,0
1.25250244140625,-0.14308790302154928,16.172506738544474,0,0
1.252471923828125,-0.1428560895740784,16.172506738544474,0,0
1.252105712890625,-0.14264898639734758,16.172506738544474,0,0
1.25469970703125,-0.14246757396179147,16.172506738544474,0,0
1.2548828125,-0.14231294066643702,16.172506738544474,0,0
1.255126953125,-0.1421855156343182,16.172506738544474,0,0
1.254791259765625,-0.14208451799212493,16.172506738544474,0,0
1.254913330078125,-0.14200798810055326,16.172506738544474,0,0
1.254730224609375,-0.14195309871875744,16.172506738544474,0,0
1.25494384765625,-0.14191646515826462,16.172506738544474,0,0
1.25482177734375,-0.14189438174159621,16.172506738544474,0,0
1.254913330078125,-0.14188300157480072,16.172506738544474,0,0
1.254913330078125,-0.14187849768966324,16.172506738544474,0,0
1.254669189453125,-0.14187723244991882,16.172506738544474,0,0
1.254852294921875,-0.14187596206737646,16.172506738544474,0,0
1.255218505859375,-0.14187201621192097,16.172506738544474,0,0
1.2548828125,-0.14186336269957128,16.172506738544474,0,0
1.25457763671875,-0.1418486900576919,16.172506738544474,0,0
1.25640869140625,-0.1418275534189622,16.172506738544474,0,0
1.2569580078125,-0.1418001658871245,16.172506738544474,0,0
1.257171630859375,-0.14176669079096754,16.172506738544474,0,0
1.25701904296875,-0.1417266036827203,16.172506738544474,0,0
1.2572021484375,-0.1416785220041411,16.172506738544474,0,0
1.257049560546875,-0.14162033049244588,16.172506738544474,0,0
1.257171630859375,-0.14154938272568132,16.172506738544474,0,0
1.25714111328125,-0.1414627238108606,16.172506738544474,0,0
1.257171630859375,-0.14135732305615412,16.172506738544474,0,0
1.257537841796875,-0.14123029442200064,16.172506738544474,0,0
1.257049560546875,-0.14107910089005707,16.172506738544474,0,0
1.257415771484375,-0.1409018184634198,16.172506738544474,0,0
1.25762939453125,-0.1406974620485749,16.172506738544474,0,0
1.259979248046875,-0.14046607397064326,16.172506738544474,0,0
1.259735107421875,-0.14020827545605963,16.172506738544474,0,0
1.259979248046875,-0.1399246125505572,16.172506738544474,0,0
1.259857177734375,-0.13961535121209717,16.172506738544474,0,0
1.260650634765625,-0.1392807420297873,16.172506738544474,0,0
1.26226806640625,-0.13892119328962066,16.172506738544474,0,0
1.262359619140625,-0.13853700544933895,16.172506738544474,0,0
1.26214599609375,-0.13812799978588128,16.172506738544474,0,0
1.264312744140625,-0.13769346095350643,16.172506738544474,0,0
1.26470947265625,-0.1372320636534044,16.172506738544474,0,0
1.264678955078125,-0.1367415317272221,16.172506738544474,0,0
1.266204833984375,-0.13621844898936553,16.172506738544474,0,0
1.26708984375,-0.13565823419202827,16.172506738544474,0,0
1.267059326171875,-0.13505498142505706,16.172506738544474,0,0
1.267578125,-0.13440143605271535,16.172506738544474,0,0
1.269622802734375,-0.13368923401136817,16.172506738544474,0,0
1.269622802734375,-0.13290897750153113,16.172506738544474,0,0
1.2698974609375,-0.13205019556493486,16.172506738544474,0,0
1.271881103515625,-0.13110159940307967,16.172506738544474,0,0
1.271881103515625,-0.1300514460919241,16.172506738544474,0,0
1.273529052734375,-0.12888778629206563,16.172506738544474,0,0
1.274658203125,-0.12759873906046237,16.172506738544474,0,0
1.27618408203125,-0.12617275486534185,16.172506738544474,0,0
1.277069091796875,-0.12459884607636164,16.172506738544474,0,0
1.279571533203125,-0.12286690508484345,16.172506738544474,0,0
1.2816162109375,-0.12096795602033475,16.172506738544474,0,0
1.28338623046875,-0.11889418745185962,16.172506738544474,0,0
1.285888671875,-0.11663897937845483,16.172506738544474,0,0
1.28814697265625,-0.11419707495538374,16.172506738544474,0,0
1.29083251953125,-0.11156479506259907,16.172506738544474,0,0
1.29425048828125,-0.10874020117304672,16.172506738544474,0,0
1.297515869140625,-0.10572310113672251,16.172506738544474,0,0
1.300537109375,-0.10251490701556489,16.172506738544474,0,0
1.304168701171875,-0.09911856422903634,16.172506738544474,0,0
1.307830810546875,-0.0955386211260576,16.172506738544474,0,0
1.311737060546875,-0.09178130318285109,16.172506738544474,0,0
1.31549072265625,-0.08785456339803287,16.172506738544474,0,0
1.3197021484375,-0.08376818782382597,16.172506738544474,0,0
1.323699951171875,-0.0795339714597898,16.172506738544474,0,0
1.328399658203125,-0.07516591357437123,16.172506738544474,0,0
1.332733154296875,-0.07068037222787713,16.172506738544474,0,0
1.33746337890625,-0.06609616762965971,16.172506738544474,0,0
1.342041015625,-0.061434682776030695,16.172506738544474,0,0
1.346832275390625,-0.05671998410753606,16.172506738544474,0,0
1.35186767578125,-0.051978922594221155,16.172506738544474,0,0
1.356689453125,-0.04724115428929103,16.172506738544474,0,0
1.3619384765625,-0.04253905501198277,16.172506738544474,0,0
1.3668212890625,-0.037907530383047575,16.172506738544474,0,0
1.372039794921875,-0.0333837149401755,16.172506738544474,0,0
